engine_id,cycle,timestamp,log_text,fault_type,severity
1,3,2024-01-05 07:00:00,system operating within normal parameters.,No Fault,0
1,10,2024-01-05 14:00:00,"Operator log: shift ended, machine running smoothly.",No Fault,0
1,11,2024-01-05 15:00:00,scheduled maintenance: oil level checked.,No Fault,0
1,12,2024-01-05 16:00:00,"operator log: shift ended, machine running smoothly.",No Fault,0
1,14,2024-01-05 18:00:00,Visual inspection passed.,No Fault,0
1,15,2024-01-05 19:00:00,System operating within normal parameters.,No Fault,0
1,16,2024-01-05 20:00:00,cooling system check: ok.,No Fault,0
1,18,2024-01-05 22:00:00,System operating within normal parameters.,No Fault,0
1,24,2024-01-06 04:00:00,cooling system check: ok.,No Fault,0
1,27,2024-01-06 07:00:00,Visual inspection passed.,No Fault,0
1,28,2024-01-06 08:00:00,System operating within normal parameters.,No Fault,0
1,29,2024-01-06 09:00:00,System operating within normal parameters.,No Fault,0
1,35,2024-01-06 15:00:00,Visual inspection passed.,No Fault,0
1,38,2024-01-06 18:00:00,Scheduled maintenance: oil level checked.,No Fault,0
1,42,2024-01-06 22:00:00,"Operator log: shift ended, machine running smoothly.",No Fault,0
1,45,2024-01-07 01:00:00,"sensors calibrated, readings normal.",No Fault,0
1,47,2024-01-07 03:00:00,cooling system check: ok.,No Fault,0
1,49,2024-01-07 05:00:00,Airflow obstruction in intake.,Fan/Compressor Issue,2
1,52,2024-01-07 08:00:00,"Routine check completed, no issues found.",No Fault,0
1,55,2024-01-07 11:00:00,cooling system check: ok.,No Fault,0
1,56,2024-01-07 12:00:00,"Routine check completed, no issues found.",No Fault,0
1,58,2024-01-07 14:00:00,"Routine check completed, no issues found.",No Fault,0
1,60,2024-01-07 16:00:00,Visual inspection passed.,No Fault,0
1,68,2024-01-08 00:00:00,System operating within normal parameters.,No Fault,0
1,71,2024-01-08 03:00:00,"sensors calibrated, readings normal.",No Fault,0
1,74,2024-01-08 06:00:00,Scheduled maintenance: oil level checked.,No Fault,0
1,76,2024-01-08 08:00:00,"Sensors calibrated, readings normal.",No Fault,0
1,77,2024-01-08 09:00:00,"Sensors calibrated, readings normal.",No Fault,0
1,78,2024-01-08 10:00:00,System operating within normal parameters.,No Fault,0
1,80,2024-01-08 12:00:00,cooling system check: ok.,No Fault,0
1,85,2024-01-08 17:00:00,scheduled maintenance: oil level checked.,No Fault,0
1,89,2024-01-08 21:00:00,Visual inspection passed.,No Fault,0
1,94,2024-01-09 02:00:00,"operator log: shift ended, machine running smoothly.",No Fault,0
1,96,2024-01-09 04:00:00,Scheduled maintenance: oil level checked.,No Fault,0
1,97,2024-01-09 05:00:00,"operator log: shift ended, machine running smoothly.",No Fault,0
1,98,2024-01-09 06:00:00,"Sensors calibrated, readings normal.",No Fault,0
1,101,2024-01-09 09:00:00,"sensors calibrated, readings normal.",No Fault,0
1,104,2024-01-09 12:00:00,Cooling system check: OK.,No Fault,0
1,109,2024-01-09 17:00:00,System operating within normal parameters.,No Fault,0
1,113,2024-01-09 21:00:00,"sensors calibrated, readings normal.",No Fault,0
1,116,2024-01-10 00:00:00,"Sensors calibrated, readings normal.",No Fault,0
1,119,2024-01-10 03:00:00,Visual inspection passed.,No Fault,0
1,120,2024-01-10 04:00:00,Heat exchanger efficiency low.,Overheating,3
1,121,2024-01-10 05:00:00,Bearing temperature exceeding threshold.,Bearing Issue,2
1,128,2024-01-10 12:00:00,Compressor efficiency dropped below 85%.,Fan/Compressor Issue,2
1,129,2024-01-10 13:00:00,Cooling system check: OK.,No Fault,0
1,134,2024-01-10 18:00:00,overheating warning in high pressure turbine.,Overheating,3
1,138,2024-01-10 22:00:00,Cooling system check: OK.,No Fault,0
1,144,2024-01-11 04:00:00,"Coolant pressure drop, potential leak.",Overheating,3
1,148,2024-01-11 08:00:00,Fan blade vibration high.,Fan/Compressor Issue,2
1,149,2024-01-11 09:00:00,"lubrication low, potential bearing wear.",Bearing Issue,2
1,150,2024-01-11 10:00:00,compressor efficiency dropped below 85%.,Fan/Compressor Issue,2
2,1,2024-01-09 09:00:00,System operating within normal parameters.,No Fault,0
2,11,2024-01-09 19:00:00,"Operator log: shift ended, machine running smoothly.",No Fault,0
2,18,2024-01-10 02:00:00,"Coolant pressure drop, potential leak.",Overheating,3
2,23,2024-01-10 07:00:00,visual inspection passed.,No Fault,0
2,31,2024-01-10 15:00:00,Cooling system check: OK.,No Fault,0
2,32,2024-01-10 16:00:00,"Routine check completed, no issues found.",No Fault,0
2,41,2024-01-11 01:00:00,Cooling system check: OK.,No Fault,0
2,42,2024-01-11 02:00:00,Airflow obstruction in intake.,Fan/Compressor Issue,2
2,50,2024-01-11 10:00:00,cooling system check: ok.,No Fault,0
2,52,2024-01-11 12:00:00,visual inspection passed.,No Fault,0
2,55,2024-01-11 15:00:00,Cooling system check: OK.,No Fault,0
2,70,2024-01-12 06:00:00,System operating within normal parameters.,No Fault,0
2,74,2024-01-12 10:00:00,High vibration detected in main bearing.,Bearing Issue,2
2,75,2024-01-12 11:00:00,system operating within normal parameters.,No Fault,0
2,78,2024-01-12 14:00:00,System operating within normal parameters.,No Fault,0
2,79,2024-01-12 15:00:00,"Coolant pressure drop, potential leak.",Overheating,3
2,80,2024-01-12 16:00:00,"Routine check completed, no issues found.",No Fault,0
2,91,2024-01-13 03:00:00,visual inspection passed.,No Fault,0
2,92,2024-01-13 04:00:00,Visual inspection passed.,No Fault,0
2,93,2024-01-13 05:00:00,high vibration detected in main bearing.,Bearing Issue,2
2,100,2024-01-13 12:00:00,Cooling system check: OK.,No Fault,0
2,104,2024-01-13 16:00:00,"Operator log: shift ended, machine running smoothly.",No Fault,0
2,105,2024-01-13 17:00:00,"Operator log: shift ended, machine running smoothly.",No Fault,0
2,120,2024-01-14 08:00:00,"Routine check completed, no issues found.",No Fault,0
2,125,2024-01-14 13:00:00,visual inspection passed.,No Fault,0
2,127,2024-01-14 15:00:00,System operating within normal parameters.,No Fault,0
2,130,2024-01-14 18:00:00,"routine check completed, no issues found.",No Fault,0
2,131,2024-01-14 19:00:00,"Lubrication low, potential bearing wear.",Bearing Issue,2
2,132,2024-01-14 20:00:00,"routine check completed, no issues found.",No Fault,0
2,135,2024-01-14 23:00:00,Cooling system check: OK.,No Fault,0
2,139,2024-01-15 03:00:00,Compressor stall detected.,Fan/Compressor Issue,2
2,141,2024-01-15 05:00:00,high vibration detected in main bearing.,Bearing Issue,2
2,143,2024-01-15 07:00:00,scheduled maintenance: oil level checked.,No Fault,0
2,146,2024-01-15 10:00:00,"Routine check completed, no issues found.",No Fault,0
2,147,2024-01-15 11:00:00,Scheduled maintenance: oil level checked.,No Fault,0
2,153,2024-01-15 17:00:00,Visual inspection passed.,No Fault,0
2,166,2024-01-16 06:00:00,"Operator log: shift ended, machine running smoothly.",No Fault,0
2,167,2024-01-16 07:00:00,Scheduled maintenance: oil level checked.,No Fault,0
2,169,2024-01-16 09:00:00,"Sensors calibrated, readings normal.",No Fault,0
2,171,2024-01-16 11:00:00,airflow obstruction in intake.,Fan/Compressor Issue,2
2,177,2024-01-16 17:00:00,"Abnormal sound from shaft, suspect bearing damage.",Bearing Issue,2
2,178,2024-01-16 18:00:00,Visual inspection passed.,No Fault,0
2,183,2024-01-16 23:00:00,Compressor stall detected.,Fan/Compressor Issue,2
2,185,2024-01-17 01:00:00,cooling system check: ok.,No Fault,0
2,186,2024-01-17 02:00:00,Visual inspection passed.,No Fault,0
2,193,2024-01-17 09:00:00,Compressor stall detected.,Fan/Compressor Issue,2
2,198,2024-01-17 14:00:00,"Abnormal sound from shaft, suspect bearing damage.",Bearing Issue,2
2,200,2024-01-17 16:00:00,overheating warning in high pressure turbine.,Overheating,3
2,201,2024-01-17 17:00:00,Vibration analysis indicates inner race fault.,Bearing Issue,2
2,202,2024-01-17 18:00:00,Bearing temperature exceeding threshold.,Bearing Issue,2
2,213,2024-01-18 05:00:00,"Routine check completed, no issues found.",No Fault,0
2,217,2024-01-18 09:00:00,"operator log: shift ended, machine running smoothly.",No Fault,0
2,218,2024-01-18 10:00:00,Compressor efficiency dropped below 85%.,Fan/Compressor Issue,2
2,229,2024-01-18 21:00:00,Vibration analysis indicates inner race fault.,Bearing Issue,2
3,5,2024-01-13 17:00:00,Visual inspection passed.,No Fault,0
3,7,2024-01-13 19:00:00,"Routine check completed, no issues found.",No Fault,0
3,11,2024-01-13 23:00:00,scheduled maintenance: oil level checked.,No Fault,0
3,12,2024-01-14 00:00:00,Surge detected in low pressure compressor.,Fan/Compressor Issue,2
3,20,2024-01-14 08:00:00,"routine check completed, no issues found.",No Fault,0
3,25,2024-01-14 13:00:00,System operating within normal parameters.,No Fault,0
3,30,2024-01-14 18:00:00,airflow obstruction in intake.,Fan/Compressor Issue,2
3,33,2024-01-14 21:00:00,scheduled maintenance: oil level checked.,No Fault,0
3,50,2024-01-15 14:00:00,"Sensors calibrated, readings normal.",No Fault,0
3,52,2024-01-15 16:00:00,"Routine check completed, no issues found.",No Fault,0
3,59,2024-01-15 23:00:00,Visual inspection passed.,No Fault,0
3,64,2024-01-16 04:00:00,"Operator log: shift ended, machine running smoothly.",No Fault,0
3,73,2024-01-16 13:00:00,"Sensors calibrated, readings normal.",No Fault,0
3,74,2024-01-16 14:00:00,System operating within normal parameters.,No Fault,0
3,80,2024-01-16 20:00:00,Scheduled maintenance: oil level checked.,No Fault,0
3,83,2024-01-16 23:00:00,Scheduled maintenance: oil level checked.,No Fault,0
3,85,2024-01-17 01:00:00,"Operator log: shift ended, machine running smoothly.",No Fault,0
3,89,2024-01-17 05:00:00,System operating within normal parameters.,No Fault,0
3,90,2024-01-17 06:00:00,Scheduled maintenance: oil level checked.,No Fault,0
3,117,2024-01-18 09:00:00,System operating within normal parameters.,No Fault,0
3,118,2024-01-18 10:00:00,Visual inspection passed.,No Fault,0
3,123,2024-01-18 15:00:00,visual inspection passed.,No Fault,0
3,127,2024-01-18 19:00:00,scheduled maintenance: oil level checked.,No Fault,0
3,132,2024-01-19 00:00:00,Scheduled maintenance: oil level checked.,No Fault,0
3,133,2024-01-19 01:00:00,"Sensors calibrated, readings normal.",No Fault,0
3,138,2024-01-19 06:00:00,system operating within normal parameters.,No Fault,0
3,143,2024-01-19 11:00:00,Visual inspection passed.,No Fault,0
3,144,2024-01-19 12:00:00,High vibration detected in main bearing.,Bearing Issue,2
3,148,2024-01-19 16:00:00,"Sensors calibrated, readings normal.",No Fault,0
3,156,2024-01-20 00:00:00,system operating within normal parameters.,No Fault,0
3,161,2024-01-20 05:00:00,Airflow obstruction in intake.,Fan/Compressor Issue,2
3,164,2024-01-20 08:00:00,Visual inspection passed.,No Fault,0
3,166,2024-01-20 10:00:00,fan blade vibration high.,Fan/Compressor Issue,2
3,169,2024-01-20 13:00:00,System operating within normal parameters.,No Fault,0
3,180,2024-01-21 00:00:00,"Operator log: shift ended, machine running smoothly.",No Fault,0
3,187,2024-01-21 07:00:00,"Sensors calibrated, readings normal.",No Fault,0
3,191,2024-01-21 11:00:00,Compressor efficiency dropped below 85%.,Fan/Compressor Issue,2
3,194,2024-01-21 14:00:00,"Operator log: shift ended, machine running smoothly.",No Fault,0
3,196,2024-01-21 16:00:00,Visual inspection passed.,No Fault,0
3,201,2024-01-21 21:00:00,"Lubrication low, potential bearing wear.",Bearing Issue,2
3,217,2024-01-22 13:00:00,"Thermal runaway risk, shutdown initiated for cooling.",Overheating,3
3,222,2024-01-22 18:00:00,surge detected in low pressure compressor.,Fan/Compressor Issue,2
3,229,2024-01-23 01:00:00,"operator log: shift ended, machine running smoothly.",No Fault,0
3,236,2024-01-23 08:00:00,overheating warning in high pressure turbine.,Overheating,3
3,239,2024-01-23 11:00:00,Cooling system check: OK.,No Fault,0
3,245,2024-01-23 17:00:00,Fan blade vibration high.,Fan/Compressor Issue,2
3,248,2024-01-23 20:00:00,"Routine check completed, no issues found.",No Fault,0
3,249,2024-01-23 21:00:00,Audible noise reported from bearing housing.,Bearing Issue,2
3,250,2024-01-23 22:00:00,Temperature sensor T2 reading critical high.,Overheating,3
4,5,2024-01-17 21:00:00,"operator log: shift ended, machine running smoothly.",No Fault,0
4,25,2024-01-18 17:00:00,"sensors calibrated, readings normal.",No Fault,0
4,31,2024-01-18 23:00:00,System operating within normal parameters.,No Fault,0
4,41,2024-01-19 09:00:00,cooling system check: ok.,No Fault,0
4,48,2024-01-19 16:00:00,"Routine check completed, no issues found.",No Fault,0
4,52,2024-01-19 20:00:00,"operator log: shift ended, machine running smoothly.",No Fault,0
4,67,2024-01-20 11:00:00,"Operator log: shift ended, machine running smoothly.",No Fault,0
4,71,2024-01-20 15:00:00,"Operator log: shift ended, machine running smoothly.",No Fault,0
4,73,2024-01-20 17:00:00,"Routine check completed, no issues found.",No Fault,0
4,81,2024-01-21 01:00:00,"Operator log: shift ended, machine running smoothly.",No Fault,0
4,82,2024-01-21 02:00:00,"Operator log: shift ended, machine running smoothly.",No Fault,0
4,100,2024-01-21 20:00:00,scheduled maintenance: oil level checked.,No Fault,0
4,103,2024-01-21 23:00:00,scheduled maintenance: oil level checked.,No Fault,0
4,111,2024-01-22 07:00:00,Scheduled maintenance: oil level checked.,No Fault,0
4,113,2024-01-22 09:00:00,Visual inspection passed.,No Fault,0
4,119,2024-01-22 15:00:00,scheduled maintenance: oil level checked.,No Fault,0
4,130,2024-01-23 02:00:00,heat exchanger efficiency low.,Overheating,3
4,139,2024-01-23 11:00:00,Scheduled maintenance: oil level checked.,No Fault,0
4,143,2024-01-23 15:00:00,Visual inspection passed.,No Fault,0
4,145,2024-01-23 17:00:00,Audible noise reported from bearing housing.,Bearing Issue,2
4,157,2024-01-24 05:00:00,compressor efficiency dropped below 85%.,Fan/Compressor Issue,2
4,162,2024-01-24 10:00:00,"operator log: shift ended, machine running smoothly.",No Fault,0
4,187,2024-01-25 11:00:00,"Operator log: shift ended, machine running smoothly.",No Fault,0
4,188,2024-01-25 12:00:00,"abnormal sound from shaft, suspect bearing damage.",Bearing Issue,2
4,200,2024-01-26 00:00:00,"Operator log: shift ended, machine running smoothly.",No Fault,0
4,201,2024-01-26 01:00:00,Exhaust gas temperature warning.,Overheating,3
4,205,2024-01-26 05:00:00,"Lubrication low, potential bearing wear.",Bearing Issue,2
4,207,2024-01-26 07:00:00,"Routine check completed, no issues found.",No Fault,0
4,218,2024-01-26 18:00:00,"Coolant pressure drop, potential leak.",Overheating,3
4,236,2024-01-27 12:00:00,Bearing temperature exceeding threshold.,Bearing Issue,2
4,248,2024-01-28 00:00:00,Exhaust gas temperature warning.,Overheating,3
4,252,2024-01-28 04:00:00,Airflow obstruction in intake.,Fan/Compressor Issue,2
4,255,2024-01-28 07:00:00,vibration analysis indicates inner race fault.,Bearing Issue,2
4,265,2024-01-28 17:00:00,Fan balance check failed.,Fan/Compressor Issue,2
5,2,2024-01-21 22:00:00,Cooling system check: OK.,No Fault,0
5,6,2024-01-22 02:00:00,"routine check completed, no issues found.",No Fault,0
5,7,2024-01-22 03:00:00,"Sensors calibrated, readings normal.",No Fault,0
5,12,2024-01-22 08:00:00,Cooling system check: OK.,No Fault,0
5,14,2024-01-22 10:00:00,System operating within normal parameters.,No Fault,0
5,16,2024-01-22 12:00:00,visual inspection passed.,No Fault,0
5,30,2024-01-23 02:00:00,system operating within normal parameters.,No Fault,0
5,32,2024-01-23 04:00:00,"Sensors calibrated, readings normal.",No Fault,0
5,42,2024-01-23 14:00:00,Cooling system check: OK.,No Fault,0
5,48,2024-01-23 20:00:00,"routine check completed, no issues found.",No Fault,0
5,50,2024-01-23 22:00:00,"abnormal sound from shaft, suspect bearing damage.",Bearing Issue,2
5,56,2024-01-24 04:00:00,Scheduled maintenance: oil level checked.,No Fault,0
5,72,2024-01-24 20:00:00,"Sensors calibrated, readings normal.",No Fault,0
5,83,2024-01-25 07:00:00,"sensors calibrated, readings normal.",No Fault,0
5,86,2024-01-25 10:00:00,system operating within normal parameters.,No Fault,0
5,90,2024-01-25 14:00:00,"Routine check completed, no issues found.",No Fault,0
5,96,2024-01-25 20:00:00,"abnormal sound from shaft, suspect bearing damage.",Bearing Issue,2
5,97,2024-01-25 21:00:00,Cooling system check: OK.,No Fault,0
5,102,2024-01-26 02:00:00,Scheduled maintenance: oil level checked.,No Fault,0
5,103,2024-01-26 03:00:00,Visual inspection passed.,No Fault,0
5,104,2024-01-26 04:00:00,Scheduled maintenance: oil level checked.,No Fault,0
5,111,2024-01-26 11:00:00,Scheduled maintenance: oil level checked.,No Fault,0
5,113,2024-01-26 13:00:00,Fan balance check failed.,Fan/Compressor Issue,2
5,115,2024-01-26 15:00:00,"Sensors calibrated, readings normal.",No Fault,0
5,121,2024-01-26 21:00:00,Visual inspection passed.,No Fault,0
5,122,2024-01-26 22:00:00,"Operator log: shift ended, machine running smoothly.",No Fault,0
5,124,2024-01-27 00:00:00,"operator log: shift ended, machine running smoothly.",No Fault,0
5,128,2024-01-27 04:00:00,"operator log: shift ended, machine running smoothly.",No Fault,0
5,131,2024-01-27 07:00:00,system operating within normal parameters.,No Fault,0
5,132,2024-01-27 08:00:00,temperature sensor t2 reading critical high.,Overheating,3
5,137,2024-01-27 13:00:00,Cooling system check: OK.,No Fault,0
5,145,2024-01-27 21:00:00,overheating warning in high pressure turbine.,Overheating,3
5,150,2024-01-28 02:00:00,Vibration analysis indicates inner race fault.,Bearing Issue,2
5,151,2024-01-28 03:00:00,System operating within normal parameters.,No Fault,0
5,153,2024-01-28 05:00:00,heat exchanger efficiency low.,Overheating,3
5,155,2024-01-28 07:00:00,"Operator log: shift ended, machine running smoothly.",No Fault,0
5,156,2024-01-28 08:00:00,System operating within normal parameters.,No Fault,0
5,159,2024-01-28 11:00:00,"routine check completed, no issues found.",No Fault,0
5,164,2024-01-28 16:00:00,"sensors calibrated, readings normal.",No Fault,0
5,169,2024-01-28 21:00:00,Cooling system check: OK.,No Fault,0
5,175,2024-01-29 03:00:00,"Routine check completed, no issues found.",No Fault,0
5,186,2024-01-29 14:00:00,Visual inspection passed.,No Fault,0
5,188,2024-01-29 16:00:00,"operator log: shift ended, machine running smoothly.",No Fault,0
5,192,2024-01-29 20:00:00,Exhaust gas temperature warning.,Overheating,3
5,193,2024-01-29 21:00:00,Cooling system check: OK.,No Fault,0
5,195,2024-01-29 23:00:00,Vibration analysis indicates inner race fault.,Bearing Issue,2
5,196,2024-01-30 00:00:00,"Coolant pressure drop, potential leak.",Overheating,3
5,197,2024-01-30 01:00:00,Fan blade vibration high.,Fan/Compressor Issue,2
5,198,2024-01-30 02:00:00,Fan blade vibration high.,Fan/Compressor Issue,2
5,200,2024-01-30 04:00:00,Overheating warning in high pressure turbine.,Overheating,3
5,201,2024-01-30 05:00:00,overheating warning in high pressure turbine.,Overheating,3
5,210,2024-01-30 14:00:00,"Coolant pressure drop, potential leak.",Overheating,3
5,213,2024-01-30 17:00:00,Overheating warning in high pressure turbine.,Overheating,3
6,4,2024-01-26 04:00:00,Cooling system check: OK.,No Fault,0
6,12,2024-01-26 12:00:00,Visual inspection passed.,No Fault,0
6,20,2024-01-26 20:00:00,"Sensors calibrated, readings normal.",No Fault,0
6,24,2024-01-27 00:00:00,Visual inspection passed.,No Fault,0
6,25,2024-01-27 01:00:00,"Operator log: shift ended, machine running smoothly.",No Fault,0
6,32,2024-01-27 08:00:00,Cooling system check: OK.,No Fault,0
6,33,2024-01-27 09:00:00,"Operator log: shift ended, machine running smoothly.",No Fault,0
6,36,2024-01-27 12:00:00,Cooling system check: OK.,No Fault,0
6,37,2024-01-27 13:00:00,cooling system check: ok.,No Fault,0
6,39,2024-01-27 15:00:00,"Operator log: shift ended, machine running smoothly.",No Fault,0
6,50,2024-01-28 02:00:00,scheduled maintenance: oil level checked.,No Fault,0
6,51,2024-01-28 03:00:00,"lubrication low, potential bearing wear.",Bearing Issue,2
6,56,2024-01-28 08:00:00,"Routine check completed, no issues found.",No Fault,0
6,57,2024-01-28 09:00:00,fan blade vibration high.,Fan/Compressor Issue,2
6,58,2024-01-28 10:00:00,"sensors calibrated, readings normal.",No Fault,0
6,60,2024-01-28 12:00:00,"routine check completed, no issues found.",No Fault,0
6,72,2024-01-29 00:00:00,System operating within normal parameters.,No Fault,0
6,73,2024-01-29 01:00:00,cooling system check: ok.,No Fault,0
6,74,2024-01-29 02:00:00,"operator log: shift ended, machine running smoothly.",No Fault,0
6,76,2024-01-29 04:00:00,"sensors calibrated, readings normal.",No Fault,0
6,78,2024-01-29 06:00:00,Temperature sensor T2 reading critical high.,Overheating,3
6,80,2024-01-29 08:00:00,Cooling system check: OK.,No Fault,0
6,88,2024-01-29 16:00:00,Scheduled maintenance: oil level checked.,No Fault,0
6,93,2024-01-29 21:00:00,"operator log: shift ended, machine running smoothly.",No Fault,0
6,96,2024-01-30 00:00:00,Scheduled maintenance: oil level checked.,No Fault,0
6,105,2024-01-30 09:00:00,"operator log: shift ended, machine running smoothly.",No Fault,0
6,106,2024-01-30 10:00:00,High vibration detected in main bearing.,Bearing Issue,2
6,113,2024-01-30 17:00:00,"Sensors calibrated, readings normal.",No Fault,0
6,116,2024-01-30 20:00:00,"routine check completed, no issues found.",No Fault,0
6,118,2024-01-30 22:00:00,"Routine check completed, no issues found.",No Fault,0
6,119,2024-01-30 23:00:00,"Sensors calibrated, readings normal.",No Fault,0
6,121,2024-01-31 01:00:00,System operating within normal parameters.,No Fault,0
6,126,2024-01-31 06:00:00,High vibration detected in main bearing.,Bearing Issue,2
6,131,2024-01-31 11:00:00,"Routine check completed, no issues found.",No Fault,0
6,137,2024-01-31 17:00:00,high vibration detected in main bearing.,Bearing Issue,2
6,143,2024-01-31 23:00:00,"Sensors calibrated, readings normal.",No Fault,0
6,147,2024-02-01 03:00:00,Scheduled maintenance: oil level checked.,No Fault,0
6,156,2024-02-01 12:00:00,compressor efficiency dropped below 85%.,Fan/Compressor Issue,2
6,165,2024-02-01 21:00:00,airflow obstruction in intake.,Fan/Compressor Issue,2
6,169,2024-02-02 01:00:00,Exhaust gas temperature warning.,Overheating,3
6,173,2024-02-02 05:00:00,Cooling system check: OK.,No Fault,0
6,175,2024-02-02 07:00:00,"abnormal sound from shaft, suspect bearing damage.",Bearing Issue,2
7,4,2024-01-30 08:00:00,cooling system check: ok.,No Fault,0
7,5,2024-01-30 09:00:00,"sensors calibrated, readings normal.",No Fault,0
7,6,2024-01-30 10:00:00,System operating within normal parameters.,No Fault,0
7,7,2024-01-30 11:00:00,system operating within normal parameters.,No Fault,0
7,8,2024-01-30 12:00:00,"operator log: shift ended, machine running smoothly.",No Fault,0
7,10,2024-01-30 14:00:00,High vibration detected in main bearing.,Bearing Issue,2
7,17,2024-01-30 21:00:00,"Routine check completed, no issues found.",No Fault,0
7,20,2024-01-31 00:00:00,scheduled maintenance: oil level checked.,No Fault,0
7,21,2024-01-31 01:00:00,cooling system check: ok.,No Fault,0
7,34,2024-01-31 14:00:00,"Sensors calibrated, readings normal.",No Fault,0
7,37,2024-01-31 17:00:00,"Routine check completed, no issues found.",No Fault,0
7,38,2024-01-31 18:00:00,System operating within normal parameters.,No Fault,0
7,41,2024-01-31 21:00:00,"Routine check completed, no issues found.",No Fault,0
7,44,2024-02-01 00:00:00,"Routine check completed, no issues found.",No Fault,0
7,45,2024-02-01 01:00:00,Scheduled maintenance: oil level checked.,No Fault,0
7,46,2024-02-01 02:00:00,System operating within normal parameters.,No Fault,0
7,48,2024-02-01 04:00:00,"Operator log: shift ended, machine running smoothly.",No Fault,0
7,53,2024-02-01 09:00:00,system operating within normal parameters.,No Fault,0
7,54,2024-02-01 10:00:00,Scheduled maintenance: oil level checked.,No Fault,0
7,58,2024-02-01 14:00:00,Visual inspection passed.,No Fault,0
7,61,2024-02-01 17:00:00,visual inspection passed.,No Fault,0
7,63,2024-02-01 19:00:00,"Routine check completed, no issues found.",No Fault,0
7,67,2024-02-01 23:00:00,Scheduled maintenance: oil level checked.,No Fault,0
7,73,2024-02-02 05:00:00,Visual inspection passed.,No Fault,0
7,78,2024-02-02 10:00:00,"Operator log: shift ended, machine running smoothly.",No Fault,0
7,82,2024-02-02 14:00:00,Scheduled maintenance: oil level checked.,No Fault,0
7,84,2024-02-02 16:00:00,Scheduled maintenance: oil level checked.,No Fault,0
7,85,2024-02-02 17:00:00,Temperature sensor T2 reading critical high.,Overheating,3
7,89,2024-02-02 21:00:00,"Routine check completed, no issues found.",No Fault,0
7,90,2024-02-02 22:00:00,"Routine check completed, no issues found.",No Fault,0
7,91,2024-02-02 23:00:00,visual inspection passed.,No Fault,0
7,92,2024-02-03 00:00:00,Scheduled maintenance: oil level checked.,No Fault,0
7,94,2024-02-03 02:00:00,Airflow obstruction in intake.,Fan/Compressor Issue,2
7,98,2024-02-03 06:00:00,Scheduled maintenance: oil level checked.,No Fault,0
7,100,2024-02-03 08:00:00,"Lubrication low, potential bearing wear.",Bearing Issue,2
7,102,2024-02-03 10:00:00,"Operator log: shift ended, machine running smoothly.",No Fault,0
7,108,2024-02-03 16:00:00,bearing temperature exceeding threshold.,Bearing Issue,2
7,111,2024-02-03 19:00:00,Scheduled maintenance: oil level checked.,No Fault,0
7,116,2024-02-04 00:00:00,Audible noise reported from bearing housing.,Bearing Issue,2
7,120,2024-02-04 04:00:00,Visual inspection passed.,No Fault,0
7,121,2024-02-04 05:00:00,Visual inspection passed.,No Fault,0
7,124,2024-02-04 08:00:00,Bearing temperature exceeding threshold.,Bearing Issue,2
7,126,2024-02-04 10:00:00,system operating within normal parameters.,No Fault,0
7,128,2024-02-04 12:00:00,Cooling system check: OK.,No Fault,0
7,133,2024-02-04 17:00:00,Overheating warning in high pressure turbine.,Overheating,3
7,136,2024-02-04 20:00:00,"routine check completed, no issues found.",No Fault,0
7,138,2024-02-04 22:00:00,Overheating warning in high pressure turbine.,Overheating,3
7,140,2024-02-05 00:00:00,Cooling system check: OK.,No Fault,0
7,141,2024-02-05 01:00:00,Fan blade vibration high.,Fan/Compressor Issue,2
7,146,2024-02-05 06:00:00,Fan blade vibration high.,Fan/Compressor Issue,2
7,147,2024-02-05 07:00:00,"Abnormal sound from shaft, suspect bearing damage.",Bearing Issue,2
7,150,2024-02-05 10:00:00,high vibration detected in main bearing.,Bearing Issue,2
7,153,2024-02-05 13:00:00,fan blade vibration high.,Fan/Compressor Issue,2
7,158,2024-02-05 18:00:00,Overheating warning in high pressure turbine.,Overheating,3
8,3,2024-02-03 11:00:00,airflow obstruction in intake.,Fan/Compressor Issue,2
8,37,2024-02-04 21:00:00,"Sensors calibrated, readings normal.",No Fault,0
8,48,2024-02-05 08:00:00,System operating within normal parameters.,No Fault,0
8,53,2024-02-05 13:00:00,Scheduled maintenance: oil level checked.,No Fault,0
8,63,2024-02-05 23:00:00,System operating within normal parameters.,No Fault,0
8,67,2024-02-06 03:00:00,Visual inspection passed.,No Fault,0
8,82,2024-02-06 18:00:00,Cooling system check: OK.,No Fault,0
8,83,2024-02-06 19:00:00,Cooling system check: OK.,No Fault,0
8,85,2024-02-06 21:00:00,"Sensors calibrated, readings normal.",No Fault,0
8,89,2024-02-07 01:00:00,"Routine check completed, no issues found.",No Fault,0
8,94,2024-02-07 06:00:00,Visual inspection passed.,No Fault,0
8,102,2024-02-07 14:00:00,"operator log: shift ended, machine running smoothly.",No Fault,0
8,111,2024-02-07 23:00:00,"Sensors calibrated, readings normal.",No Fault,0
8,113,2024-02-08 01:00:00,"routine check completed, no issues found.",No Fault,0
8,141,2024-02-09 05:00:00,"Sensors calibrated, readings normal.",No Fault,0
8,143,2024-02-09 07:00:00,Temperature sensor T2 reading critical high.,Overheating,3
8,144,2024-02-09 08:00:00,system operating within normal parameters.,No Fault,0
8,150,2024-02-09 14:00:00,"routine check completed, no issues found.",No Fault,0
8,160,2024-02-10 00:00:00,visual inspection passed.,No Fault,0
8,167,2024-02-10 07:00:00,Cooling system check: OK.,No Fault,0
8,169,2024-02-10 09:00:00,cooling system check: ok.,No Fault,0
8,172,2024-02-10 12:00:00,temperature sensor t2 reading critical high.,Overheating,3
8,180,2024-02-10 20:00:00,system operating within normal parameters.,No Fault,0
8,208,2024-02-12 00:00:00,"Sensors calibrated, readings normal.",No Fault,0
8,214,2024-02-12 06:00:00,Cooling system check: OK.,No Fault,0
8,220,2024-02-12 12:00:00,Vibration analysis indicates inner race fault.,Bearing Issue,2
8,221,2024-02-12 13:00:00,Compressor stall detected.,Fan/Compressor Issue,2
8,233,2024-02-13 01:00:00,"Thermal runaway risk, shutdown initiated for cooling.",Overheating,3
8,235,2024-02-13 03:00:00,system operating within normal parameters.,No Fault,0
8,240,2024-02-13 08:00:00,Overheating warning in high pressure turbine.,Overheating,3
8,256,2024-02-14 00:00:00,Compressor efficiency dropped below 85%.,Fan/Compressor Issue,2
8,258,2024-02-14 02:00:00,Airflow obstruction in intake.,Fan/Compressor Issue,2
9,1,2024-02-07 13:00:00,"Sensors calibrated, readings normal.",No Fault,0
9,9,2024-02-07 21:00:00,Overheating warning in high pressure turbine.,Overheating,3
9,10,2024-02-07 22:00:00,Cooling system check: OK.,No Fault,0
9,14,2024-02-08 02:00:00,"Routine check completed, no issues found.",No Fault,0
9,18,2024-02-08 06:00:00,cooling system check: ok.,No Fault,0
9,21,2024-02-08 09:00:00,System operating within normal parameters.,No Fault,0
9,29,2024-02-08 17:00:00,Visual inspection passed.,No Fault,0
9,31,2024-02-08 19:00:00,Visual inspection passed.,No Fault,0
9,32,2024-02-08 20:00:00,Cooling system check: OK.,No Fault,0
9,36,2024-02-09 00:00:00,"routine check completed, no issues found.",No Fault,0
9,42,2024-02-09 06:00:00,"Sensors calibrated, readings normal.",No Fault,0
9,46,2024-02-09 10:00:00,"Sensors calibrated, readings normal.",No Fault,0
9,51,2024-02-09 15:00:00,"Operator log: shift ended, machine running smoothly.",No Fault,0
9,58,2024-02-09 22:00:00,Visual inspection passed.,No Fault,0
9,69,2024-02-10 09:00:00,system operating within normal parameters.,No Fault,0
9,70,2024-02-10 10:00:00,"Operator log: shift ended, machine running smoothly.",No Fault,0
9,71,2024-02-10 11:00:00,Cooling system check: OK.,No Fault,0
9,76,2024-02-10 16:00:00,Scheduled maintenance: oil level checked.,No Fault,0
9,77,2024-02-10 17:00:00,"Sensors calibrated, readings normal.",No Fault,0
9,80,2024-02-10 20:00:00,Audible noise reported from bearing housing.,Bearing Issue,2
9,90,2024-02-11 06:00:00,visual inspection passed.,No Fault,0
9,98,2024-02-11 14:00:00,"Routine check completed, no issues found.",No Fault,0
9,101,2024-02-11 17:00:00,System operating within normal parameters.,No Fault,0
9,104,2024-02-11 20:00:00,Scheduled maintenance: oil level checked.,No Fault,0
9,107,2024-02-11 23:00:00,"Routine check completed, no issues found.",No Fault,0
9,110,2024-02-12 02:00:00,Cooling system check: OK.,No Fault,0
9,111,2024-02-12 03:00:00,Scheduled maintenance: oil level checked.,No Fault,0
9,112,2024-02-12 04:00:00,Scheduled maintenance: oil level checked.,No Fault,0
9,113,2024-02-12 05:00:00,System operating within normal parameters.,No Fault,0
9,127,2024-02-12 19:00:00,System operating within normal parameters.,No Fault,0
9,128,2024-02-12 20:00:00,system operating within normal parameters.,No Fault,0
9,130,2024-02-12 22:00:00,Visual inspection passed.,No Fault,0
9,132,2024-02-13 00:00:00,"Sensors calibrated, readings normal.",No Fault,0
9,140,2024-02-13 08:00:00,Visual inspection passed.,No Fault,0
9,143,2024-02-13 11:00:00,"Routine check completed, no issues found.",No Fault,0
9,146,2024-02-13 14:00:00,"routine check completed, no issues found.",No Fault,0
9,147,2024-02-13 15:00:00,"sensors calibrated, readings normal.",No Fault,0
9,148,2024-02-13 16:00:00,System operating within normal parameters.,No Fault,0
9,150,2024-02-13 18:00:00,temperature sensor t2 reading critical high.,Overheating,3
9,151,2024-02-13 19:00:00,scheduled maintenance: oil level checked.,No Fault,0
9,153,2024-02-13 21:00:00,Visual inspection passed.,No Fault,0
9,164,2024-02-14 08:00:00,visual inspection passed.,No Fault,0
9,165,2024-02-14 09:00:00,"routine check completed, no issues found.",No Fault,0
9,167,2024-02-14 11:00:00,High vibration detected in main bearing.,Bearing Issue,2
9,169,2024-02-14 13:00:00,"Sensors calibrated, readings normal.",No Fault,0
9,173,2024-02-14 17:00:00,exhaust gas temperature warning.,Overheating,3
9,177,2024-02-14 21:00:00,Temperature sensor T2 reading critical high.,Overheating,3
9,180,2024-02-15 00:00:00,"routine check completed, no issues found.",No Fault,0
9,185,2024-02-15 05:00:00,"Sensors calibrated, readings normal.",No Fault,0
9,186,2024-02-15 06:00:00,System operating within normal parameters.,No Fault,0
9,188,2024-02-15 08:00:00,system operating within normal parameters.,No Fault,0
9,191,2024-02-15 11:00:00,Cooling system check: OK.,No Fault,0
9,192,2024-02-15 12:00:00,Scheduled maintenance: oil level checked.,No Fault,0
9,195,2024-02-15 15:00:00,Scheduled maintenance: oil level checked.,No Fault,0
9,197,2024-02-15 17:00:00,System operating within normal parameters.,No Fault,0
9,198,2024-02-15 18:00:00,System operating within normal parameters.,No Fault,0
9,211,2024-02-16 07:00:00,exhaust gas temperature warning.,Overheating,3
9,215,2024-02-16 11:00:00,surge detected in low pressure compressor.,Fan/Compressor Issue,2
9,216,2024-02-16 12:00:00,"Operator log: shift ended, machine running smoothly.",No Fault,0
9,226,2024-02-16 22:00:00,"Sensors calibrated, readings normal.",No Fault,0
9,232,2024-02-17 04:00:00,cooling system check: ok.,No Fault,0
9,240,2024-02-17 12:00:00,Exhaust gas temperature warning.,Overheating,3
9,243,2024-02-17 15:00:00,Heat exchanger efficiency low.,Overheating,3
9,245,2024-02-17 17:00:00,"Coolant pressure drop, potential leak.",Overheating,3
10,6,2024-02-11 22:00:00,Scheduled maintenance: oil level checked.,No Fault,0
10,10,2024-02-12 02:00:00,scheduled maintenance: oil level checked.,No Fault,0
10,14,2024-02-12 06:00:00,"Routine check completed, no issues found.",No Fault,0
10,16,2024-02-12 08:00:00,Scheduled maintenance: oil level checked.,No Fault,0
10,23,2024-02-12 15:00:00,"routine check completed, no issues found.",No Fault,0
10,25,2024-02-12 17:00:00,"Routine check completed, no issues found.",No Fault,0
10,26,2024-02-12 18:00:00,Visual inspection passed.,No Fault,0
10,30,2024-02-12 22:00:00,visual inspection passed.,No Fault,0
10,34,2024-02-13 02:00:00,"Routine check completed, no issues found.",No Fault,0
10,35,2024-02-13 03:00:00,Cooling system check: OK.,No Fault,0
10,36,2024-02-13 04:00:00,cooling system check: ok.,No Fault,0
10,37,2024-02-13 05:00:00,Airflow obstruction in intake.,Fan/Compressor Issue,2
10,38,2024-02-13 06:00:00,Cooling system check: OK.,No Fault,0
10,39,2024-02-13 07:00:00,"Routine check completed, no issues found.",No Fault,0
10,44,2024-02-13 12:00:00,system operating within normal parameters.,No Fault,0
10,45,2024-02-13 13:00:00,"sensors calibrated, readings normal.",No Fault,0
10,48,2024-02-13 16:00:00,System operating within normal parameters.,No Fault,0
10,52,2024-02-13 20:00:00,"Operator log: shift ended, machine running smoothly.",No Fault,0
10,54,2024-02-13 22:00:00,"operator log: shift ended, machine running smoothly.",No Fault,0
10,58,2024-02-14 02:00:00,System operating within normal parameters.,No Fault,0
10,61,2024-02-14 05:00:00,"operator log: shift ended, machine running smoothly.",No Fault,0
10,64,2024-02-14 08:00:00,Cooling system check: OK.,No Fault,0
10,69,2024-02-14 13:00:00,System operating within normal parameters.,No Fault,0
10,72,2024-02-14 16:00:00,"sensors calibrated, readings normal.",No Fault,0
10,75,2024-02-14 19:00:00,Scheduled maintenance: oil level checked.,No Fault,0
10,77,2024-02-14 21:00:00,"operator log: shift ended, machine running smoothly.",No Fault,0
10,79,2024-02-14 23:00:00,"Sensors calibrated, readings normal.",No Fault,0
10,82,2024-02-15 02:00:00,scheduled maintenance: oil level checked.,No Fault,0
10,84,2024-02-15 04:00:00,Visual inspection passed.,No Fault,0
10,90,2024-02-15 10:00:00,System operating within normal parameters.,No Fault,0
10,92,2024-02-15 12:00:00,cooling system check: ok.,No Fault,0
10,94,2024-02-15 14:00:00,Visual inspection passed.,No Fault,0
10,95,2024-02-15 15:00:00,Cooling system check: OK.,No Fault,0
10,96,2024-02-15 16:00:00,"routine check completed, no issues found.",No Fault,0
10,97,2024-02-15 17:00:00,scheduled maintenance: oil level checked.,No Fault,0
10,98,2024-02-15 18:00:00,"Thermal runaway risk, shutdown initiated for cooling.",Overheating,3
10,99,2024-02-15 19:00:00,"Routine check completed, no issues found.",No Fault,0
10,101,2024-02-15 21:00:00,system operating within normal parameters.,No Fault,0
10,102,2024-02-15 22:00:00,Exhaust gas temperature warning.,Overheating,3
10,105,2024-02-16 01:00:00,vibration analysis indicates inner race fault.,Bearing Issue,2
10,106,2024-02-16 02:00:00,Scheduled maintenance: oil level checked.,No Fault,0
10,107,2024-02-16 03:00:00,"Routine check completed, no issues found.",No Fault,0
10,109,2024-02-16 05:00:00,"Routine check completed, no issues found.",No Fault,0
10,111,2024-02-16 07:00:00,"Sensors calibrated, readings normal.",No Fault,0
10,120,2024-02-16 16:00:00,cooling system check: ok.,No Fault,0
10,125,2024-02-16 21:00:00,"routine check completed, no issues found.",No Fault,0
10,126,2024-02-16 22:00:00,"Routine check completed, no issues found.",No Fault,0
10,131,2024-02-17 03:00:00,"Routine check completed, no issues found.",No Fault,0
10,134,2024-02-17 06:00:00,cooling system check: ok.,No Fault,0
10,137,2024-02-17 09:00:00,Scheduled maintenance: oil level checked.,No Fault,0
10,139,2024-02-17 11:00:00,Fan balance check failed.,Fan/Compressor Issue,2
10,142,2024-02-17 14:00:00,Audible noise reported from bearing housing.,Bearing Issue,2
10,145,2024-02-17 17:00:00,overheating warning in high pressure turbine.,Overheating,3
10,147,2024-02-17 19:00:00,Scheduled maintenance: oil level checked.,No Fault,0
10,150,2024-02-17 22:00:00,"Abnormal sound from shaft, suspect bearing damage.",Bearing Issue,2
10,151,2024-02-17 23:00:00,"Coolant pressure drop, potential leak.",Overheating,3
10,152,2024-02-18 00:00:00,Airflow obstruction in intake.,Fan/Compressor Issue,2
10,153,2024-02-18 01:00:00,"Routine check completed, no issues found.",No Fault,0
10,154,2024-02-18 02:00:00,compressor efficiency dropped below 85%.,Fan/Compressor Issue,2
11,7,2024-02-16 03:00:00,audible noise reported from bearing housing.,Bearing Issue,2
11,26,2024-02-16 22:00:00,Scheduled maintenance: oil level checked.,No Fault,0
11,27,2024-02-16 23:00:00,"Sensors calibrated, readings normal.",No Fault,0
11,40,2024-02-17 12:00:00,Scheduled maintenance: oil level checked.,No Fault,0
11,44,2024-02-17 16:00:00,Visual inspection passed.,No Fault,0
11,50,2024-02-17 22:00:00,"Operator log: shift ended, machine running smoothly.",No Fault,0
11,51,2024-02-17 23:00:00,Scheduled maintenance: oil level checked.,No Fault,0
11,57,2024-02-18 05:00:00,Scheduled maintenance: oil level checked.,No Fault,0
11,66,2024-02-18 14:00:00,"Sensors calibrated, readings normal.",No Fault,0
11,72,2024-02-18 20:00:00,"Operator log: shift ended, machine running smoothly.",No Fault,0
11,73,2024-02-18 21:00:00,visual inspection passed.,No Fault,0
11,79,2024-02-19 03:00:00,System operating within normal parameters.,No Fault,0
11,84,2024-02-19 08:00:00,scheduled maintenance: oil level checked.,No Fault,0
11,85,2024-02-19 09:00:00,"Sensors calibrated, readings normal.",No Fault,0
11,88,2024-02-19 12:00:00,"routine check completed, no issues found.",No Fault,0
11,96,2024-02-19 20:00:00,"Operator log: shift ended, machine running smoothly.",No Fault,0
11,102,2024-02-20 02:00:00,Scheduled maintenance: oil level checked.,No Fault,0
11,104,2024-02-20 04:00:00,"Routine check completed, no issues found.",No Fault,0
11,107,2024-02-20 07:00:00,Audible noise reported from bearing housing.,Bearing Issue,2
11,124,2024-02-21 00:00:00,Temperature sensor T2 reading critical high.,Overheating,3
11,129,2024-02-21 05:00:00,Scheduled maintenance: oil level checked.,No Fault,0
11,135,2024-02-21 11:00:00,System operating within normal parameters.,No Fault,0
11,139,2024-02-21 15:00:00,System operating within normal parameters.,No Fault,0
11,149,2024-02-22 01:00:00,"Routine check completed, no issues found.",No Fault,0
11,151,2024-02-22 03:00:00,Scheduled maintenance: oil level checked.,No Fault,0
11,152,2024-02-22 04:00:00,Scheduled maintenance: oil level checked.,No Fault,0
11,154,2024-02-22 06:00:00,Scheduled maintenance: oil level checked.,No Fault,0
11,157,2024-02-22 09:00:00,system operating within normal parameters.,No Fault,0
11,168,2024-02-22 20:00:00,"routine check completed, no issues found.",No Fault,0
11,169,2024-02-22 21:00:00,fan balance check failed.,Fan/Compressor Issue,2
11,170,2024-02-22 22:00:00,heat exchanger efficiency low.,Overheating,3
11,172,2024-02-23 00:00:00,Audible noise reported from bearing housing.,Bearing Issue,2
11,179,2024-02-23 07:00:00,"Sensors calibrated, readings normal.",No Fault,0
11,180,2024-02-23 08:00:00,Audible noise reported from bearing housing.,Bearing Issue,2
11,188,2024-02-23 16:00:00,"Routine check completed, no issues found.",No Fault,0
11,194,2024-02-23 22:00:00,System operating within normal parameters.,No Fault,0
11,195,2024-02-23 23:00:00,scheduled maintenance: oil level checked.,No Fault,0
11,196,2024-02-24 00:00:00,cooling system check: ok.,No Fault,0
11,197,2024-02-24 01:00:00,Visual inspection passed.,No Fault,0
11,215,2024-02-24 19:00:00,Surge detected in low pressure compressor.,Fan/Compressor Issue,2
11,217,2024-02-24 21:00:00,Cooling system check: OK.,No Fault,0
11,220,2024-02-25 00:00:00,"Operator log: shift ended, machine running smoothly.",No Fault,0
11,224,2024-02-25 04:00:00,Overheating warning in high pressure turbine.,Overheating,3
11,236,2024-02-25 16:00:00,Vibration analysis indicates inner race fault.,Bearing Issue,2
11,238,2024-02-25 18:00:00,airflow obstruction in intake.,Fan/Compressor Issue,2
11,248,2024-02-26 04:00:00,Bearing temperature exceeding threshold.,Bearing Issue,2
11,250,2024-02-26 06:00:00,bearing temperature exceeding threshold.,Bearing Issue,2
11,260,2024-02-26 16:00:00,exhaust gas temperature warning.,Overheating,3
11,263,2024-02-26 19:00:00,System operating within normal parameters.,No Fault,0
12,3,2024-02-20 03:00:00,Scheduled maintenance: oil level checked.,No Fault,0
12,4,2024-02-20 04:00:00,visual inspection passed.,No Fault,0
12,11,2024-02-20 11:00:00,visual inspection passed.,No Fault,0
12,16,2024-02-20 16:00:00,"Sensors calibrated, readings normal.",No Fault,0
12,17,2024-02-20 17:00:00,Vibration analysis indicates inner race fault.,Bearing Issue,2
12,21,2024-02-20 21:00:00,"Operator log: shift ended, machine running smoothly.",No Fault,0
12,30,2024-02-21 06:00:00,"Routine check completed, no issues found.",No Fault,0
12,72,2024-02-23 00:00:00,System operating within normal parameters.,No Fault,0
12,76,2024-02-23 04:00:00,"Routine check completed, no issues found.",No Fault,0
12,77,2024-02-23 05:00:00,High vibration detected in main bearing.,Bearing Issue,2
12,78,2024-02-23 06:00:00,Scheduled maintenance: oil level checked.,No Fault,0
12,84,2024-02-23 12:00:00,"Sensors calibrated, readings normal.",No Fault,0
12,89,2024-02-23 17:00:00,Scheduled maintenance: oil level checked.,No Fault,0
12,92,2024-02-23 20:00:00,Visual inspection passed.,No Fault,0
12,99,2024-02-24 03:00:00,"operator log: shift ended, machine running smoothly.",No Fault,0
12,101,2024-02-24 05:00:00,"Routine check completed, no issues found.",No Fault,0
12,121,2024-02-25 01:00:00,cooling system check: ok.,No Fault,0
12,125,2024-02-25 05:00:00,"Routine check completed, no issues found.",No Fault,0
12,131,2024-02-25 11:00:00,Visual inspection passed.,No Fault,0
12,139,2024-02-25 19:00:00,"routine check completed, no issues found.",No Fault,0
12,145,2024-02-26 01:00:00,"Sensors calibrated, readings normal.",No Fault,0
12,150,2024-02-26 06:00:00,surge detected in low pressure compressor.,Fan/Compressor Issue,2
12,155,2024-02-26 11:00:00,Airflow obstruction in intake.,Fan/Compressor Issue,2
12,171,2024-02-27 03:00:00,Scheduled maintenance: oil level checked.,No Fault,0
12,172,2024-02-27 04:00:00,Cooling system check: OK.,No Fault,0
12,175,2024-02-27 07:00:00,"Operator log: shift ended, machine running smoothly.",No Fault,0
12,179,2024-02-27 11:00:00,audible noise reported from bearing housing.,Bearing Issue,2
12,187,2024-02-27 19:00:00,Exhaust gas temperature warning.,Overheating,3
12,194,2024-02-28 02:00:00,System operating within normal parameters.,No Fault,0
12,195,2024-02-28 03:00:00,"Routine check completed, no issues found.",No Fault,0
12,218,2024-02-29 02:00:00,Fan blade vibration high.,Fan/Compressor Issue,2
13,5,2024-02-24 09:00:00,"Sensors calibrated, readings normal.",No Fault,0
13,6,2024-02-24 10:00:00,"operator log: shift ended, machine running smoothly.",No Fault,0
13,8,2024-02-24 12:00:00,"Sensors calibrated, readings normal.",No Fault,0
13,16,2024-02-24 20:00:00,"sensors calibrated, readings normal.",No Fault,0
13,20,2024-02-25 00:00:00,Visual inspection passed.,No Fault,0
13,36,2024-02-25 16:00:00,"Sensors calibrated, readings normal.",No Fault,0
13,37,2024-02-25 17:00:00,Cooling system check: OK.,No Fault,0
13,38,2024-02-25 18:00:00,"Sensors calibrated, readings normal.",No Fault,0
13,41,2024-02-25 21:00:00,"sensors calibrated, readings normal.",No Fault,0
13,42,2024-02-25 22:00:00,Cooling system check: OK.,No Fault,0
13,47,2024-02-26 03:00:00,cooling system check: ok.,No Fault,0
13,50,2024-02-26 06:00:00,Visual inspection passed.,No Fault,0
13,51,2024-02-26 07:00:00,"Operator log: shift ended, machine running smoothly.",No Fault,0
13,52,2024-02-26 08:00:00,system operating within normal parameters.,No Fault,0
13,57,2024-02-26 13:00:00,"Routine check completed, no issues found.",No Fault,0
13,61,2024-02-26 17:00:00,System operating within normal parameters.,No Fault,0
13,67,2024-02-26 23:00:00,"routine check completed, no issues found.",No Fault,0
13,74,2024-02-27 06:00:00,Visual inspection passed.,No Fault,0
13,77,2024-02-27 09:00:00,Visual inspection passed.,No Fault,0
13,83,2024-02-27 15:00:00,"Routine check completed, no issues found.",No Fault,0
13,85,2024-02-27 17:00:00,"Routine check completed, no issues found.",No Fault,0
13,97,2024-02-28 05:00:00,"Operator log: shift ended, machine running smoothly.",No Fault,0
13,108,2024-02-28 16:00:00,Vibration analysis indicates inner race fault.,Bearing Issue,2
13,113,2024-02-28 21:00:00,"Routine check completed, no issues found.",No Fault,0
13,115,2024-02-28 23:00:00,Vibration analysis indicates inner race fault.,Bearing Issue,2
13,118,2024-02-29 02:00:00,Airflow obstruction in intake.,Fan/Compressor Issue,2
13,119,2024-02-29 03:00:00,system operating within normal parameters.,No Fault,0
13,132,2024-02-29 16:00:00,"abnormal sound from shaft, suspect bearing damage.",Bearing Issue,2
13,142,2024-03-01 02:00:00,system operating within normal parameters.,No Fault,0
13,145,2024-03-01 05:00:00,Exhaust gas temperature warning.,Overheating,3
13,148,2024-03-01 08:00:00,Audible noise reported from bearing housing.,Bearing Issue,2
13,151,2024-03-01 11:00:00,cooling system check: ok.,No Fault,0
13,157,2024-03-01 17:00:00,"coolant pressure drop, potential leak.",Overheating,3
13,159,2024-03-01 19:00:00,vibration analysis indicates inner race fault.,Bearing Issue,2
13,165,2024-03-02 01:00:00,Heat exchanger efficiency low.,Overheating,3
13,166,2024-03-02 02:00:00,audible noise reported from bearing housing.,Bearing Issue,2
14,1,2024-02-28 09:00:00,"Operator log: shift ended, machine running smoothly.",No Fault,0
14,2,2024-02-28 10:00:00,Exhaust gas temperature warning.,Overheating,3
14,25,2024-02-29 09:00:00,System operating within normal parameters.,No Fault,0
14,27,2024-02-29 11:00:00,"Routine check completed, no issues found.",No Fault,0
14,30,2024-02-29 14:00:00,Fan blade vibration high.,Fan/Compressor Issue,2
14,41,2024-03-01 01:00:00,scheduled maintenance: oil level checked.,No Fault,0
14,44,2024-03-01 04:00:00,visual inspection passed.,No Fault,0
14,45,2024-03-01 05:00:00,Cooling system check: OK.,No Fault,0
14,47,2024-03-01 07:00:00,Scheduled maintenance: oil level checked.,No Fault,0
14,50,2024-03-01 10:00:00,"Lubrication low, potential bearing wear.",Bearing Issue,2
14,55,2024-03-01 15:00:00,Scheduled maintenance: oil level checked.,No Fault,0
14,58,2024-03-01 18:00:00,Scheduled maintenance: oil level checked.,No Fault,0
14,62,2024-03-01 22:00:00,Cooling system check: OK.,No Fault,0
14,66,2024-03-02 02:00:00,Visual inspection passed.,No Fault,0
14,73,2024-03-02 09:00:00,System operating within normal parameters.,No Fault,0
14,75,2024-03-02 11:00:00,Heat exchanger efficiency low.,Overheating,3
14,84,2024-03-02 20:00:00,Cooling system check: OK.,No Fault,0
14,86,2024-03-02 22:00:00,cooling system check: ok.,No Fault,0
14,89,2024-03-03 01:00:00,Overheating warning in high pressure turbine.,Overheating,3
14,92,2024-03-03 04:00:00,"Routine check completed, no issues found.",No Fault,0
14,103,2024-03-03 15:00:00,Visual inspection passed.,No Fault,0
14,126,2024-03-04 14:00:00,"Sensors calibrated, readings normal.",No Fault,0
14,128,2024-03-04 16:00:00,"Routine check completed, no issues found.",No Fault,0
14,131,2024-03-04 19:00:00,System operating within normal parameters.,No Fault,0
14,139,2024-03-05 03:00:00,scheduled maintenance: oil level checked.,No Fault,0
14,142,2024-03-05 06:00:00,"Operator log: shift ended, machine running smoothly.",No Fault,0
14,145,2024-03-05 09:00:00,System operating within normal parameters.,No Fault,0
14,154,2024-03-05 18:00:00,Scheduled maintenance: oil level checked.,No Fault,0
14,164,2024-03-06 04:00:00,fan balance check failed.,Fan/Compressor Issue,2
14,185,2024-03-07 01:00:00,"routine check completed, no issues found.",No Fault,0
14,201,2024-03-07 17:00:00,"operator log: shift ended, machine running smoothly.",No Fault,0
14,205,2024-03-07 21:00:00,Vibration analysis indicates inner race fault.,Bearing Issue,2
14,222,2024-03-08 14:00:00,"Lubrication low, potential bearing wear.",Bearing Issue,2
14,227,2024-03-08 19:00:00,"operator log: shift ended, machine running smoothly.",No Fault,0
14,232,2024-03-09 00:00:00,Exhaust gas temperature warning.,Overheating,3
14,234,2024-03-09 02:00:00,"Sensors calibrated, readings normal.",No Fault,0
14,236,2024-03-09 04:00:00,Visual inspection passed.,No Fault,0
14,254,2024-03-09 22:00:00,Scheduled maintenance: oil level checked.,No Fault,0
14,255,2024-03-09 23:00:00,fan blade vibration high.,Fan/Compressor Issue,2
15,7,2024-03-03 19:00:00,Scheduled maintenance: oil level checked.,No Fault,0
15,9,2024-03-03 21:00:00,"operator log: shift ended, machine running smoothly.",No Fault,0
15,12,2024-03-04 00:00:00,"Routine check completed, no issues found.",No Fault,0
15,19,2024-03-04 07:00:00,Compressor stall detected.,Fan/Compressor Issue,2
15,21,2024-03-04 09:00:00,Visual inspection passed.,No Fault,0
15,32,2024-03-04 20:00:00,cooling system check: ok.,No Fault,0
15,34,2024-03-04 22:00:00,"Sensors calibrated, readings normal.",No Fault,0
15,35,2024-03-04 23:00:00,Scheduled maintenance: oil level checked.,No Fault,0
15,41,2024-03-05 05:00:00,"Sensors calibrated, readings normal.",No Fault,0
15,45,2024-03-05 09:00:00,"thermal runaway risk, shutdown initiated for cooling.",Overheating,3
15,49,2024-03-05 13:00:00,visual inspection passed.,No Fault,0
15,51,2024-03-05 15:00:00,scheduled maintenance: oil level checked.,No Fault,0
15,56,2024-03-05 20:00:00,"Operator log: shift ended, machine running smoothly.",No Fault,0
15,60,2024-03-06 00:00:00,"Operator log: shift ended, machine running smoothly.",No Fault,0
15,62,2024-03-06 02:00:00,"Sensors calibrated, readings normal.",No Fault,0
15,72,2024-03-06 12:00:00,Visual inspection passed.,No Fault,0
15,74,2024-03-06 14:00:00,Scheduled maintenance: oil level checked.,No Fault,0
15,75,2024-03-06 15:00:00,system operating within normal parameters.,No Fault,0
15,79,2024-03-06 19:00:00,Cooling system check: OK.,No Fault,0
15,80,2024-03-06 20:00:00,"routine check completed, no issues found.",No Fault,0
15,88,2024-03-07 04:00:00,Scheduled maintenance: oil level checked.,No Fault,0
15,99,2024-03-07 15:00:00,scheduled maintenance: oil level checked.,No Fault,0
15,100,2024-03-07 16:00:00,"operator log: shift ended, machine running smoothly.",No Fault,0
15,106,2024-03-07 22:00:00,Visual inspection passed.,No Fault,0
15,109,2024-03-08 01:00:00,Visual inspection passed.,No Fault,0
15,110,2024-03-08 02:00:00,"abnormal sound from shaft, suspect bearing damage.",Bearing Issue,2
15,111,2024-03-08 03:00:00,Cooling system check: OK.,No Fault,0
15,112,2024-03-08 04:00:00,"operator log: shift ended, machine running smoothly.",No Fault,0
15,116,2024-03-08 08:00:00,Scheduled maintenance: oil level checked.,No Fault,0
15,117,2024-03-08 09:00:00,Cooling system check: OK.,No Fault,0
15,125,2024-03-08 17:00:00,System operating within normal parameters.,No Fault,0
15,128,2024-03-08 20:00:00,"Routine check completed, no issues found.",No Fault,0
15,129,2024-03-08 21:00:00,"Routine check completed, no issues found.",No Fault,0
15,136,2024-03-09 04:00:00,System operating within normal parameters.,No Fault,0
15,138,2024-03-09 06:00:00,Scheduled maintenance: oil level checked.,No Fault,0
15,139,2024-03-09 07:00:00,"Operator log: shift ended, machine running smoothly.",No Fault,0
15,149,2024-03-09 17:00:00,Scheduled maintenance: oil level checked.,No Fault,0
15,150,2024-03-09 18:00:00,"Routine check completed, no issues found.",No Fault,0
15,153,2024-03-09 21:00:00,Cooling system check: OK.,No Fault,0
15,156,2024-03-10 00:00:00,Scheduled maintenance: oil level checked.,No Fault,0
15,157,2024-03-10 01:00:00,Cooling system check: OK.,No Fault,0
15,161,2024-03-10 05:00:00,"Routine check completed, no issues found.",No Fault,0
15,164,2024-03-10 08:00:00,Fan blade vibration high.,Fan/Compressor Issue,2
15,173,2024-03-10 17:00:00,Scheduled maintenance: oil level checked.,No Fault,0
15,183,2024-03-11 03:00:00,"Routine check completed, no issues found.",No Fault,0
15,189,2024-03-11 09:00:00,Cooling system check: OK.,No Fault,0
15,196,2024-03-11 16:00:00,"Sensors calibrated, readings normal.",No Fault,0
15,207,2024-03-12 03:00:00,surge detected in low pressure compressor.,Fan/Compressor Issue,2
15,208,2024-03-12 04:00:00,"Coolant pressure drop, potential leak.",Overheating,3
15,214,2024-03-12 10:00:00,"Operator log: shift ended, machine running smoothly.",No Fault,0
15,215,2024-03-12 11:00:00,"Sensors calibrated, readings normal.",No Fault,0
15,223,2024-03-12 19:00:00,overheating warning in high pressure turbine.,Overheating,3
15,226,2024-03-12 22:00:00,Exhaust gas temperature warning.,Overheating,3
15,231,2024-03-13 03:00:00,Surge detected in low pressure compressor.,Fan/Compressor Issue,2
16,4,2024-03-07 20:00:00,System operating within normal parameters.,No Fault,0
16,5,2024-03-07 21:00:00,"Operator log: shift ended, machine running smoothly.",No Fault,0
16,20,2024-03-08 12:00:00,scheduled maintenance: oil level checked.,No Fault,0
16,31,2024-03-08 23:00:00,"Operator log: shift ended, machine running smoothly.",No Fault,0
16,38,2024-03-09 06:00:00,system operating within normal parameters.,No Fault,0
16,39,2024-03-09 07:00:00,"Operator log: shift ended, machine running smoothly.",No Fault,0
16,41,2024-03-09 09:00:00,system operating within normal parameters.,No Fault,0
16,47,2024-03-09 15:00:00,"Sensors calibrated, readings normal.",No Fault,0
16,48,2024-03-09 16:00:00,Compressor stall detected.,Fan/Compressor Issue,2
16,53,2024-03-09 21:00:00,Visual inspection passed.,No Fault,0
16,61,2024-03-10 05:00:00,Cooling system check: OK.,No Fault,0
16,62,2024-03-10 06:00:00,scheduled maintenance: oil level checked.,No Fault,0
16,65,2024-03-10 09:00:00,"Abnormal sound from shaft, suspect bearing damage.",Bearing Issue,2
16,69,2024-03-10 13:00:00,"operator log: shift ended, machine running smoothly.",No Fault,0
16,76,2024-03-10 20:00:00,Compressor stall detected.,Fan/Compressor Issue,2
16,78,2024-03-10 22:00:00,scheduled maintenance: oil level checked.,No Fault,0
16,79,2024-03-10 23:00:00,Scheduled maintenance: oil level checked.,No Fault,0
16,82,2024-03-11 02:00:00,System operating within normal parameters.,No Fault,0
16,86,2024-03-11 06:00:00,System operating within normal parameters.,No Fault,0
16,88,2024-03-11 08:00:00,"abnormal sound from shaft, suspect bearing damage.",Bearing Issue,2
16,96,2024-03-11 16:00:00,Airflow obstruction in intake.,Fan/Compressor Issue,2
16,97,2024-03-11 17:00:00,Scheduled maintenance: oil level checked.,No Fault,0
16,98,2024-03-11 18:00:00,"Sensors calibrated, readings normal.",No Fault,0
16,99,2024-03-11 19:00:00,"lubrication low, potential bearing wear.",Bearing Issue,2
16,103,2024-03-11 23:00:00,"Routine check completed, no issues found.",No Fault,0
16,111,2024-03-12 07:00:00,Cooling system check: OK.,No Fault,0
16,112,2024-03-12 08:00:00,Visual inspection passed.,No Fault,0
16,113,2024-03-12 09:00:00,cooling system check: ok.,No Fault,0
16,123,2024-03-12 19:00:00,"Operator log: shift ended, machine running smoothly.",No Fault,0
16,125,2024-03-12 21:00:00,"Operator log: shift ended, machine running smoothly.",No Fault,0
16,128,2024-03-13 00:00:00,Temperature sensor T2 reading critical high.,Overheating,3
16,134,2024-03-13 06:00:00,exhaust gas temperature warning.,Overheating,3
16,139,2024-03-13 11:00:00,Scheduled maintenance: oil level checked.,No Fault,0
16,140,2024-03-13 12:00:00,scheduled maintenance: oil level checked.,No Fault,0
16,148,2024-03-13 20:00:00,Heat exchanger efficiency low.,Overheating,3
16,161,2024-03-14 09:00:00,"Operator log: shift ended, machine running smoothly.",No Fault,0
16,168,2024-03-14 16:00:00,"operator log: shift ended, machine running smoothly.",No Fault,0
16,169,2024-03-14 17:00:00,"thermal runaway risk, shutdown initiated for cooling.",Overheating,3
16,176,2024-03-15 00:00:00,Compressor stall detected.,Fan/Compressor Issue,2
16,179,2024-03-15 03:00:00,Bearing temperature exceeding threshold.,Bearing Issue,2
16,180,2024-03-15 04:00:00,system operating within normal parameters.,No Fault,0
16,182,2024-03-15 06:00:00,"Thermal runaway risk, shutdown initiated for cooling.",Overheating,3
16,184,2024-03-15 08:00:00,overheating warning in high pressure turbine.,Overheating,3
16,191,2024-03-15 15:00:00,"Operator log: shift ended, machine running smoothly.",No Fault,0
16,193,2024-03-15 17:00:00,"Thermal runaway risk, shutdown initiated for cooling.",Overheating,3
16,202,2024-03-16 02:00:00,"lubrication low, potential bearing wear.",Bearing Issue,2
16,208,2024-03-16 08:00:00,"Thermal runaway risk, shutdown initiated for cooling.",Overheating,3
16,209,2024-03-16 09:00:00,"Thermal runaway risk, shutdown initiated for cooling.",Overheating,3
17,8,2024-03-12 04:00:00,Visual inspection passed.,No Fault,0
17,13,2024-03-12 09:00:00,System operating within normal parameters.,No Fault,0
17,15,2024-03-12 11:00:00,"Sensors calibrated, readings normal.",No Fault,0
17,20,2024-03-12 16:00:00,"Sensors calibrated, readings normal.",No Fault,0
17,47,2024-03-13 19:00:00,System operating within normal parameters.,No Fault,0
17,50,2024-03-13 22:00:00,Scheduled maintenance: oil level checked.,No Fault,0
17,69,2024-03-14 17:00:00,"Sensors calibrated, readings normal.",No Fault,0
17,72,2024-03-14 20:00:00,system operating within normal parameters.,No Fault,0
17,81,2024-03-15 05:00:00,Cooling system check: OK.,No Fault,0
17,86,2024-03-15 10:00:00,"Routine check completed, no issues found.",No Fault,0
17,87,2024-03-15 11:00:00,System operating within normal parameters.,No Fault,0
17,88,2024-03-15 12:00:00,Scheduled maintenance: oil level checked.,No Fault,0
17,97,2024-03-15 21:00:00,scheduled maintenance: oil level checked.,No Fault,0
17,100,2024-03-16 00:00:00,"Routine check completed, no issues found.",No Fault,0
17,110,2024-03-16 10:00:00,"sensors calibrated, readings normal.",No Fault,0
17,116,2024-03-16 16:00:00,"Sensors calibrated, readings normal.",No Fault,0
17,139,2024-03-17 15:00:00,Visual inspection passed.,No Fault,0
17,141,2024-03-17 17:00:00,Cooling system check: OK.,No Fault,0
17,148,2024-03-18 00:00:00,Visual inspection passed.,No Fault,0
17,151,2024-03-18 03:00:00,"Routine check completed, no issues found.",No Fault,0
17,160,2024-03-18 12:00:00,"Sensors calibrated, readings normal.",No Fault,0
17,171,2024-03-18 23:00:00,Visual inspection passed.,No Fault,0
17,173,2024-03-19 01:00:00,cooling system check: ok.,No Fault,0
17,186,2024-03-19 14:00:00,heat exchanger efficiency low.,Overheating,3
17,191,2024-03-19 19:00:00,"Operator log: shift ended, machine running smoothly.",No Fault,0
17,192,2024-03-19 20:00:00,System operating within normal parameters.,No Fault,0
17,196,2024-03-20 00:00:00,"Routine check completed, no issues found.",No Fault,0
17,205,2024-03-20 09:00:00,scheduled maintenance: oil level checked.,No Fault,0
17,214,2024-03-20 18:00:00,Scheduled maintenance: oil level checked.,No Fault,0
17,217,2024-03-20 21:00:00,system operating within normal parameters.,No Fault,0
17,224,2024-03-21 04:00:00,fan balance check failed.,Fan/Compressor Issue,2
17,232,2024-03-21 12:00:00,Temperature sensor T2 reading critical high.,Overheating,3
17,238,2024-03-21 18:00:00,"Coolant pressure drop, potential leak.",Overheating,3
17,240,2024-03-21 20:00:00,bearing temperature exceeding threshold.,Bearing Issue,2
17,243,2024-03-21 23:00:00,"Operator log: shift ended, machine running smoothly.",No Fault,0
17,254,2024-03-22 10:00:00,Compressor efficiency dropped below 85%.,Fan/Compressor Issue,2
17,258,2024-03-22 14:00:00,Heat exchanger efficiency low.,Overheating,3
17,263,2024-03-22 19:00:00,Bearing temperature exceeding threshold.,Bearing Issue,2
17,273,2024-03-23 05:00:00,"Operator log: shift ended, machine running smoothly.",No Fault,0
18,5,2024-03-16 05:00:00,"Operator log: shift ended, machine running smoothly.",No Fault,0
18,10,2024-03-16 10:00:00,scheduled maintenance: oil level checked.,No Fault,0
18,16,2024-03-16 16:00:00,"routine check completed, no issues found.",No Fault,0
18,19,2024-03-16 19:00:00,cooling system check: ok.,No Fault,0
18,22,2024-03-16 22:00:00,"Routine check completed, no issues found.",No Fault,0
18,25,2024-03-17 01:00:00,"Sensors calibrated, readings normal.",No Fault,0
18,26,2024-03-17 02:00:00,System operating within normal parameters.,No Fault,0
18,31,2024-03-17 07:00:00,Visual inspection passed.,No Fault,0
18,37,2024-03-17 13:00:00,temperature sensor t2 reading critical high.,Overheating,3
18,43,2024-03-17 19:00:00,Scheduled maintenance: oil level checked.,No Fault,0
18,46,2024-03-17 22:00:00,"Routine check completed, no issues found.",No Fault,0
18,50,2024-03-18 02:00:00,Bearing temperature exceeding threshold.,Bearing Issue,2
18,51,2024-03-18 03:00:00,"routine check completed, no issues found.",No Fault,0
18,52,2024-03-18 04:00:00,System operating within normal parameters.,No Fault,0
18,66,2024-03-18 18:00:00,system operating within normal parameters.,No Fault,0
18,76,2024-03-19 04:00:00,Surge detected in low pressure compressor.,Fan/Compressor Issue,2
18,77,2024-03-19 05:00:00,"Operator log: shift ended, machine running smoothly.",No Fault,0
18,85,2024-03-19 13:00:00,"sensors calibrated, readings normal.",No Fault,0
18,87,2024-03-19 15:00:00,Heat exchanger efficiency low.,Overheating,3
18,91,2024-03-19 19:00:00,"Operator log: shift ended, machine running smoothly.",No Fault,0
18,92,2024-03-19 20:00:00,"Operator log: shift ended, machine running smoothly.",No Fault,0
18,93,2024-03-19 21:00:00,"Sensors calibrated, readings normal.",No Fault,0
18,94,2024-03-19 22:00:00,"Routine check completed, no issues found.",No Fault,0
18,106,2024-03-20 10:00:00,System operating within normal parameters.,No Fault,0
18,107,2024-03-20 11:00:00,"Operator log: shift ended, machine running smoothly.",No Fault,0
18,113,2024-03-20 17:00:00,"Sensors calibrated, readings normal.",No Fault,0
18,115,2024-03-20 19:00:00,"sensors calibrated, readings normal.",No Fault,0
18,124,2024-03-21 04:00:00,"routine check completed, no issues found.",No Fault,0
18,125,2024-03-21 05:00:00,"Sensors calibrated, readings normal.",No Fault,0
18,128,2024-03-21 08:00:00,cooling system check: ok.,No Fault,0
18,141,2024-03-21 21:00:00,"Routine check completed, no issues found.",No Fault,0
18,142,2024-03-21 22:00:00,"Routine check completed, no issues found.",No Fault,0
18,145,2024-03-22 01:00:00,Cooling system check: OK.,No Fault,0
18,149,2024-03-22 05:00:00,"routine check completed, no issues found.",No Fault,0
18,150,2024-03-22 06:00:00,Cooling system check: OK.,No Fault,0
18,151,2024-03-22 07:00:00,"operator log: shift ended, machine running smoothly.",No Fault,0
18,153,2024-03-22 09:00:00,cooling system check: ok.,No Fault,0
18,155,2024-03-22 11:00:00,"Sensors calibrated, readings normal.",No Fault,0
18,161,2024-03-22 17:00:00,"Routine check completed, no issues found.",No Fault,0
18,164,2024-03-22 20:00:00,Cooling system check: OK.,No Fault,0
18,166,2024-03-22 22:00:00,Temperature sensor T2 reading critical high.,Overheating,3
18,170,2024-03-23 02:00:00,Audible noise reported from bearing housing.,Bearing Issue,2
18,173,2024-03-23 05:00:00,Scheduled maintenance: oil level checked.,No Fault,0
18,183,2024-03-23 15:00:00,"operator log: shift ended, machine running smoothly.",No Fault,0
18,186,2024-03-23 18:00:00,vibration analysis indicates inner race fault.,Bearing Issue,2
18,188,2024-03-23 20:00:00,cooling system check: ok.,No Fault,0
18,192,2024-03-24 00:00:00,compressor stall detected.,Fan/Compressor Issue,2
18,197,2024-03-24 05:00:00,system operating within normal parameters.,No Fault,0
18,200,2024-03-24 08:00:00,"Routine check completed, no issues found.",No Fault,0
18,205,2024-03-24 13:00:00,Visual inspection passed.,No Fault,0
18,212,2024-03-24 20:00:00,"Thermal runaway risk, shutdown initiated for cooling.",Overheating,3
18,213,2024-03-24 21:00:00,"Sensors calibrated, readings normal.",No Fault,0
18,215,2024-03-24 23:00:00,Overheating warning in high pressure turbine.,Overheating,3
18,223,2024-03-25 07:00:00,Airflow obstruction in intake.,Fan/Compressor Issue,2
18,225,2024-03-25 09:00:00,Vibration analysis indicates inner race fault.,Bearing Issue,2
18,230,2024-03-25 14:00:00,"Lubrication low, potential bearing wear.",Bearing Issue,2
18,233,2024-03-25 17:00:00,fan blade vibration high.,Fan/Compressor Issue,2
18,235,2024-03-25 19:00:00,Bearing temperature exceeding threshold.,Bearing Issue,2
18,237,2024-03-25 21:00:00,High vibration detected in main bearing.,Bearing Issue,2
18,241,2024-03-26 01:00:00,surge detected in low pressure compressor.,Fan/Compressor Issue,2
18,245,2024-03-26 05:00:00,overheating warning in high pressure turbine.,Overheating,3
18,250,2024-03-26 10:00:00,Scheduled maintenance: oil level checked.,No Fault,0
18,257,2024-03-26 17:00:00,Exhaust gas temperature warning.,Overheating,3
18,260,2024-03-26 20:00:00,"Operator log: shift ended, machine running smoothly.",No Fault,0
19,3,2024-03-20 07:00:00,system operating within normal parameters.,No Fault,0
19,4,2024-03-20 08:00:00,system operating within normal parameters.,No Fault,0
19,6,2024-03-20 10:00:00,"Sensors calibrated, readings normal.",No Fault,0
19,12,2024-03-20 16:00:00,Exhaust gas temperature warning.,Overheating,3
19,18,2024-03-20 22:00:00,cooling system check: ok.,No Fault,0
19,22,2024-03-21 02:00:00,Cooling system check: OK.,No Fault,0
19,26,2024-03-21 06:00:00,Scheduled maintenance: oil level checked.,No Fault,0
19,31,2024-03-21 11:00:00,"Sensors calibrated, readings normal.",No Fault,0
19,35,2024-03-21 15:00:00,visual inspection passed.,No Fault,0
19,36,2024-03-21 16:00:00,"sensors calibrated, readings normal.",No Fault,0
19,37,2024-03-21 17:00:00,Visual inspection passed.,No Fault,0
19,44,2024-03-22 00:00:00,"operator log: shift ended, machine running smoothly.",No Fault,0
19,45,2024-03-22 01:00:00,"sensors calibrated, readings normal.",No Fault,0
19,50,2024-03-22 06:00:00,"sensors calibrated, readings normal.",No Fault,0
19,56,2024-03-22 12:00:00,System operating within normal parameters.,No Fault,0
19,60,2024-03-22 16:00:00,"Operator log: shift ended, machine running smoothly.",No Fault,0
19,67,2024-03-22 23:00:00,"Operator log: shift ended, machine running smoothly.",No Fault,0
19,68,2024-03-23 00:00:00,"operator log: shift ended, machine running smoothly.",No Fault,0
19,70,2024-03-23 02:00:00,System operating within normal parameters.,No Fault,0
19,71,2024-03-23 03:00:00,system operating within normal parameters.,No Fault,0
19,75,2024-03-23 07:00:00,visual inspection passed.,No Fault,0
19,80,2024-03-23 12:00:00,"Routine check completed, no issues found.",No Fault,0
19,82,2024-03-23 14:00:00,System operating within normal parameters.,No Fault,0
19,86,2024-03-23 18:00:00,scheduled maintenance: oil level checked.,No Fault,0
19,91,2024-03-23 23:00:00,system operating within normal parameters.,No Fault,0
19,96,2024-03-24 04:00:00,Scheduled maintenance: oil level checked.,No Fault,0
19,97,2024-03-24 05:00:00,System operating within normal parameters.,No Fault,0
19,100,2024-03-24 08:00:00,System operating within normal parameters.,No Fault,0
19,101,2024-03-24 09:00:00,System operating within normal parameters.,No Fault,0
19,105,2024-03-24 13:00:00,Visual inspection passed.,No Fault,0
19,106,2024-03-24 14:00:00,"Sensors calibrated, readings normal.",No Fault,0
19,109,2024-03-24 17:00:00,Cooling system check: OK.,No Fault,0
19,116,2024-03-25 00:00:00,Surge detected in low pressure compressor.,Fan/Compressor Issue,2
19,120,2024-03-25 04:00:00,Cooling system check: OK.,No Fault,0
19,121,2024-03-25 05:00:00,"routine check completed, no issues found.",No Fault,0
19,124,2024-03-25 08:00:00,"Operator log: shift ended, machine running smoothly.",No Fault,0
19,127,2024-03-25 11:00:00,visual inspection passed.,No Fault,0
19,135,2024-03-25 19:00:00,"Routine check completed, no issues found.",No Fault,0
19,138,2024-03-25 22:00:00,System operating within normal parameters.,No Fault,0
19,142,2024-03-26 02:00:00,"routine check completed, no issues found.",No Fault,0
19,144,2024-03-26 04:00:00,Exhaust gas temperature warning.,Overheating,3
19,145,2024-03-26 05:00:00,"operator log: shift ended, machine running smoothly.",No Fault,0
19,147,2024-03-26 07:00:00,Exhaust gas temperature warning.,Overheating,3
19,150,2024-03-26 10:00:00,Visual inspection passed.,No Fault,0
19,153,2024-03-26 13:00:00,"Sensors calibrated, readings normal.",No Fault,0
19,158,2024-03-26 18:00:00,Cooling system check: OK.,No Fault,0
19,160,2024-03-26 20:00:00,"Operator log: shift ended, machine running smoothly.",No Fault,0
19,161,2024-03-26 21:00:00,Airflow obstruction in intake.,Fan/Compressor Issue,2
19,166,2024-03-27 02:00:00,"Operator log: shift ended, machine running smoothly.",No Fault,0
19,167,2024-03-27 03:00:00,"Operator log: shift ended, machine running smoothly.",No Fault,0
19,183,2024-03-27 19:00:00,"Abnormal sound from shaft, suspect bearing damage.",Bearing Issue,2
19,184,2024-03-27 20:00:00,Overheating warning in high pressure turbine.,Overheating,3
19,190,2024-03-28 02:00:00,"Coolant pressure drop, potential leak.",Overheating,3
19,193,2024-03-28 05:00:00,Fan balance check failed.,Fan/Compressor Issue,2
19,196,2024-03-28 08:00:00,Compressor efficiency dropped below 85%.,Fan/Compressor Issue,2
19,209,2024-03-28 21:00:00,visual inspection passed.,No Fault,0
19,212,2024-03-29 00:00:00,Audible noise reported from bearing housing.,Bearing Issue,2
20,4,2024-03-24 12:00:00,"sensors calibrated, readings normal.",No Fault,0
20,5,2024-03-24 13:00:00,System operating within normal parameters.,No Fault,0
20,6,2024-03-24 14:00:00,Cooling system check: OK.,No Fault,0
20,10,2024-03-24 18:00:00,high vibration detected in main bearing.,Bearing Issue,2
20,11,2024-03-24 19:00:00,"Operator log: shift ended, machine running smoothly.",No Fault,0
20,15,2024-03-24 23:00:00,"Routine check completed, no issues found.",No Fault,0
20,16,2024-03-25 00:00:00,Cooling system check: OK.,No Fault,0
20,17,2024-03-25 01:00:00,system operating within normal parameters.,No Fault,0
20,18,2024-03-25 02:00:00,Cooling system check: OK.,No Fault,0
20,20,2024-03-25 04:00:00,Surge detected in low pressure compressor.,Fan/Compressor Issue,2
20,30,2024-03-25 14:00:00,"Routine check completed, no issues found.",No Fault,0
20,31,2024-03-25 15:00:00,cooling system check: ok.,No Fault,0
20,32,2024-03-25 16:00:00,"Sensors calibrated, readings normal.",No Fault,0
20,42,2024-03-26 02:00:00,Scheduled maintenance: oil level checked.,No Fault,0
20,43,2024-03-26 03:00:00,Audible noise reported from bearing housing.,Bearing Issue,2
20,45,2024-03-26 05:00:00,system operating within normal parameters.,No Fault,0
20,46,2024-03-26 06:00:00,scheduled maintenance: oil level checked.,No Fault,0
20,56,2024-03-26 16:00:00,"Routine check completed, no issues found.",No Fault,0
20,62,2024-03-26 22:00:00,"Thermal runaway risk, shutdown initiated for cooling.",Overheating,3
20,65,2024-03-27 01:00:00,"Routine check completed, no issues found.",No Fault,0
20,67,2024-03-27 03:00:00,"routine check completed, no issues found.",No Fault,0
20,74,2024-03-27 10:00:00,Cooling system check: OK.,No Fault,0
20,75,2024-03-27 11:00:00,"Operator log: shift ended, machine running smoothly.",No Fault,0
20,76,2024-03-27 12:00:00,"Routine check completed, no issues found.",No Fault,0
20,80,2024-03-27 16:00:00,"Sensors calibrated, readings normal.",No Fault,0
20,87,2024-03-27 23:00:00,"Operator log: shift ended, machine running smoothly.",No Fault,0
20,91,2024-03-28 03:00:00,Cooling system check: OK.,No Fault,0
20,95,2024-03-28 07:00:00,"Sensors calibrated, readings normal.",No Fault,0
20,98,2024-03-28 10:00:00,"Routine check completed, no issues found.",No Fault,0
20,100,2024-03-28 12:00:00,Cooling system check: OK.,No Fault,0
20,102,2024-03-28 14:00:00,Visual inspection passed.,No Fault,0
20,106,2024-03-28 18:00:00,Cooling system check: OK.,No Fault,0
20,107,2024-03-28 19:00:00,system operating within normal parameters.,No Fault,0
20,109,2024-03-28 21:00:00,Audible noise reported from bearing housing.,Bearing Issue,2
20,110,2024-03-28 22:00:00,System operating within normal parameters.,No Fault,0
20,113,2024-03-29 01:00:00,"coolant pressure drop, potential leak.",Overheating,3
20,116,2024-03-29 04:00:00,"operator log: shift ended, machine running smoothly.",No Fault,0
20,118,2024-03-29 06:00:00,Visual inspection passed.,No Fault,0
20,120,2024-03-29 08:00:00,"routine check completed, no issues found.",No Fault,0
20,123,2024-03-29 11:00:00,"Operator log: shift ended, machine running smoothly.",No Fault,0
20,124,2024-03-29 12:00:00,bearing temperature exceeding threshold.,Bearing Issue,2
20,130,2024-03-29 18:00:00,"Routine check completed, no issues found.",No Fault,0
20,131,2024-03-29 19:00:00,"Routine check completed, no issues found.",No Fault,0
20,132,2024-03-29 20:00:00,"abnormal sound from shaft, suspect bearing damage.",Bearing Issue,2
20,136,2024-03-30 00:00:00,airflow obstruction in intake.,Fan/Compressor Issue,2
20,145,2024-03-30 09:00:00,Compressor efficiency dropped below 85%.,Fan/Compressor Issue,2
20,147,2024-03-30 11:00:00,Exhaust gas temperature warning.,Overheating,3
20,152,2024-03-30 16:00:00,Temperature sensor T2 reading critical high.,Overheating,3
20,153,2024-03-30 17:00:00,Cooling system check: OK.,No Fault,0
20,155,2024-03-30 19:00:00,visual inspection passed.,No Fault,0
20,156,2024-03-30 20:00:00,Cooling system check: OK.,No Fault,0
20,157,2024-03-30 21:00:00,surge detected in low pressure compressor.,Fan/Compressor Issue,2
21,7,2024-03-28 19:00:00,"routine check completed, no issues found.",No Fault,0
21,13,2024-03-29 01:00:00,"Coolant pressure drop, potential leak.",Overheating,3
21,14,2024-03-29 02:00:00,"routine check completed, no issues found.",No Fault,0
21,28,2024-03-29 16:00:00,System operating within normal parameters.,No Fault,0
21,29,2024-03-29 17:00:00,"Sensors calibrated, readings normal.",No Fault,0
21,32,2024-03-29 20:00:00,"Operator log: shift ended, machine running smoothly.",No Fault,0
21,34,2024-03-29 22:00:00,Visual inspection passed.,No Fault,0
21,43,2024-03-30 07:00:00,"operator log: shift ended, machine running smoothly.",No Fault,0
21,47,2024-03-30 11:00:00,"sensors calibrated, readings normal.",No Fault,0
21,51,2024-03-30 15:00:00,Scheduled maintenance: oil level checked.,No Fault,0
21,52,2024-03-30 16:00:00,Cooling system check: OK.,No Fault,0
21,56,2024-03-30 20:00:00,Vibration analysis indicates inner race fault.,Bearing Issue,2
21,69,2024-03-31 09:00:00,cooling system check: ok.,No Fault,0
21,76,2024-03-31 16:00:00,Bearing temperature exceeding threshold.,Bearing Issue,2
21,77,2024-03-31 17:00:00,System operating within normal parameters.,No Fault,0
21,80,2024-03-31 20:00:00,"Sensors calibrated, readings normal.",No Fault,0
21,88,2024-04-01 04:00:00,"Routine check completed, no issues found.",No Fault,0
21,93,2024-04-01 09:00:00,Bearing temperature exceeding threshold.,Bearing Issue,2
21,94,2024-04-01 10:00:00,System operating within normal parameters.,No Fault,0
21,96,2024-04-01 12:00:00,scheduled maintenance: oil level checked.,No Fault,0
21,97,2024-04-01 13:00:00,system operating within normal parameters.,No Fault,0
21,100,2024-04-01 16:00:00,"operator log: shift ended, machine running smoothly.",No Fault,0
21,109,2024-04-02 01:00:00,"Operator log: shift ended, machine running smoothly.",No Fault,0
21,121,2024-04-02 13:00:00,"Sensors calibrated, readings normal.",No Fault,0
21,126,2024-04-02 18:00:00,"operator log: shift ended, machine running smoothly.",No Fault,0
21,128,2024-04-02 20:00:00,scheduled maintenance: oil level checked.,No Fault,0
21,156,2024-04-04 00:00:00,scheduled maintenance: oil level checked.,No Fault,0
21,160,2024-04-04 04:00:00,"Operator log: shift ended, machine running smoothly.",No Fault,0
21,168,2024-04-04 12:00:00,Scheduled maintenance: oil level checked.,No Fault,0
21,175,2024-04-04 19:00:00,"sensors calibrated, readings normal.",No Fault,0
21,178,2024-04-04 22:00:00,Visual inspection passed.,No Fault,0
21,185,2024-04-05 05:00:00,"operator log: shift ended, machine running smoothly.",No Fault,0
21,206,2024-04-06 02:00:00,"Thermal runaway risk, shutdown initiated for cooling.",Overheating,3
21,210,2024-04-06 06:00:00,fan blade vibration high.,Fan/Compressor Issue,2
21,212,2024-04-06 08:00:00,"Abnormal sound from shaft, suspect bearing damage.",Bearing Issue,2
21,217,2024-04-06 13:00:00,"abnormal sound from shaft, suspect bearing damage.",Bearing Issue,2
22,3,2024-04-01 19:00:00,"Routine check completed, no issues found.",No Fault,0
22,5,2024-04-01 21:00:00,high vibration detected in main bearing.,Bearing Issue,2
22,9,2024-04-02 01:00:00,"Sensors calibrated, readings normal.",No Fault,0
22,12,2024-04-02 04:00:00,Cooling system check: OK.,No Fault,0
22,13,2024-04-02 05:00:00,Audible noise reported from bearing housing.,Bearing Issue,2
22,14,2024-04-02 06:00:00,Visual inspection passed.,No Fault,0
22,15,2024-04-02 07:00:00,Scheduled maintenance: oil level checked.,No Fault,0
22,16,2024-04-02 08:00:00,Cooling system check: OK.,No Fault,0
22,19,2024-04-02 11:00:00,"routine check completed, no issues found.",No Fault,0
22,22,2024-04-02 14:00:00,"Operator log: shift ended, machine running smoothly.",No Fault,0
22,27,2024-04-02 19:00:00,"Operator log: shift ended, machine running smoothly.",No Fault,0
22,31,2024-04-02 23:00:00,Visual inspection passed.,No Fault,0
22,35,2024-04-03 03:00:00,"Operator log: shift ended, machine running smoothly.",No Fault,0
22,36,2024-04-03 04:00:00,"Routine check completed, no issues found.",No Fault,0
22,41,2024-04-03 09:00:00,"routine check completed, no issues found.",No Fault,0
22,42,2024-04-03 10:00:00,"Abnormal sound from shaft, suspect bearing damage.",Bearing Issue,2
22,52,2024-04-03 20:00:00,system operating within normal parameters.,No Fault,0
22,53,2024-04-03 21:00:00,system operating within normal parameters.,No Fault,0
22,60,2024-04-04 04:00:00,"Operator log: shift ended, machine running smoothly.",No Fault,0
22,61,2024-04-04 05:00:00,"Routine check completed, no issues found.",No Fault,0
22,66,2024-04-04 10:00:00,"sensors calibrated, readings normal.",No Fault,0
22,67,2024-04-04 11:00:00,"Sensors calibrated, readings normal.",No Fault,0
22,73,2024-04-04 17:00:00,"Operator log: shift ended, machine running smoothly.",No Fault,0
22,78,2024-04-04 22:00:00,Scheduled maintenance: oil level checked.,No Fault,0
22,79,2024-04-04 23:00:00,"Sensors calibrated, readings normal.",No Fault,0
22,86,2024-04-05 06:00:00,System operating within normal parameters.,No Fault,0
22,92,2024-04-05 12:00:00,Scheduled maintenance: oil level checked.,No Fault,0
22,105,2024-04-06 01:00:00,"Operator log: shift ended, machine running smoothly.",No Fault,0
22,111,2024-04-06 07:00:00,System operating within normal parameters.,No Fault,0
22,114,2024-04-06 10:00:00,cooling system check: ok.,No Fault,0
22,119,2024-04-06 15:00:00,Visual inspection passed.,No Fault,0
22,120,2024-04-06 16:00:00,"Routine check completed, no issues found.",No Fault,0
22,128,2024-04-07 00:00:00,"Sensors calibrated, readings normal.",No Fault,0
22,139,2024-04-07 11:00:00,"Operator log: shift ended, machine running smoothly.",No Fault,0
22,140,2024-04-07 12:00:00,Surge detected in low pressure compressor.,Fan/Compressor Issue,2
22,142,2024-04-07 14:00:00,"Routine check completed, no issues found.",No Fault,0
22,143,2024-04-07 15:00:00,System operating within normal parameters.,No Fault,0
22,144,2024-04-07 16:00:00,compressor stall detected.,Fan/Compressor Issue,2
22,145,2024-04-07 17:00:00,Visual inspection passed.,No Fault,0
22,146,2024-04-07 18:00:00,System operating within normal parameters.,No Fault,0
22,150,2024-04-07 22:00:00,"Operator log: shift ended, machine running smoothly.",No Fault,0
22,152,2024-04-08 00:00:00,Scheduled maintenance: oil level checked.,No Fault,0
22,155,2024-04-08 03:00:00,"operator log: shift ended, machine running smoothly.",No Fault,0
22,158,2024-04-08 06:00:00,Scheduled maintenance: oil level checked.,No Fault,0
22,169,2024-04-08 17:00:00,Visual inspection passed.,No Fault,0
22,176,2024-04-09 00:00:00,Surge detected in low pressure compressor.,Fan/Compressor Issue,2
22,185,2024-04-09 09:00:00,audible noise reported from bearing housing.,Bearing Issue,2
22,200,2024-04-10 00:00:00,"routine check completed, no issues found.",No Fault,0
22,205,2024-04-10 05:00:00,Temperature sensor T2 reading critical high.,Overheating,3
22,209,2024-04-10 09:00:00,Scheduled maintenance: oil level checked.,No Fault,0
22,211,2024-04-10 11:00:00,visual inspection passed.,No Fault,0
22,221,2024-04-10 21:00:00,heat exchanger efficiency low.,Overheating,3
23,2,2024-04-05 22:00:00,Cooling system check: OK.,No Fault,0
23,6,2024-04-06 02:00:00,"Routine check completed, no issues found.",No Fault,0
23,8,2024-04-06 04:00:00,"Sensors calibrated, readings normal.",No Fault,0
23,13,2024-04-06 09:00:00,"Sensors calibrated, readings normal.",No Fault,0
23,18,2024-04-06 14:00:00,"routine check completed, no issues found.",No Fault,0
23,27,2024-04-06 23:00:00,System operating within normal parameters.,No Fault,0
23,39,2024-04-07 11:00:00,"Operator log: shift ended, machine running smoothly.",No Fault,0
23,45,2024-04-07 17:00:00,Scheduled maintenance: oil level checked.,No Fault,0
23,49,2024-04-07 21:00:00,System operating within normal parameters.,No Fault,0
23,57,2024-04-08 05:00:00,"sensors calibrated, readings normal.",No Fault,0
23,61,2024-04-08 09:00:00,"Routine check completed, no issues found.",No Fault,0
23,62,2024-04-08 10:00:00,visual inspection passed.,No Fault,0
23,63,2024-04-08 11:00:00,"Operator log: shift ended, machine running smoothly.",No Fault,0
23,69,2024-04-08 17:00:00,Cooling system check: OK.,No Fault,0
23,80,2024-04-09 04:00:00,"Sensors calibrated, readings normal.",No Fault,0
23,83,2024-04-09 07:00:00,"Operator log: shift ended, machine running smoothly.",No Fault,0
23,85,2024-04-09 09:00:00,"Operator log: shift ended, machine running smoothly.",No Fault,0
23,86,2024-04-09 10:00:00,High vibration detected in main bearing.,Bearing Issue,2
23,88,2024-04-09 12:00:00,Visual inspection passed.,No Fault,0
23,89,2024-04-09 13:00:00,"Operator log: shift ended, machine running smoothly.",No Fault,0
23,94,2024-04-09 18:00:00,"Routine check completed, no issues found.",No Fault,0
23,100,2024-04-10 00:00:00,"sensors calibrated, readings normal.",No Fault,0
23,115,2024-04-10 15:00:00,Cooling system check: OK.,No Fault,0
23,118,2024-04-10 18:00:00,"Routine check completed, no issues found.",No Fault,0
23,122,2024-04-10 22:00:00,Cooling system check: OK.,No Fault,0
23,125,2024-04-11 01:00:00,Vibration analysis indicates inner race fault.,Bearing Issue,2
23,128,2024-04-11 04:00:00,visual inspection passed.,No Fault,0
23,130,2024-04-11 06:00:00,System operating within normal parameters.,No Fault,0
23,131,2024-04-11 07:00:00,"Sensors calibrated, readings normal.",No Fault,0
23,132,2024-04-11 08:00:00,"Lubrication low, potential bearing wear.",Bearing Issue,2
23,133,2024-04-11 09:00:00,"routine check completed, no issues found.",No Fault,0
23,150,2024-04-12 02:00:00,high vibration detected in main bearing.,Bearing Issue,2
23,155,2024-04-12 07:00:00,"sensors calibrated, readings normal.",No Fault,0
23,157,2024-04-12 09:00:00,Scheduled maintenance: oil level checked.,No Fault,0
23,159,2024-04-12 11:00:00,Visual inspection passed.,No Fault,0
23,161,2024-04-12 13:00:00,Compressor stall detected.,Fan/Compressor Issue,2
23,163,2024-04-12 15:00:00,Surge detected in low pressure compressor.,Fan/Compressor Issue,2
23,165,2024-04-12 17:00:00,"Coolant pressure drop, potential leak.",Overheating,3
23,166,2024-04-12 18:00:00,vibration analysis indicates inner race fault.,Bearing Issue,2
23,174,2024-04-13 02:00:00,Vibration analysis indicates inner race fault.,Bearing Issue,2
23,182,2024-04-13 10:00:00,Temperature sensor T2 reading critical high.,Overheating,3
23,183,2024-04-13 11:00:00,Exhaust gas temperature warning.,Overheating,3
23,187,2024-04-13 15:00:00,Bearing temperature exceeding threshold.,Bearing Issue,2
23,188,2024-04-13 16:00:00,Temperature sensor T2 reading critical high.,Overheating,3
23,191,2024-04-13 19:00:00,bearing temperature exceeding threshold.,Bearing Issue,2
23,192,2024-04-13 20:00:00,Surge detected in low pressure compressor.,Fan/Compressor Issue,2
24,5,2024-04-10 05:00:00,Cooling system check: OK.,No Fault,0
24,12,2024-04-10 12:00:00,"Operator log: shift ended, machine running smoothly.",No Fault,0
24,14,2024-04-10 14:00:00,bearing temperature exceeding threshold.,Bearing Issue,2
24,27,2024-04-11 03:00:00,"Operator log: shift ended, machine running smoothly.",No Fault,0
24,32,2024-04-11 08:00:00,Overheating warning in high pressure turbine.,Overheating,3
24,39,2024-04-11 15:00:00,Visual inspection passed.,No Fault,0
24,52,2024-04-12 04:00:00,System operating within normal parameters.,No Fault,0
24,59,2024-04-12 11:00:00,Visual inspection passed.,No Fault,0
24,67,2024-04-12 19:00:00,"routine check completed, no issues found.",No Fault,0
24,68,2024-04-12 20:00:00,visual inspection passed.,No Fault,0
24,74,2024-04-13 02:00:00,"Operator log: shift ended, machine running smoothly.",No Fault,0
24,76,2024-04-13 04:00:00,cooling system check: ok.,No Fault,0
24,81,2024-04-13 09:00:00,Scheduled maintenance: oil level checked.,No Fault,0
24,86,2024-04-13 14:00:00,Cooling system check: OK.,No Fault,0
24,88,2024-04-13 16:00:00,"lubrication low, potential bearing wear.",Bearing Issue,2
24,92,2024-04-13 20:00:00,"routine check completed, no issues found.",No Fault,0
24,93,2024-04-13 21:00:00,System operating within normal parameters.,No Fault,0
24,98,2024-04-14 02:00:00,Visual inspection passed.,No Fault,0
24,101,2024-04-14 05:00:00,"Routine check completed, no issues found.",No Fault,0
24,103,2024-04-14 07:00:00,"Operator log: shift ended, machine running smoothly.",No Fault,0
24,104,2024-04-14 08:00:00,"Operator log: shift ended, machine running smoothly.",No Fault,0
24,107,2024-04-14 11:00:00,"Sensors calibrated, readings normal.",No Fault,0
24,112,2024-04-14 16:00:00,"coolant pressure drop, potential leak.",Overheating,3
24,114,2024-04-14 18:00:00,"sensors calibrated, readings normal.",No Fault,0
24,120,2024-04-15 00:00:00,Cooling system check: OK.,No Fault,0
24,122,2024-04-15 02:00:00,"Routine check completed, no issues found.",No Fault,0
24,123,2024-04-15 03:00:00,system operating within normal parameters.,No Fault,0
24,129,2024-04-15 09:00:00,"Routine check completed, no issues found.",No Fault,0
24,130,2024-04-15 10:00:00,Scheduled maintenance: oil level checked.,No Fault,0
24,132,2024-04-15 12:00:00,Cooling system check: OK.,No Fault,0
24,133,2024-04-15 13:00:00,"Sensors calibrated, readings normal.",No Fault,0
24,145,2024-04-16 01:00:00,"Sensors calibrated, readings normal.",No Fault,0
24,151,2024-04-16 07:00:00,system operating within normal parameters.,No Fault,0
24,159,2024-04-16 15:00:00,Scheduled maintenance: oil level checked.,No Fault,0
24,163,2024-04-16 19:00:00,Exhaust gas temperature warning.,Overheating,3
24,165,2024-04-16 21:00:00,"Lubrication low, potential bearing wear.",Bearing Issue,2
24,170,2024-04-17 02:00:00,Surge detected in low pressure compressor.,Fan/Compressor Issue,2
24,174,2024-04-17 06:00:00,"lubrication low, potential bearing wear.",Bearing Issue,2
24,176,2024-04-17 08:00:00,Bearing temperature exceeding threshold.,Bearing Issue,2
24,179,2024-04-17 11:00:00,System operating within normal parameters.,No Fault,0
24,180,2024-04-17 12:00:00,"Operator log: shift ended, machine running smoothly.",No Fault,0
24,181,2024-04-17 13:00:00,System operating within normal parameters.,No Fault,0
24,184,2024-04-17 16:00:00,Fan blade vibration high.,Fan/Compressor Issue,2
24,189,2024-04-17 21:00:00,System operating within normal parameters.,No Fault,0
24,193,2024-04-18 01:00:00,system operating within normal parameters.,No Fault,0
24,198,2024-04-18 06:00:00,"routine check completed, no issues found.",No Fault,0
24,210,2024-04-18 18:00:00,scheduled maintenance: oil level checked.,No Fault,0
24,212,2024-04-18 20:00:00,Airflow obstruction in intake.,Fan/Compressor Issue,2
24,215,2024-04-18 23:00:00,Overheating warning in high pressure turbine.,Overheating,3
24,221,2024-04-19 05:00:00,Visual inspection passed.,No Fault,0
24,225,2024-04-19 09:00:00,fan blade vibration high.,Fan/Compressor Issue,2
24,228,2024-04-19 12:00:00,Surge detected in low pressure compressor.,Fan/Compressor Issue,2
24,230,2024-04-19 14:00:00,Exhaust gas temperature warning.,Overheating,3
24,231,2024-04-19 15:00:00,high vibration detected in main bearing.,Bearing Issue,2
24,232,2024-04-19 16:00:00,"thermal runaway risk, shutdown initiated for cooling.",Overheating,3
24,234,2024-04-19 18:00:00,vibration analysis indicates inner race fault.,Bearing Issue,2
24,241,2024-04-20 01:00:00,"sensors calibrated, readings normal.",No Fault,0
24,255,2024-04-20 15:00:00,scheduled maintenance: oil level checked.,No Fault,0
24,258,2024-04-20 18:00:00,Airflow obstruction in intake.,Fan/Compressor Issue,2
24,260,2024-04-20 20:00:00,system operating within normal parameters.,No Fault,0
25,2,2024-04-14 06:00:00,System operating within normal parameters.,No Fault,0
25,8,2024-04-14 12:00:00,cooling system check: ok.,No Fault,0
25,11,2024-04-14 15:00:00,Visual inspection passed.,No Fault,0
25,12,2024-04-14 16:00:00,System operating within normal parameters.,No Fault,0
25,15,2024-04-14 19:00:00,"Routine check completed, no issues found.",No Fault,0
25,19,2024-04-14 23:00:00,"Sensors calibrated, readings normal.",No Fault,0
25,31,2024-04-15 11:00:00,Cooling system check: OK.,No Fault,0
25,34,2024-04-15 14:00:00,temperature sensor t2 reading critical high.,Overheating,3
25,39,2024-04-15 19:00:00,"Sensors calibrated, readings normal.",No Fault,0
25,48,2024-04-16 04:00:00,Cooling system check: OK.,No Fault,0
25,50,2024-04-16 06:00:00,Cooling system check: OK.,No Fault,0
25,51,2024-04-16 07:00:00,"Operator log: shift ended, machine running smoothly.",No Fault,0
25,53,2024-04-16 09:00:00,"Operator log: shift ended, machine running smoothly.",No Fault,0
25,55,2024-04-16 11:00:00,"Sensors calibrated, readings normal.",No Fault,0
25,63,2024-04-16 19:00:00,"Routine check completed, no issues found.",No Fault,0
25,70,2024-04-17 02:00:00,"operator log: shift ended, machine running smoothly.",No Fault,0
25,71,2024-04-17 03:00:00,visual inspection passed.,No Fault,0
25,74,2024-04-17 06:00:00,Vibration analysis indicates inner race fault.,Bearing Issue,2
25,76,2024-04-17 08:00:00,Visual inspection passed.,No Fault,0
25,80,2024-04-17 12:00:00,system operating within normal parameters.,No Fault,0
25,85,2024-04-17 17:00:00,"routine check completed, no issues found.",No Fault,0
25,86,2024-04-17 18:00:00,System operating within normal parameters.,No Fault,0
25,88,2024-04-17 20:00:00,"Operator log: shift ended, machine running smoothly.",No Fault,0
25,91,2024-04-17 23:00:00,"routine check completed, no issues found.",No Fault,0
25,97,2024-04-18 05:00:00,"operator log: shift ended, machine running smoothly.",No Fault,0
25,104,2024-04-18 12:00:00,Cooling system check: OK.,No Fault,0
25,108,2024-04-18 16:00:00,"Sensors calibrated, readings normal.",No Fault,0
25,113,2024-04-18 21:00:00,System operating within normal parameters.,No Fault,0
25,116,2024-04-19 00:00:00,System operating within normal parameters.,No Fault,0
25,123,2024-04-19 07:00:00,Scheduled maintenance: oil level checked.,No Fault,0
25,133,2024-04-19 17:00:00,High vibration detected in main bearing.,Bearing Issue,2
25,145,2024-04-20 05:00:00,"Abnormal sound from shaft, suspect bearing damage.",Bearing Issue,2
25,166,2024-04-21 02:00:00,Bearing temperature exceeding threshold.,Bearing Issue,2
25,170,2024-04-21 06:00:00,fan balance check failed.,Fan/Compressor Issue,2
25,175,2024-04-21 11:00:00,Scheduled maintenance: oil level checked.,No Fault,0
25,176,2024-04-21 12:00:00,Compressor stall detected.,Fan/Compressor Issue,2
25,179,2024-04-21 15:00:00,Exhaust gas temperature warning.,Overheating,3
25,182,2024-04-21 18:00:00,Heat exchanger efficiency low.,Overheating,3
25,184,2024-04-21 20:00:00,"Sensors calibrated, readings normal.",No Fault,0
25,197,2024-04-22 09:00:00,Heat exchanger efficiency low.,Overheating,3
25,200,2024-04-22 12:00:00,"Abnormal sound from shaft, suspect bearing damage.",Bearing Issue,2
25,203,2024-04-22 15:00:00,Airflow obstruction in intake.,Fan/Compressor Issue,2
25,208,2024-04-22 20:00:00,Compressor stall detected.,Fan/Compressor Issue,2
26,3,2024-04-18 11:00:00,"Operator log: shift ended, machine running smoothly.",No Fault,0
26,4,2024-04-18 12:00:00,Cooling system check: OK.,No Fault,0
26,6,2024-04-18 14:00:00,"Sensors calibrated, readings normal.",No Fault,0
26,12,2024-04-18 20:00:00,Scheduled maintenance: oil level checked.,No Fault,0
26,14,2024-04-18 22:00:00,"Operator log: shift ended, machine running smoothly.",No Fault,0
26,17,2024-04-19 01:00:00,"Operator log: shift ended, machine running smoothly.",No Fault,0
26,18,2024-04-19 02:00:00,system operating within normal parameters.,No Fault,0
26,23,2024-04-19 07:00:00,System operating within normal parameters.,No Fault,0
26,24,2024-04-19 08:00:00,fan balance check failed.,Fan/Compressor Issue,2
26,25,2024-04-19 09:00:00,"Operator log: shift ended, machine running smoothly.",No Fault,0
26,28,2024-04-19 12:00:00,System operating within normal parameters.,No Fault,0
26,29,2024-04-19 13:00:00,"Operator log: shift ended, machine running smoothly.",No Fault,0
26,34,2024-04-19 18:00:00,"Abnormal sound from shaft, suspect bearing damage.",Bearing Issue,2
26,35,2024-04-19 19:00:00,compressor stall detected.,Fan/Compressor Issue,2
26,38,2024-04-19 22:00:00,"Routine check completed, no issues found.",No Fault,0
26,40,2024-04-20 00:00:00,"Sensors calibrated, readings normal.",No Fault,0
26,43,2024-04-20 03:00:00,"Operator log: shift ended, machine running smoothly.",No Fault,0
26,45,2024-04-20 05:00:00,"sensors calibrated, readings normal.",No Fault,0
26,47,2024-04-20 07:00:00,Scheduled maintenance: oil level checked.,No Fault,0
26,48,2024-04-20 08:00:00,"Routine check completed, no issues found.",No Fault,0
26,53,2024-04-20 13:00:00,"routine check completed, no issues found.",No Fault,0
26,54,2024-04-20 14:00:00,System operating within normal parameters.,No Fault,0
26,56,2024-04-20 16:00:00,Visual inspection passed.,No Fault,0
26,57,2024-04-20 17:00:00,scheduled maintenance: oil level checked.,No Fault,0
26,60,2024-04-20 20:00:00,"Routine check completed, no issues found.",No Fault,0
26,63,2024-04-20 23:00:00,"Routine check completed, no issues found.",No Fault,0
26,67,2024-04-21 03:00:00,Visual inspection passed.,No Fault,0
26,75,2024-04-21 11:00:00,visual inspection passed.,No Fault,0
26,83,2024-04-21 19:00:00,"Routine check completed, no issues found.",No Fault,0
26,85,2024-04-21 21:00:00,Scheduled maintenance: oil level checked.,No Fault,0
26,86,2024-04-21 22:00:00,bearing temperature exceeding threshold.,Bearing Issue,2
26,90,2024-04-22 02:00:00,cooling system check: ok.,No Fault,0
26,95,2024-04-22 07:00:00,System operating within normal parameters.,No Fault,0
26,97,2024-04-22 09:00:00,"Operator log: shift ended, machine running smoothly.",No Fault,0
26,98,2024-04-22 10:00:00,"Operator log: shift ended, machine running smoothly.",No Fault,0
26,102,2024-04-22 14:00:00,"Thermal runaway risk, shutdown initiated for cooling.",Overheating,3
26,108,2024-04-22 20:00:00,"Routine check completed, no issues found.",No Fault,0
26,114,2024-04-23 02:00:00,visual inspection passed.,No Fault,0
26,116,2024-04-23 04:00:00,"routine check completed, no issues found.",No Fault,0
26,118,2024-04-23 06:00:00,"Routine check completed, no issues found.",No Fault,0
26,122,2024-04-23 10:00:00,heat exchanger efficiency low.,Overheating,3
26,126,2024-04-23 14:00:00,overheating warning in high pressure turbine.,Overheating,3
26,128,2024-04-23 16:00:00,Visual inspection passed.,No Fault,0
26,132,2024-04-23 20:00:00,Cooling system check: OK.,No Fault,0
26,134,2024-04-23 22:00:00,Heat exchanger efficiency low.,Overheating,3
26,135,2024-04-23 23:00:00,scheduled maintenance: oil level checked.,No Fault,0
26,136,2024-04-24 00:00:00,"Routine check completed, no issues found.",No Fault,0
26,137,2024-04-24 01:00:00,"Lubrication low, potential bearing wear.",Bearing Issue,2
26,138,2024-04-24 02:00:00,temperature sensor t2 reading critical high.,Overheating,3
26,144,2024-04-24 08:00:00,Visual inspection passed.,No Fault,0
26,145,2024-04-24 09:00:00,cooling system check: ok.,No Fault,0
26,151,2024-04-24 15:00:00,airflow obstruction in intake.,Fan/Compressor Issue,2
26,155,2024-04-24 19:00:00,"coolant pressure drop, potential leak.",Overheating,3
26,156,2024-04-24 20:00:00,Audible noise reported from bearing housing.,Bearing Issue,2
26,157,2024-04-24 21:00:00,"Coolant pressure drop, potential leak.",Overheating,3
26,161,2024-04-25 01:00:00,Fan balance check failed.,Fan/Compressor Issue,2
27,9,2024-04-22 21:00:00,"sensors calibrated, readings normal.",No Fault,0
27,13,2024-04-23 01:00:00,cooling system check: ok.,No Fault,0
27,15,2024-04-23 03:00:00,"Sensors calibrated, readings normal.",No Fault,0
27,42,2024-04-24 06:00:00,Cooling system check: OK.,No Fault,0
27,43,2024-04-24 07:00:00,"Routine check completed, no issues found.",No Fault,0
27,45,2024-04-24 09:00:00,"sensors calibrated, readings normal.",No Fault,0
27,48,2024-04-24 12:00:00,system operating within normal parameters.,No Fault,0
27,52,2024-04-24 16:00:00,"Routine check completed, no issues found.",No Fault,0
27,55,2024-04-24 19:00:00,"routine check completed, no issues found.",No Fault,0
27,65,2024-04-25 05:00:00,"Sensors calibrated, readings normal.",No Fault,0
27,69,2024-04-25 09:00:00,"Operator log: shift ended, machine running smoothly.",No Fault,0
27,71,2024-04-25 11:00:00,"Routine check completed, no issues found.",No Fault,0
27,75,2024-04-25 15:00:00,"sensors calibrated, readings normal.",No Fault,0
27,77,2024-04-25 17:00:00,System operating within normal parameters.,No Fault,0
27,78,2024-04-25 18:00:00,System operating within normal parameters.,No Fault,0
27,84,2024-04-26 00:00:00,"Sensors calibrated, readings normal.",No Fault,0
27,85,2024-04-26 01:00:00,"Operator log: shift ended, machine running smoothly.",No Fault,0
27,89,2024-04-26 05:00:00,System operating within normal parameters.,No Fault,0
27,90,2024-04-26 06:00:00,cooling system check: ok.,No Fault,0
27,92,2024-04-26 08:00:00,cooling system check: ok.,No Fault,0
27,95,2024-04-26 11:00:00,"Routine check completed, no issues found.",No Fault,0
27,104,2024-04-26 20:00:00,system operating within normal parameters.,No Fault,0
27,108,2024-04-27 00:00:00,Audible noise reported from bearing housing.,Bearing Issue,2
27,109,2024-04-27 01:00:00,Cooling system check: OK.,No Fault,0
27,120,2024-04-27 12:00:00,cooling system check: ok.,No Fault,0
27,121,2024-04-27 13:00:00,"Operator log: shift ended, machine running smoothly.",No Fault,0
27,122,2024-04-27 14:00:00,"routine check completed, no issues found.",No Fault,0
27,126,2024-04-27 18:00:00,"Routine check completed, no issues found.",No Fault,0
27,128,2024-04-27 20:00:00,Scheduled maintenance: oil level checked.,No Fault,0
27,132,2024-04-28 00:00:00,audible noise reported from bearing housing.,Bearing Issue,2
27,136,2024-04-28 04:00:00,System operating within normal parameters.,No Fault,0
27,140,2024-04-28 08:00:00,"operator log: shift ended, machine running smoothly.",No Fault,0
27,144,2024-04-28 12:00:00,"Abnormal sound from shaft, suspect bearing damage.",Bearing Issue,2
27,148,2024-04-28 16:00:00,"Sensors calibrated, readings normal.",No Fault,0
27,157,2024-04-29 01:00:00,"Sensors calibrated, readings normal.",No Fault,0
27,160,2024-04-29 04:00:00,Cooling system check: OK.,No Fault,0
27,164,2024-04-29 08:00:00,Scheduled maintenance: oil level checked.,No Fault,0
27,170,2024-04-29 14:00:00,"Abnormal sound from shaft, suspect bearing damage.",Bearing Issue,2
27,176,2024-04-29 20:00:00,"Abnormal sound from shaft, suspect bearing damage.",Bearing Issue,2
27,181,2024-04-30 01:00:00,system operating within normal parameters.,No Fault,0
27,182,2024-04-30 02:00:00,"Operator log: shift ended, machine running smoothly.",No Fault,0
27,184,2024-04-30 04:00:00,"Routine check completed, no issues found.",No Fault,0
27,187,2024-04-30 07:00:00,cooling system check: ok.,No Fault,0
27,190,2024-04-30 10:00:00,Cooling system check: OK.,No Fault,0
27,194,2024-04-30 14:00:00,"sensors calibrated, readings normal.",No Fault,0
27,198,2024-04-30 18:00:00,"Lubrication low, potential bearing wear.",Bearing Issue,2
27,201,2024-04-30 21:00:00,Bearing temperature exceeding threshold.,Bearing Issue,2
27,206,2024-05-01 02:00:00,Fan balance check failed.,Fan/Compressor Issue,2
27,209,2024-05-01 05:00:00,"Routine check completed, no issues found.",No Fault,0
27,210,2024-05-01 06:00:00,"Lubrication low, potential bearing wear.",Bearing Issue,2
27,227,2024-05-01 23:00:00,vibration analysis indicates inner race fault.,Bearing Issue,2
27,229,2024-05-02 01:00:00,Overheating warning in high pressure turbine.,Overheating,3
27,231,2024-05-02 03:00:00,High vibration detected in main bearing.,Bearing Issue,2
28,4,2024-04-26 20:00:00,"Sensors calibrated, readings normal.",No Fault,0
28,9,2024-04-27 01:00:00,scheduled maintenance: oil level checked.,No Fault,0
28,10,2024-04-27 02:00:00,scheduled maintenance: oil level checked.,No Fault,0
28,11,2024-04-27 03:00:00,"Routine check completed, no issues found.",No Fault,0
28,17,2024-04-27 09:00:00,"routine check completed, no issues found.",No Fault,0
28,19,2024-04-27 11:00:00,cooling system check: ok.,No Fault,0
28,20,2024-04-27 12:00:00,System operating within normal parameters.,No Fault,0
28,21,2024-04-27 13:00:00,cooling system check: ok.,No Fault,0
28,26,2024-04-27 18:00:00,visual inspection passed.,No Fault,0
28,27,2024-04-27 19:00:00,Scheduled maintenance: oil level checked.,No Fault,0
28,28,2024-04-27 20:00:00,"Routine check completed, no issues found.",No Fault,0
28,29,2024-04-27 21:00:00,scheduled maintenance: oil level checked.,No Fault,0
28,31,2024-04-27 23:00:00,Heat exchanger efficiency low.,Overheating,3
28,34,2024-04-28 02:00:00,Scheduled maintenance: oil level checked.,No Fault,0
28,35,2024-04-28 03:00:00,"Sensors calibrated, readings normal.",No Fault,0
28,36,2024-04-28 04:00:00,"sensors calibrated, readings normal.",No Fault,0
28,39,2024-04-28 07:00:00,"Operator log: shift ended, machine running smoothly.",No Fault,0
28,43,2024-04-28 11:00:00,"routine check completed, no issues found.",No Fault,0
28,44,2024-04-28 12:00:00,System operating within normal parameters.,No Fault,0
28,46,2024-04-28 14:00:00,Visual inspection passed.,No Fault,0
28,50,2024-04-28 18:00:00,High vibration detected in main bearing.,Bearing Issue,2
28,52,2024-04-28 20:00:00,"Operator log: shift ended, machine running smoothly.",No Fault,0
28,54,2024-04-28 22:00:00,"sensors calibrated, readings normal.",No Fault,0
28,55,2024-04-28 23:00:00,"operator log: shift ended, machine running smoothly.",No Fault,0
28,62,2024-04-29 06:00:00,Scheduled maintenance: oil level checked.,No Fault,0
28,63,2024-04-29 07:00:00,scheduled maintenance: oil level checked.,No Fault,0
28,68,2024-04-29 12:00:00,scheduled maintenance: oil level checked.,No Fault,0
28,69,2024-04-29 13:00:00,"Sensors calibrated, readings normal.",No Fault,0
28,71,2024-04-29 15:00:00,system operating within normal parameters.,No Fault,0
28,74,2024-04-29 18:00:00,"sensors calibrated, readings normal.",No Fault,0
28,75,2024-04-29 19:00:00,Scheduled maintenance: oil level checked.,No Fault,0
28,76,2024-04-29 20:00:00,visual inspection passed.,No Fault,0
28,85,2024-04-30 05:00:00,Visual inspection passed.,No Fault,0
28,90,2024-04-30 10:00:00,"sensors calibrated, readings normal.",No Fault,0
28,97,2024-04-30 17:00:00,"sensors calibrated, readings normal.",No Fault,0
28,98,2024-04-30 18:00:00,Scheduled maintenance: oil level checked.,No Fault,0
28,103,2024-04-30 23:00:00,System operating within normal parameters.,No Fault,0
28,112,2024-05-01 08:00:00,Airflow obstruction in intake.,Fan/Compressor Issue,2
28,113,2024-05-01 09:00:00,System operating within normal parameters.,No Fault,0
28,114,2024-05-01 10:00:00,system operating within normal parameters.,No Fault,0
28,116,2024-05-01 12:00:00,cooling system check: ok.,No Fault,0
28,117,2024-05-01 13:00:00,cooling system check: ok.,No Fault,0
28,120,2024-05-01 16:00:00,"Coolant pressure drop, potential leak.",Overheating,3
28,128,2024-05-02 00:00:00,Scheduled maintenance: oil level checked.,No Fault,0
28,132,2024-05-02 04:00:00,"Routine check completed, no issues found.",No Fault,0
28,133,2024-05-02 05:00:00,"Thermal runaway risk, shutdown initiated for cooling.",Overheating,3
28,136,2024-05-02 08:00:00,"Abnormal sound from shaft, suspect bearing damage.",Bearing Issue,2
28,140,2024-05-02 12:00:00,"Thermal runaway risk, shutdown initiated for cooling.",Overheating,3
28,142,2024-05-02 14:00:00,"Lubrication low, potential bearing wear.",Bearing Issue,2
28,144,2024-05-02 16:00:00,Compressor stall detected.,Fan/Compressor Issue,2
28,150,2024-05-02 22:00:00,heat exchanger efficiency low.,Overheating,3
28,152,2024-05-03 00:00:00,Bearing temperature exceeding threshold.,Bearing Issue,2
28,154,2024-05-03 02:00:00,scheduled maintenance: oil level checked.,No Fault,0
28,155,2024-05-03 03:00:00,Heat exchanger efficiency low.,Overheating,3
28,157,2024-05-03 05:00:00,High vibration detected in main bearing.,Bearing Issue,2
29,2,2024-04-30 22:00:00,"Operator log: shift ended, machine running smoothly.",No Fault,0
29,4,2024-05-01 00:00:00,cooling system check: ok.,No Fault,0
29,5,2024-05-01 01:00:00,Cooling system check: OK.,No Fault,0
29,7,2024-05-01 03:00:00,system operating within normal parameters.,No Fault,0
29,8,2024-05-01 04:00:00,"Sensors calibrated, readings normal.",No Fault,0
29,18,2024-05-01 14:00:00,Scheduled maintenance: oil level checked.,No Fault,0
29,26,2024-05-01 22:00:00,"Operator log: shift ended, machine running smoothly.",No Fault,0
29,29,2024-05-02 01:00:00,Scheduled maintenance: oil level checked.,No Fault,0
29,32,2024-05-02 04:00:00,System operating within normal parameters.,No Fault,0
29,33,2024-05-02 05:00:00,Cooling system check: OK.,No Fault,0
29,34,2024-05-02 06:00:00,scheduled maintenance: oil level checked.,No Fault,0
29,39,2024-05-02 11:00:00,"Routine check completed, no issues found.",No Fault,0
29,45,2024-05-02 17:00:00,visual inspection passed.,No Fault,0
29,47,2024-05-02 19:00:00,"sensors calibrated, readings normal.",No Fault,0
29,55,2024-05-03 03:00:00,"lubrication low, potential bearing wear.",Bearing Issue,2
29,57,2024-05-03 05:00:00,Visual inspection passed.,No Fault,0
29,58,2024-05-03 06:00:00,"Thermal runaway risk, shutdown initiated for cooling.",Overheating,3
29,59,2024-05-03 07:00:00,"Sensors calibrated, readings normal.",No Fault,0
29,60,2024-05-03 08:00:00,cooling system check: ok.,No Fault,0
29,62,2024-05-03 10:00:00,"Operator log: shift ended, machine running smoothly.",No Fault,0
29,65,2024-05-03 13:00:00,"Sensors calibrated, readings normal.",No Fault,0
29,67,2024-05-03 15:00:00,"Sensors calibrated, readings normal.",No Fault,0
29,68,2024-05-03 16:00:00,system operating within normal parameters.,No Fault,0
29,70,2024-05-03 18:00:00,"Routine check completed, no issues found.",No Fault,0
29,75,2024-05-03 23:00:00,"Operator log: shift ended, machine running smoothly.",No Fault,0
29,76,2024-05-04 00:00:00,Cooling system check: OK.,No Fault,0
29,84,2024-05-04 08:00:00,Cooling system check: OK.,No Fault,0
29,87,2024-05-04 11:00:00,"Sensors calibrated, readings normal.",No Fault,0
29,90,2024-05-04 14:00:00,Visual inspection passed.,No Fault,0
29,92,2024-05-04 16:00:00,"Sensors calibrated, readings normal.",No Fault,0
29,103,2024-05-05 03:00:00,scheduled maintenance: oil level checked.,No Fault,0
29,105,2024-05-05 05:00:00,"routine check completed, no issues found.",No Fault,0
29,106,2024-05-05 06:00:00,"Lubrication low, potential bearing wear.",Bearing Issue,2
29,107,2024-05-05 07:00:00,"Routine check completed, no issues found.",No Fault,0
29,113,2024-05-05 13:00:00,system operating within normal parameters.,No Fault,0
29,118,2024-05-05 18:00:00,"Sensors calibrated, readings normal.",No Fault,0
29,119,2024-05-05 19:00:00,"lubrication low, potential bearing wear.",Bearing Issue,2
29,120,2024-05-05 20:00:00,"Abnormal sound from shaft, suspect bearing damage.",Bearing Issue,2
29,122,2024-05-05 22:00:00,"Lubrication low, potential bearing wear.",Bearing Issue,2
29,126,2024-05-06 02:00:00,visual inspection passed.,No Fault,0
29,129,2024-05-06 05:00:00,"sensors calibrated, readings normal.",No Fault,0
29,130,2024-05-06 06:00:00,"Routine check completed, no issues found.",No Fault,0
29,137,2024-05-06 13:00:00,Vibration analysis indicates inner race fault.,Bearing Issue,2
29,141,2024-05-06 17:00:00,"Sensors calibrated, readings normal.",No Fault,0
29,145,2024-05-06 21:00:00,Compressor stall detected.,Fan/Compressor Issue,2
29,147,2024-05-06 23:00:00,"Sensors calibrated, readings normal.",No Fault,0
29,149,2024-05-07 01:00:00,Fan balance check failed.,Fan/Compressor Issue,2
29,157,2024-05-07 09:00:00,Scheduled maintenance: oil level checked.,No Fault,0
29,163,2024-05-07 15:00:00,Vibration analysis indicates inner race fault.,Bearing Issue,2
29,166,2024-05-07 18:00:00,fan blade vibration high.,Fan/Compressor Issue,2
29,169,2024-05-07 21:00:00,Surge detected in low pressure compressor.,Fan/Compressor Issue,2
29,170,2024-05-07 22:00:00,airflow obstruction in intake.,Fan/Compressor Issue,2
29,171,2024-05-07 23:00:00,Vibration analysis indicates inner race fault.,Bearing Issue,2
29,173,2024-05-08 01:00:00,Visual inspection passed.,No Fault,0
29,174,2024-05-08 02:00:00,"Abnormal sound from shaft, suspect bearing damage.",Bearing Issue,2
29,179,2024-05-08 07:00:00,"Routine check completed, no issues found.",No Fault,0
29,182,2024-05-08 10:00:00,visual inspection passed.,No Fault,0
29,184,2024-05-08 12:00:00,Visual inspection passed.,No Fault,0
29,186,2024-05-08 14:00:00,"Operator log: shift ended, machine running smoothly.",No Fault,0
29,188,2024-05-08 16:00:00,surge detected in low pressure compressor.,Fan/Compressor Issue,2
30,8,2024-05-05 08:00:00,visual inspection passed.,No Fault,0
30,13,2024-05-05 13:00:00,Cooling system check: OK.,No Fault,0
30,18,2024-05-05 18:00:00,"Sensors calibrated, readings normal.",No Fault,0
30,28,2024-05-06 04:00:00,scheduled maintenance: oil level checked.,No Fault,0
30,29,2024-05-06 05:00:00,Scheduled maintenance: oil level checked.,No Fault,0
30,31,2024-05-06 07:00:00,Visual inspection passed.,No Fault,0
30,32,2024-05-06 08:00:00,"Operator log: shift ended, machine running smoothly.",No Fault,0
30,33,2024-05-06 09:00:00,Fan blade vibration high.,Fan/Compressor Issue,2
30,37,2024-05-06 13:00:00,"Operator log: shift ended, machine running smoothly.",No Fault,0
30,38,2024-05-06 14:00:00,"Routine check completed, no issues found.",No Fault,0
30,40,2024-05-06 16:00:00,System operating within normal parameters.,No Fault,0
30,42,2024-05-06 18:00:00,"Routine check completed, no issues found.",No Fault,0
30,49,2024-05-07 01:00:00,System operating within normal parameters.,No Fault,0
30,54,2024-05-07 06:00:00,Scheduled maintenance: oil level checked.,No Fault,0
30,58,2024-05-07 10:00:00,"sensors calibrated, readings normal.",No Fault,0
30,70,2024-05-07 22:00:00,Cooling system check: OK.,No Fault,0
30,71,2024-05-07 23:00:00,"Routine check completed, no issues found.",No Fault,0
30,84,2024-05-08 12:00:00,Cooling system check: OK.,No Fault,0
30,90,2024-05-08 18:00:00,Cooling system check: OK.,No Fault,0
30,108,2024-05-09 12:00:00,"Operator log: shift ended, machine running smoothly.",No Fault,0
30,120,2024-05-10 00:00:00,Scheduled maintenance: oil level checked.,No Fault,0
30,121,2024-05-10 01:00:00,Audible noise reported from bearing housing.,Bearing Issue,2
30,124,2024-05-10 04:00:00,"Routine check completed, no issues found.",No Fault,0
30,128,2024-05-10 08:00:00,"Sensors calibrated, readings normal.",No Fault,0
30,130,2024-05-10 10:00:00,visual inspection passed.,No Fault,0
30,135,2024-05-10 15:00:00,Scheduled maintenance: oil level checked.,No Fault,0
30,151,2024-05-11 07:00:00,visual inspection passed.,No Fault,0
30,183,2024-05-12 15:00:00,Visual inspection passed.,No Fault,0
30,185,2024-05-12 17:00:00,Compressor efficiency dropped below 85%.,Fan/Compressor Issue,2
30,191,2024-05-12 23:00:00,overheating warning in high pressure turbine.,Overheating,3
30,192,2024-05-13 00:00:00,"Abnormal sound from shaft, suspect bearing damage.",Bearing Issue,2
30,194,2024-05-13 02:00:00,Fan blade vibration high.,Fan/Compressor Issue,2
30,199,2024-05-13 07:00:00,bearing temperature exceeding threshold.,Bearing Issue,2
30,200,2024-05-13 08:00:00,scheduled maintenance: oil level checked.,No Fault,0
30,207,2024-05-13 15:00:00,cooling system check: ok.,No Fault,0
30,213,2024-05-13 21:00:00,"Sensors calibrated, readings normal.",No Fault,0
30,214,2024-05-13 22:00:00,Heat exchanger efficiency low.,Overheating,3
30,218,2024-05-14 02:00:00,Compressor stall detected.,Fan/Compressor Issue,2
30,222,2024-05-14 06:00:00,Surge detected in low pressure compressor.,Fan/Compressor Issue,2
31,2,2024-05-09 06:00:00,"lubrication low, potential bearing wear.",Bearing Issue,2
31,3,2024-05-09 07:00:00,scheduled maintenance: oil level checked.,No Fault,0
31,6,2024-05-09 10:00:00,"Sensors calibrated, readings normal.",No Fault,0
31,7,2024-05-09 11:00:00,scheduled maintenance: oil level checked.,No Fault,0
31,8,2024-05-09 12:00:00,System operating within normal parameters.,No Fault,0
31,14,2024-05-09 18:00:00,system operating within normal parameters.,No Fault,0
31,16,2024-05-09 20:00:00,"Routine check completed, no issues found.",No Fault,0
31,18,2024-05-09 22:00:00,Scheduled maintenance: oil level checked.,No Fault,0
31,21,2024-05-10 01:00:00,Visual inspection passed.,No Fault,0
31,25,2024-05-10 05:00:00,"operator log: shift ended, machine running smoothly.",No Fault,0
31,26,2024-05-10 06:00:00,"sensors calibrated, readings normal.",No Fault,0
31,28,2024-05-10 08:00:00,"Operator log: shift ended, machine running smoothly.",No Fault,0
31,29,2024-05-10 09:00:00,"Routine check completed, no issues found.",No Fault,0
31,31,2024-05-10 11:00:00,system operating within normal parameters.,No Fault,0
31,35,2024-05-10 15:00:00,Scheduled maintenance: oil level checked.,No Fault,0
31,36,2024-05-10 16:00:00,"Sensors calibrated, readings normal.",No Fault,0
31,38,2024-05-10 18:00:00,"Routine check completed, no issues found.",No Fault,0
31,41,2024-05-10 21:00:00,System operating within normal parameters.,No Fault,0
31,47,2024-05-11 03:00:00,"Operator log: shift ended, machine running smoothly.",No Fault,0
31,50,2024-05-11 06:00:00,scheduled maintenance: oil level checked.,No Fault,0
31,51,2024-05-11 07:00:00,"Routine check completed, no issues found.",No Fault,0
31,58,2024-05-11 14:00:00,"Routine check completed, no issues found.",No Fault,0
31,61,2024-05-11 17:00:00,Cooling system check: OK.,No Fault,0
31,63,2024-05-11 19:00:00,System operating within normal parameters.,No Fault,0
31,65,2024-05-11 21:00:00,cooling system check: ok.,No Fault,0
31,69,2024-05-12 01:00:00,"sensors calibrated, readings normal.",No Fault,0
31,70,2024-05-12 02:00:00,system operating within normal parameters.,No Fault,0
31,74,2024-05-12 06:00:00,"sensors calibrated, readings normal.",No Fault,0
31,77,2024-05-12 09:00:00,Visual inspection passed.,No Fault,0
31,81,2024-05-12 13:00:00,Temperature sensor T2 reading critical high.,Overheating,3
31,83,2024-05-12 15:00:00,Cooling system check: OK.,No Fault,0
31,85,2024-05-12 17:00:00,Exhaust gas temperature warning.,Overheating,3
31,86,2024-05-12 18:00:00,"sensors calibrated, readings normal.",No Fault,0
31,88,2024-05-12 20:00:00,"Operator log: shift ended, machine running smoothly.",No Fault,0
31,90,2024-05-12 22:00:00,"operator log: shift ended, machine running smoothly.",No Fault,0
31,93,2024-05-13 01:00:00,"Operator log: shift ended, machine running smoothly.",No Fault,0
31,94,2024-05-13 02:00:00,"Sensors calibrated, readings normal.",No Fault,0
31,96,2024-05-13 04:00:00,scheduled maintenance: oil level checked.,No Fault,0
31,97,2024-05-13 05:00:00,visual inspection passed.,No Fault,0
31,103,2024-05-13 11:00:00,Surge detected in low pressure compressor.,Fan/Compressor Issue,2
31,104,2024-05-13 12:00:00,"Routine check completed, no issues found.",No Fault,0
31,105,2024-05-13 13:00:00,"Routine check completed, no issues found.",No Fault,0
31,106,2024-05-13 14:00:00,Audible noise reported from bearing housing.,Bearing Issue,2
31,108,2024-05-13 16:00:00,Visual inspection passed.,No Fault,0
31,109,2024-05-13 17:00:00,scheduled maintenance: oil level checked.,No Fault,0
31,110,2024-05-13 18:00:00,Heat exchanger efficiency low.,Overheating,3
31,112,2024-05-13 20:00:00,Vibration analysis indicates inner race fault.,Bearing Issue,2
31,113,2024-05-13 21:00:00,"Routine check completed, no issues found.",No Fault,0
31,114,2024-05-13 22:00:00,Scheduled maintenance: oil level checked.,No Fault,0
31,117,2024-05-14 01:00:00,System operating within normal parameters.,No Fault,0
31,119,2024-05-14 03:00:00,Bearing temperature exceeding threshold.,Bearing Issue,2
31,122,2024-05-14 06:00:00,"Lubrication low, potential bearing wear.",Bearing Issue,2
31,124,2024-05-14 08:00:00,Bearing temperature exceeding threshold.,Bearing Issue,2
31,126,2024-05-14 10:00:00,Bearing temperature exceeding threshold.,Bearing Issue,2
31,137,2024-05-14 21:00:00,Compressor stall detected.,Fan/Compressor Issue,2
31,140,2024-05-15 00:00:00,Airflow obstruction in intake.,Fan/Compressor Issue,2
31,142,2024-05-15 02:00:00,"routine check completed, no issues found.",No Fault,0
31,143,2024-05-15 03:00:00,Temperature sensor T2 reading critical high.,Overheating,3
31,145,2024-05-15 05:00:00,Fan blade vibration high.,Fan/Compressor Issue,2
31,149,2024-05-15 09:00:00,scheduled maintenance: oil level checked.,No Fault,0
32,5,2024-05-13 13:00:00,Cooling system check: OK.,No Fault,0
32,11,2024-05-13 19:00:00,Cooling system check: OK.,No Fault,0
32,14,2024-05-13 22:00:00,"operator log: shift ended, machine running smoothly.",No Fault,0
32,17,2024-05-14 01:00:00,Visual inspection passed.,No Fault,0
32,20,2024-05-14 04:00:00,"Sensors calibrated, readings normal.",No Fault,0
32,26,2024-05-14 10:00:00,temperature sensor t2 reading critical high.,Overheating,3
32,30,2024-05-14 14:00:00,"Sensors calibrated, readings normal.",No Fault,0
32,35,2024-05-14 19:00:00,scheduled maintenance: oil level checked.,No Fault,0
32,39,2024-05-14 23:00:00,"Routine check completed, no issues found.",No Fault,0
32,41,2024-05-15 01:00:00,scheduled maintenance: oil level checked.,No Fault,0
32,42,2024-05-15 02:00:00,Scheduled maintenance: oil level checked.,No Fault,0
32,46,2024-05-15 06:00:00,Visual inspection passed.,No Fault,0
32,48,2024-05-15 08:00:00,visual inspection passed.,No Fault,0
32,56,2024-05-15 16:00:00,visual inspection passed.,No Fault,0
32,57,2024-05-15 17:00:00,"Operator log: shift ended, machine running smoothly.",No Fault,0
32,61,2024-05-15 21:00:00,"sensors calibrated, readings normal.",No Fault,0
32,63,2024-05-15 23:00:00,"Sensors calibrated, readings normal.",No Fault,0
32,66,2024-05-16 02:00:00,"Operator log: shift ended, machine running smoothly.",No Fault,0
32,71,2024-05-16 07:00:00,cooling system check: ok.,No Fault,0
32,74,2024-05-16 10:00:00,Visual inspection passed.,No Fault,0
32,77,2024-05-16 13:00:00,System operating within normal parameters.,No Fault,0
32,80,2024-05-16 16:00:00,System operating within normal parameters.,No Fault,0
32,81,2024-05-16 17:00:00,"routine check completed, no issues found.",No Fault,0
32,83,2024-05-16 19:00:00,Visual inspection passed.,No Fault,0
32,85,2024-05-16 21:00:00,System operating within normal parameters.,No Fault,0
32,86,2024-05-16 22:00:00,"Routine check completed, no issues found.",No Fault,0
32,89,2024-05-17 01:00:00,"routine check completed, no issues found.",No Fault,0
32,90,2024-05-17 02:00:00,"Routine check completed, no issues found.",No Fault,0
32,96,2024-05-17 08:00:00,Scheduled maintenance: oil level checked.,No Fault,0
32,99,2024-05-17 11:00:00,Vibration analysis indicates inner race fault.,Bearing Issue,2
32,101,2024-05-17 13:00:00,scheduled maintenance: oil level checked.,No Fault,0
32,116,2024-05-18 04:00:00,"Sensors calibrated, readings normal.",No Fault,0
32,118,2024-05-18 06:00:00,scheduled maintenance: oil level checked.,No Fault,0
32,121,2024-05-18 09:00:00,"routine check completed, no issues found.",No Fault,0
32,125,2024-05-18 13:00:00,Fan blade vibration high.,Fan/Compressor Issue,2
32,129,2024-05-18 17:00:00,exhaust gas temperature warning.,Overheating,3
32,133,2024-05-18 21:00:00,Fan blade vibration high.,Fan/Compressor Issue,2
32,136,2024-05-19 00:00:00,scheduled maintenance: oil level checked.,No Fault,0
32,141,2024-05-19 05:00:00,scheduled maintenance: oil level checked.,No Fault,0
32,142,2024-05-19 06:00:00,"Abnormal sound from shaft, suspect bearing damage.",Bearing Issue,2
32,143,2024-05-19 07:00:00,High vibration detected in main bearing.,Bearing Issue,2
32,148,2024-05-19 12:00:00,surge detected in low pressure compressor.,Fan/Compressor Issue,2
32,150,2024-05-19 14:00:00,visual inspection passed.,No Fault,0
32,151,2024-05-19 15:00:00,Scheduled maintenance: oil level checked.,No Fault,0
32,155,2024-05-19 19:00:00,Bearing temperature exceeding threshold.,Bearing Issue,2
33,1,2024-05-17 13:00:00,"Routine check completed, no issues found.",No Fault,0
33,2,2024-05-17 14:00:00,"coolant pressure drop, potential leak.",Overheating,3
33,20,2024-05-18 08:00:00,Fan blade vibration high.,Fan/Compressor Issue,2
33,21,2024-05-18 09:00:00,"Routine check completed, no issues found.",No Fault,0
33,22,2024-05-18 10:00:00,"operator log: shift ended, machine running smoothly.",No Fault,0
33,24,2024-05-18 12:00:00,fan blade vibration high.,Fan/Compressor Issue,2
33,25,2024-05-18 13:00:00,"Operator log: shift ended, machine running smoothly.",No Fault,0
33,33,2024-05-18 21:00:00,Cooling system check: OK.,No Fault,0
33,35,2024-05-18 23:00:00,"Operator log: shift ended, machine running smoothly.",No Fault,0
33,39,2024-05-19 03:00:00,"Routine check completed, no issues found.",No Fault,0
33,43,2024-05-19 07:00:00,"Operator log: shift ended, machine running smoothly.",No Fault,0
33,49,2024-05-19 13:00:00,Cooling system check: OK.,No Fault,0
33,55,2024-05-19 19:00:00,Scheduled maintenance: oil level checked.,No Fault,0
33,56,2024-05-19 20:00:00,"Sensors calibrated, readings normal.",No Fault,0
33,57,2024-05-19 21:00:00,Visual inspection passed.,No Fault,0
33,59,2024-05-19 23:00:00,"routine check completed, no issues found.",No Fault,0
33,62,2024-05-20 02:00:00,cooling system check: ok.,No Fault,0
33,65,2024-05-20 05:00:00,Visual inspection passed.,No Fault,0
33,69,2024-05-20 09:00:00,cooling system check: ok.,No Fault,0
33,77,2024-05-20 17:00:00,Scheduled maintenance: oil level checked.,No Fault,0
33,87,2024-05-21 03:00:00,Bearing temperature exceeding threshold.,Bearing Issue,2
33,88,2024-05-21 04:00:00,System operating within normal parameters.,No Fault,0
33,92,2024-05-21 08:00:00,visual inspection passed.,No Fault,0
33,103,2024-05-21 19:00:00,Bearing temperature exceeding threshold.,Bearing Issue,2
33,106,2024-05-21 22:00:00,"Routine check completed, no issues found.",No Fault,0
33,111,2024-05-22 03:00:00,cooling system check: ok.,No Fault,0
33,117,2024-05-22 09:00:00,System operating within normal parameters.,No Fault,0
33,128,2024-05-22 20:00:00,Compressor efficiency dropped below 85%.,Fan/Compressor Issue,2
33,129,2024-05-22 21:00:00,System operating within normal parameters.,No Fault,0
33,132,2024-05-23 00:00:00,Fan blade vibration high.,Fan/Compressor Issue,2
33,134,2024-05-23 02:00:00,"Sensors calibrated, readings normal.",No Fault,0
33,138,2024-05-23 06:00:00,"Sensors calibrated, readings normal.",No Fault,0
33,141,2024-05-23 09:00:00,Scheduled maintenance: oil level checked.,No Fault,0
33,145,2024-05-23 13:00:00,"coolant pressure drop, potential leak.",Overheating,3
33,147,2024-05-23 15:00:00,"Sensors calibrated, readings normal.",No Fault,0
33,148,2024-05-23 16:00:00,"Operator log: shift ended, machine running smoothly.",No Fault,0
33,151,2024-05-23 19:00:00,"Operator log: shift ended, machine running smoothly.",No Fault,0
33,156,2024-05-24 00:00:00,Audible noise reported from bearing housing.,Bearing Issue,2
33,157,2024-05-24 01:00:00,"Operator log: shift ended, machine running smoothly.",No Fault,0
33,161,2024-05-24 05:00:00,"lubrication low, potential bearing wear.",Bearing Issue,2
33,165,2024-05-24 09:00:00,Fan balance check failed.,Fan/Compressor Issue,2
33,171,2024-05-24 15:00:00,Heat exchanger efficiency low.,Overheating,3
33,173,2024-05-24 17:00:00,"Routine check completed, no issues found.",No Fault,0
33,174,2024-05-24 18:00:00,"Routine check completed, no issues found.",No Fault,0
33,180,2024-05-25 00:00:00,"Thermal runaway risk, shutdown initiated for cooling.",Overheating,3
33,181,2024-05-25 01:00:00,Visual inspection passed.,No Fault,0
33,182,2024-05-25 02:00:00,Cooling system check: OK.,No Fault,0
33,188,2024-05-25 08:00:00,compressor efficiency dropped below 85%.,Fan/Compressor Issue,2
33,191,2024-05-25 11:00:00,Fan balance check failed.,Fan/Compressor Issue,2
33,192,2024-05-25 12:00:00,Cooling system check: OK.,No Fault,0
33,195,2024-05-25 15:00:00,Bearing temperature exceeding threshold.,Bearing Issue,2
33,198,2024-05-25 18:00:00,Visual inspection passed.,No Fault,0
33,204,2024-05-26 00:00:00,Cooling system check: OK.,No Fault,0
33,205,2024-05-26 01:00:00,High vibration detected in main bearing.,Bearing Issue,2
33,210,2024-05-26 06:00:00,Overheating warning in high pressure turbine.,Overheating,3
33,211,2024-05-26 07:00:00,"lubrication low, potential bearing wear.",Bearing Issue,2
33,220,2024-05-26 16:00:00,"Thermal runaway risk, shutdown initiated for cooling.",Overheating,3
33,222,2024-05-26 18:00:00,"Sensors calibrated, readings normal.",No Fault,0
34,1,2024-05-21 17:00:00,Scheduled maintenance: oil level checked.,No Fault,0
34,3,2024-05-21 19:00:00,"routine check completed, no issues found.",No Fault,0
34,4,2024-05-21 20:00:00,Scheduled maintenance: oil level checked.,No Fault,0
34,5,2024-05-21 21:00:00,"thermal runaway risk, shutdown initiated for cooling.",Overheating,3
34,10,2024-05-22 02:00:00,Cooling system check: OK.,No Fault,0
34,11,2024-05-22 03:00:00,Cooling system check: OK.,No Fault,0
34,12,2024-05-22 04:00:00,Scheduled maintenance: oil level checked.,No Fault,0
34,14,2024-05-22 06:00:00,Cooling system check: OK.,No Fault,0
34,23,2024-05-22 15:00:00,visual inspection passed.,No Fault,0
34,26,2024-05-22 18:00:00,Visual inspection passed.,No Fault,0
34,28,2024-05-22 20:00:00,"Lubrication low, potential bearing wear.",Bearing Issue,2
34,29,2024-05-22 21:00:00,"Routine check completed, no issues found.",No Fault,0
34,32,2024-05-23 00:00:00,"Operator log: shift ended, machine running smoothly.",No Fault,0
34,33,2024-05-23 01:00:00,"Sensors calibrated, readings normal.",No Fault,0
34,35,2024-05-23 03:00:00,Scheduled maintenance: oil level checked.,No Fault,0
34,36,2024-05-23 04:00:00,visual inspection passed.,No Fault,0
34,40,2024-05-23 08:00:00,visual inspection passed.,No Fault,0
34,51,2024-05-23 19:00:00,high vibration detected in main bearing.,Bearing Issue,2
34,53,2024-05-23 21:00:00,Scheduled maintenance: oil level checked.,No Fault,0
34,61,2024-05-24 05:00:00,"Lubrication low, potential bearing wear.",Bearing Issue,2
34,62,2024-05-24 06:00:00,"operator log: shift ended, machine running smoothly.",No Fault,0
34,63,2024-05-24 07:00:00,scheduled maintenance: oil level checked.,No Fault,0
34,71,2024-05-24 15:00:00,"Operator log: shift ended, machine running smoothly.",No Fault,0
34,76,2024-05-24 20:00:00,System operating within normal parameters.,No Fault,0
34,79,2024-05-24 23:00:00,"Operator log: shift ended, machine running smoothly.",No Fault,0
34,86,2024-05-25 06:00:00,"Sensors calibrated, readings normal.",No Fault,0
34,90,2024-05-25 10:00:00,"Operator log: shift ended, machine running smoothly.",No Fault,0
34,91,2024-05-25 11:00:00,Cooling system check: OK.,No Fault,0
34,92,2024-05-25 12:00:00,cooling system check: ok.,No Fault,0
34,96,2024-05-25 16:00:00,Visual inspection passed.,No Fault,0
34,98,2024-05-25 18:00:00,"Sensors calibrated, readings normal.",No Fault,0
34,100,2024-05-25 20:00:00,System operating within normal parameters.,No Fault,0
34,109,2024-05-26 05:00:00,Temperature sensor T2 reading critical high.,Overheating,3
34,111,2024-05-26 07:00:00,System operating within normal parameters.,No Fault,0
34,129,2024-05-27 01:00:00,Visual inspection passed.,No Fault,0
34,130,2024-05-27 02:00:00,Scheduled maintenance: oil level checked.,No Fault,0
34,133,2024-05-27 05:00:00,Visual inspection passed.,No Fault,0
34,134,2024-05-27 06:00:00,"Lubrication low, potential bearing wear.",Bearing Issue,2
34,136,2024-05-27 08:00:00,Exhaust gas temperature warning.,Overheating,3
34,137,2024-05-27 09:00:00,Visual inspection passed.,No Fault,0
34,144,2024-05-27 16:00:00,Bearing temperature exceeding threshold.,Bearing Issue,2
34,147,2024-05-27 19:00:00,"Sensors calibrated, readings normal.",No Fault,0
34,148,2024-05-27 20:00:00,heat exchanger efficiency low.,Overheating,3
34,155,2024-05-28 03:00:00,Cooling system check: OK.,No Fault,0
34,159,2024-05-28 07:00:00,"Operator log: shift ended, machine running smoothly.",No Fault,0
34,162,2024-05-28 10:00:00,"Sensors calibrated, readings normal.",No Fault,0
34,166,2024-05-28 14:00:00,Fan blade vibration high.,Fan/Compressor Issue,2
34,171,2024-05-28 19:00:00,Fan balance check failed.,Fan/Compressor Issue,2
34,194,2024-05-29 18:00:00,"abnormal sound from shaft, suspect bearing damage.",Bearing Issue,2
34,196,2024-05-29 20:00:00,Overheating warning in high pressure turbine.,Overheating,3
34,199,2024-05-29 23:00:00,Audible noise reported from bearing housing.,Bearing Issue,2
34,200,2024-05-30 00:00:00,Fan blade vibration high.,Fan/Compressor Issue,2
34,204,2024-05-30 04:00:00,audible noise reported from bearing housing.,Bearing Issue,2
34,207,2024-05-30 07:00:00,"Operator log: shift ended, machine running smoothly.",No Fault,0
34,212,2024-05-30 12:00:00,"Operator log: shift ended, machine running smoothly.",No Fault,0
34,213,2024-05-30 13:00:00,overheating warning in high pressure turbine.,Overheating,3
34,214,2024-05-30 14:00:00,high vibration detected in main bearing.,Bearing Issue,2
34,215,2024-05-30 15:00:00,Heat exchanger efficiency low.,Overheating,3
34,217,2024-05-30 17:00:00,fan blade vibration high.,Fan/Compressor Issue,2
34,221,2024-05-30 21:00:00,high vibration detected in main bearing.,Bearing Issue,2
35,4,2024-05-26 00:00:00,Visual inspection passed.,No Fault,0
35,5,2024-05-26 01:00:00,system operating within normal parameters.,No Fault,0
35,13,2024-05-26 09:00:00,Visual inspection passed.,No Fault,0
35,25,2024-05-26 21:00:00,"Routine check completed, no issues found.",No Fault,0
35,26,2024-05-26 22:00:00,Cooling system check: OK.,No Fault,0
35,35,2024-05-27 07:00:00,System operating within normal parameters.,No Fault,0
35,37,2024-05-27 09:00:00,"Sensors calibrated, readings normal.",No Fault,0
35,57,2024-05-28 05:00:00,"routine check completed, no issues found.",No Fault,0
35,59,2024-05-28 07:00:00,"routine check completed, no issues found.",No Fault,0
35,61,2024-05-28 09:00:00,"sensors calibrated, readings normal.",No Fault,0
35,64,2024-05-28 12:00:00,"routine check completed, no issues found.",No Fault,0
35,74,2024-05-28 22:00:00,visual inspection passed.,No Fault,0
35,75,2024-05-28 23:00:00,Scheduled maintenance: oil level checked.,No Fault,0
35,76,2024-05-29 00:00:00,"Sensors calibrated, readings normal.",No Fault,0
35,90,2024-05-29 14:00:00,Scheduled maintenance: oil level checked.,No Fault,0
35,91,2024-05-29 15:00:00,Cooling system check: OK.,No Fault,0
35,94,2024-05-29 18:00:00,Scheduled maintenance: oil level checked.,No Fault,0
35,101,2024-05-30 01:00:00,Cooling system check: OK.,No Fault,0
35,105,2024-05-30 05:00:00,"routine check completed, no issues found.",No Fault,0
35,107,2024-05-30 07:00:00,Visual inspection passed.,No Fault,0
35,111,2024-05-30 11:00:00,Scheduled maintenance: oil level checked.,No Fault,0
35,115,2024-05-30 15:00:00,"Operator log: shift ended, machine running smoothly.",No Fault,0
35,119,2024-05-30 19:00:00,Visual inspection passed.,No Fault,0
35,121,2024-05-30 21:00:00,visual inspection passed.,No Fault,0
35,153,2024-06-01 05:00:00,"Abnormal sound from shaft, suspect bearing damage.",Bearing Issue,2
35,173,2024-06-02 01:00:00,visual inspection passed.,No Fault,0
35,181,2024-06-02 09:00:00,Visual inspection passed.,No Fault,0
35,184,2024-06-02 12:00:00,cooling system check: ok.,No Fault,0
35,185,2024-06-02 13:00:00,Temperature sensor T2 reading critical high.,Overheating,3
35,216,2024-06-03 20:00:00,Heat exchanger efficiency low.,Overheating,3
35,219,2024-06-03 23:00:00,visual inspection passed.,No Fault,0
35,222,2024-06-04 02:00:00,Visual inspection passed.,No Fault,0
35,224,2024-06-04 04:00:00,fan blade vibration high.,Fan/Compressor Issue,2
35,228,2024-06-04 08:00:00,Overheating warning in high pressure turbine.,Overheating,3
35,233,2024-06-04 13:00:00,"routine check completed, no issues found.",No Fault,0
36,1,2024-05-30 01:00:00,"Operator log: shift ended, machine running smoothly.",No Fault,0
36,4,2024-05-30 04:00:00,"Routine check completed, no issues found.",No Fault,0
36,7,2024-05-30 07:00:00,Visual inspection passed.,No Fault,0
36,8,2024-05-30 08:00:00,Scheduled maintenance: oil level checked.,No Fault,0
36,10,2024-05-30 10:00:00,"routine check completed, no issues found.",No Fault,0
36,13,2024-05-30 13:00:00,temperature sensor t2 reading critical high.,Overheating,3
36,16,2024-05-30 16:00:00,"sensors calibrated, readings normal.",No Fault,0
36,20,2024-05-30 20:00:00,"Sensors calibrated, readings normal.",No Fault,0
36,21,2024-05-30 21:00:00,Scheduled maintenance: oil level checked.,No Fault,0
36,24,2024-05-31 00:00:00,"Routine check completed, no issues found.",No Fault,0
36,37,2024-05-31 13:00:00,Scheduled maintenance: oil level checked.,No Fault,0
36,42,2024-05-31 18:00:00,"Sensors calibrated, readings normal.",No Fault,0
36,44,2024-05-31 20:00:00,"Operator log: shift ended, machine running smoothly.",No Fault,0
36,56,2024-06-01 08:00:00,"routine check completed, no issues found.",No Fault,0
36,61,2024-06-01 13:00:00,"Routine check completed, no issues found.",No Fault,0
36,68,2024-06-01 20:00:00,Cooling system check: OK.,No Fault,0
36,70,2024-06-01 22:00:00,"Operator log: shift ended, machine running smoothly.",No Fault,0
36,74,2024-06-02 02:00:00,Scheduled maintenance: oil level checked.,No Fault,0
36,84,2024-06-02 12:00:00,System operating within normal parameters.,No Fault,0
36,86,2024-06-02 14:00:00,"operator log: shift ended, machine running smoothly.",No Fault,0
36,92,2024-06-02 20:00:00,"routine check completed, no issues found.",No Fault,0
36,110,2024-06-03 14:00:00,Compressor efficiency dropped below 85%.,Fan/Compressor Issue,2
36,111,2024-06-03 15:00:00,"Operator log: shift ended, machine running smoothly.",No Fault,0
36,113,2024-06-03 17:00:00,scheduled maintenance: oil level checked.,No Fault,0
36,124,2024-06-04 04:00:00,"thermal runaway risk, shutdown initiated for cooling.",Overheating,3
36,125,2024-06-04 05:00:00,"sensors calibrated, readings normal.",No Fault,0
36,131,2024-06-04 11:00:00,"Routine check completed, no issues found.",No Fault,0
36,132,2024-06-04 12:00:00,System operating within normal parameters.,No Fault,0
36,134,2024-06-04 14:00:00,"Thermal runaway risk, shutdown initiated for cooling.",Overheating,3
36,135,2024-06-04 15:00:00,cooling system check: ok.,No Fault,0
36,136,2024-06-04 16:00:00,System operating within normal parameters.,No Fault,0
36,137,2024-06-04 17:00:00,"Operator log: shift ended, machine running smoothly.",No Fault,0
36,140,2024-06-04 20:00:00,System operating within normal parameters.,No Fault,0
36,141,2024-06-04 21:00:00,System operating within normal parameters.,No Fault,0
36,142,2024-06-04 22:00:00,Visual inspection passed.,No Fault,0
36,144,2024-06-05 00:00:00,"Operator log: shift ended, machine running smoothly.",No Fault,0
36,147,2024-06-05 03:00:00,exhaust gas temperature warning.,Overheating,3
36,149,2024-06-05 05:00:00,High vibration detected in main bearing.,Bearing Issue,2
36,151,2024-06-05 07:00:00,"Sensors calibrated, readings normal.",No Fault,0
36,152,2024-06-05 08:00:00,"operator log: shift ended, machine running smoothly.",No Fault,0
36,153,2024-06-05 09:00:00,"routine check completed, no issues found.",No Fault,0
36,165,2024-06-05 21:00:00,Airflow obstruction in intake.,Fan/Compressor Issue,2
36,166,2024-06-05 22:00:00,"lubrication low, potential bearing wear.",Bearing Issue,2
36,167,2024-06-05 23:00:00,Surge detected in low pressure compressor.,Fan/Compressor Issue,2
36,168,2024-06-06 00:00:00,Airflow obstruction in intake.,Fan/Compressor Issue,2
36,183,2024-06-06 15:00:00,compressor efficiency dropped below 85%.,Fan/Compressor Issue,2
36,186,2024-06-06 18:00:00,Cooling system check: OK.,No Fault,0
36,188,2024-06-06 20:00:00,compressor stall detected.,Fan/Compressor Issue,2
36,190,2024-06-06 22:00:00,overheating warning in high pressure turbine.,Overheating,3
37,1,2024-06-03 05:00:00,Scheduled maintenance: oil level checked.,No Fault,0
37,2,2024-06-03 06:00:00,"Routine check completed, no issues found.",No Fault,0
37,3,2024-06-03 07:00:00,visual inspection passed.,No Fault,0
37,11,2024-06-03 15:00:00,"Routine check completed, no issues found.",No Fault,0
37,13,2024-06-03 17:00:00,System operating within normal parameters.,No Fault,0
37,20,2024-06-04 00:00:00,system operating within normal parameters.,No Fault,0
37,29,2024-06-04 09:00:00,Overheating warning in high pressure turbine.,Overheating,3
37,38,2024-06-04 18:00:00,"sensors calibrated, readings normal.",No Fault,0
37,41,2024-06-04 21:00:00,system operating within normal parameters.,No Fault,0
37,43,2024-06-04 23:00:00,"Operator log: shift ended, machine running smoothly.",No Fault,0
37,61,2024-06-05 17:00:00,cooling system check: ok.,No Fault,0
37,62,2024-06-05 18:00:00,Cooling system check: OK.,No Fault,0
37,64,2024-06-05 20:00:00,"Routine check completed, no issues found.",No Fault,0
37,72,2024-06-06 04:00:00,"Operator log: shift ended, machine running smoothly.",No Fault,0
37,78,2024-06-06 10:00:00,"operator log: shift ended, machine running smoothly.",No Fault,0
37,80,2024-06-06 12:00:00,Scheduled maintenance: oil level checked.,No Fault,0
37,81,2024-06-06 13:00:00,visual inspection passed.,No Fault,0
37,84,2024-06-06 16:00:00,Heat exchanger efficiency low.,Overheating,3
37,93,2024-06-07 01:00:00,"Operator log: shift ended, machine running smoothly.",No Fault,0
37,96,2024-06-07 04:00:00,cooling system check: ok.,No Fault,0
37,98,2024-06-07 06:00:00,Scheduled maintenance: oil level checked.,No Fault,0
37,100,2024-06-07 08:00:00,scheduled maintenance: oil level checked.,No Fault,0
37,105,2024-06-07 13:00:00,cooling system check: ok.,No Fault,0
37,106,2024-06-07 14:00:00,scheduled maintenance: oil level checked.,No Fault,0
37,107,2024-06-07 15:00:00,Compressor stall detected.,Fan/Compressor Issue,2
37,119,2024-06-08 03:00:00,Cooling system check: OK.,No Fault,0
37,120,2024-06-08 04:00:00,scheduled maintenance: oil level checked.,No Fault,0
37,122,2024-06-08 06:00:00,"Sensors calibrated, readings normal.",No Fault,0
37,134,2024-06-08 18:00:00,cooling system check: ok.,No Fault,0
37,135,2024-06-08 19:00:00,System operating within normal parameters.,No Fault,0
37,138,2024-06-08 22:00:00,cooling system check: ok.,No Fault,0
37,147,2024-06-09 07:00:00,scheduled maintenance: oil level checked.,No Fault,0
37,151,2024-06-09 11:00:00,Visual inspection passed.,No Fault,0
37,159,2024-06-09 19:00:00,vibration analysis indicates inner race fault.,Bearing Issue,2
37,160,2024-06-09 20:00:00,Audible noise reported from bearing housing.,Bearing Issue,2
37,165,2024-06-10 01:00:00,Compressor stall detected.,Fan/Compressor Issue,2
37,166,2024-06-10 02:00:00,Fan balance check failed.,Fan/Compressor Issue,2
37,170,2024-06-10 06:00:00,"Abnormal sound from shaft, suspect bearing damage.",Bearing Issue,2
37,173,2024-06-10 09:00:00,High vibration detected in main bearing.,Bearing Issue,2
37,178,2024-06-10 14:00:00,"Abnormal sound from shaft, suspect bearing damage.",Bearing Issue,2
37,193,2024-06-11 05:00:00,scheduled maintenance: oil level checked.,No Fault,0
38,7,2024-06-07 15:00:00,Scheduled maintenance: oil level checked.,No Fault,0
38,12,2024-06-07 20:00:00,"Sensors calibrated, readings normal.",No Fault,0
38,20,2024-06-08 04:00:00,visual inspection passed.,No Fault,0
38,21,2024-06-08 05:00:00,"operator log: shift ended, machine running smoothly.",No Fault,0
38,27,2024-06-08 11:00:00,"Sensors calibrated, readings normal.",No Fault,0
38,32,2024-06-08 16:00:00,Visual inspection passed.,No Fault,0
38,36,2024-06-08 20:00:00,Visual inspection passed.,No Fault,0
38,37,2024-06-08 21:00:00,Airflow obstruction in intake.,Fan/Compressor Issue,2
38,38,2024-06-08 22:00:00,scheduled maintenance: oil level checked.,No Fault,0
38,39,2024-06-08 23:00:00,"routine check completed, no issues found.",No Fault,0
38,40,2024-06-09 00:00:00,"routine check completed, no issues found.",No Fault,0
38,41,2024-06-09 01:00:00,"Sensors calibrated, readings normal.",No Fault,0
38,49,2024-06-09 09:00:00,System operating within normal parameters.,No Fault,0
38,52,2024-06-09 12:00:00,"Routine check completed, no issues found.",No Fault,0
38,57,2024-06-09 17:00:00,"Sensors calibrated, readings normal.",No Fault,0
38,61,2024-06-09 21:00:00,Scheduled maintenance: oil level checked.,No Fault,0
38,68,2024-06-10 04:00:00,"Operator log: shift ended, machine running smoothly.",No Fault,0
38,73,2024-06-10 09:00:00,Cooling system check: OK.,No Fault,0
38,79,2024-06-10 15:00:00,"Operator log: shift ended, machine running smoothly.",No Fault,0
38,84,2024-06-10 20:00:00,System operating within normal parameters.,No Fault,0
38,85,2024-06-10 21:00:00,Airflow obstruction in intake.,Fan/Compressor Issue,2
38,87,2024-06-10 23:00:00,"operator log: shift ended, machine running smoothly.",No Fault,0
38,88,2024-06-11 00:00:00,Cooling system check: OK.,No Fault,0
38,90,2024-06-11 02:00:00,System operating within normal parameters.,No Fault,0
38,91,2024-06-11 03:00:00,"Operator log: shift ended, machine running smoothly.",No Fault,0
38,97,2024-06-11 09:00:00,"Routine check completed, no issues found.",No Fault,0
38,100,2024-06-11 12:00:00,"Routine check completed, no issues found.",No Fault,0
38,106,2024-06-11 18:00:00,scheduled maintenance: oil level checked.,No Fault,0
38,107,2024-06-11 19:00:00,Audible noise reported from bearing housing.,Bearing Issue,2
38,108,2024-06-11 20:00:00,Visual inspection passed.,No Fault,0
38,109,2024-06-11 21:00:00,"Sensors calibrated, readings normal.",No Fault,0
38,111,2024-06-11 23:00:00,"Sensors calibrated, readings normal.",No Fault,0
38,122,2024-06-12 10:00:00,"Routine check completed, no issues found.",No Fault,0
38,124,2024-06-12 12:00:00,"lubrication low, potential bearing wear.",Bearing Issue,2
38,127,2024-06-12 15:00:00,bearing temperature exceeding threshold.,Bearing Issue,2
38,129,2024-06-12 17:00:00,Visual inspection passed.,No Fault,0
38,132,2024-06-12 20:00:00,cooling system check: ok.,No Fault,0
38,135,2024-06-12 23:00:00,"Operator log: shift ended, machine running smoothly.",No Fault,0
38,138,2024-06-13 02:00:00,Visual inspection passed.,No Fault,0
38,139,2024-06-13 03:00:00,Compressor efficiency dropped below 85%.,Fan/Compressor Issue,2
38,142,2024-06-13 06:00:00,"Routine check completed, no issues found.",No Fault,0
38,144,2024-06-13 08:00:00,Fan blade vibration high.,Fan/Compressor Issue,2
38,145,2024-06-13 09:00:00,"Routine check completed, no issues found.",No Fault,0
38,147,2024-06-13 11:00:00,compressor efficiency dropped below 85%.,Fan/Compressor Issue,2
38,148,2024-06-13 12:00:00,Cooling system check: OK.,No Fault,0
38,149,2024-06-13 13:00:00,"Abnormal sound from shaft, suspect bearing damage.",Bearing Issue,2
38,154,2024-06-13 18:00:00,Fan balance check failed.,Fan/Compressor Issue,2
38,158,2024-06-13 22:00:00,Compressor efficiency dropped below 85%.,Fan/Compressor Issue,2
38,160,2024-06-14 00:00:00,Fan blade vibration high.,Fan/Compressor Issue,2
38,164,2024-06-14 04:00:00,Cooling system check: OK.,No Fault,0
38,168,2024-06-14 08:00:00,Fan blade vibration high.,Fan/Compressor Issue,2
38,169,2024-06-14 09:00:00,airflow obstruction in intake.,Fan/Compressor Issue,2
38,171,2024-06-14 11:00:00,Scheduled maintenance: oil level checked.,No Fault,0
38,173,2024-06-14 13:00:00,"Abnormal sound from shaft, suspect bearing damage.",Bearing Issue,2
38,176,2024-06-14 16:00:00,Heat exchanger efficiency low.,Overheating,3
38,177,2024-06-14 17:00:00,Vibration analysis indicates inner race fault.,Bearing Issue,2
39,11,2024-06-11 23:00:00,"routine check completed, no issues found.",No Fault,0
39,15,2024-06-12 03:00:00,"Operator log: shift ended, machine running smoothly.",No Fault,0
39,16,2024-06-12 04:00:00,Visual inspection passed.,No Fault,0
39,21,2024-06-12 09:00:00,System operating within normal parameters.,No Fault,0
39,28,2024-06-12 16:00:00,"operator log: shift ended, machine running smoothly.",No Fault,0
39,38,2024-06-13 02:00:00,"Routine check completed, no issues found.",No Fault,0
39,41,2024-06-13 05:00:00,cooling system check: ok.,No Fault,0
39,45,2024-06-13 09:00:00,Scheduled maintenance: oil level checked.,No Fault,0
39,56,2024-06-13 20:00:00,system operating within normal parameters.,No Fault,0
39,61,2024-06-14 01:00:00,bearing temperature exceeding threshold.,Bearing Issue,2
39,68,2024-06-14 08:00:00,"sensors calibrated, readings normal.",No Fault,0
39,88,2024-06-15 04:00:00,"lubrication low, potential bearing wear.",Bearing Issue,2
39,117,2024-06-16 09:00:00,scheduled maintenance: oil level checked.,No Fault,0
39,120,2024-06-16 12:00:00,system operating within normal parameters.,No Fault,0
39,123,2024-06-16 15:00:00,Visual inspection passed.,No Fault,0
39,128,2024-06-16 20:00:00,scheduled maintenance: oil level checked.,No Fault,0
39,130,2024-06-16 22:00:00,"sensors calibrated, readings normal.",No Fault,0
39,134,2024-06-17 02:00:00,"operator log: shift ended, machine running smoothly.",No Fault,0
39,135,2024-06-17 03:00:00,"Routine check completed, no issues found.",No Fault,0
39,141,2024-06-17 09:00:00,System operating within normal parameters.,No Fault,0
39,144,2024-06-17 12:00:00,visual inspection passed.,No Fault,0
39,152,2024-06-17 20:00:00,Surge detected in low pressure compressor.,Fan/Compressor Issue,2
39,164,2024-06-18 08:00:00,System operating within normal parameters.,No Fault,0
39,187,2024-06-19 07:00:00,"Sensors calibrated, readings normal.",No Fault,0
39,202,2024-06-19 22:00:00,compressor efficiency dropped below 85%.,Fan/Compressor Issue,2
40,1,2024-06-15 17:00:00,Airflow obstruction in intake.,Fan/Compressor Issue,2
40,7,2024-06-15 23:00:00,"sensors calibrated, readings normal.",No Fault,0
40,11,2024-06-16 03:00:00,"sensors calibrated, readings normal.",No Fault,0
40,13,2024-06-16 05:00:00,Scheduled maintenance: oil level checked.,No Fault,0
40,18,2024-06-16 10:00:00,scheduled maintenance: oil level checked.,No Fault,0
40,19,2024-06-16 11:00:00,"Routine check completed, no issues found.",No Fault,0
40,21,2024-06-16 13:00:00,"sensors calibrated, readings normal.",No Fault,0
40,26,2024-06-16 18:00:00,Fan balance check failed.,Fan/Compressor Issue,2
40,32,2024-06-17 00:00:00,System operating within normal parameters.,No Fault,0
40,33,2024-06-17 01:00:00,Visual inspection passed.,No Fault,0
40,35,2024-06-17 03:00:00,scheduled maintenance: oil level checked.,No Fault,0
40,36,2024-06-17 04:00:00,cooling system check: ok.,No Fault,0
40,41,2024-06-17 09:00:00,Cooling system check: OK.,No Fault,0
40,43,2024-06-17 11:00:00,"Operator log: shift ended, machine running smoothly.",No Fault,0
40,59,2024-06-18 03:00:00,Surge detected in low pressure compressor.,Fan/Compressor Issue,2
40,61,2024-06-18 05:00:00,System operating within normal parameters.,No Fault,0
40,66,2024-06-18 10:00:00,visual inspection passed.,No Fault,0
40,69,2024-06-18 13:00:00,visual inspection passed.,No Fault,0
40,71,2024-06-18 15:00:00,"operator log: shift ended, machine running smoothly.",No Fault,0
40,78,2024-06-18 22:00:00,"Operator log: shift ended, machine running smoothly.",No Fault,0
40,80,2024-06-19 00:00:00,"Operator log: shift ended, machine running smoothly.",No Fault,0
40,84,2024-06-19 04:00:00,"Routine check completed, no issues found.",No Fault,0
40,87,2024-06-19 07:00:00,"Sensors calibrated, readings normal.",No Fault,0
40,89,2024-06-19 09:00:00,"operator log: shift ended, machine running smoothly.",No Fault,0
40,91,2024-06-19 11:00:00,Cooling system check: OK.,No Fault,0
40,95,2024-06-19 15:00:00,visual inspection passed.,No Fault,0
40,96,2024-06-19 16:00:00,Scheduled maintenance: oil level checked.,No Fault,0
40,102,2024-06-19 22:00:00,Visual inspection passed.,No Fault,0
40,105,2024-06-20 01:00:00,scheduled maintenance: oil level checked.,No Fault,0
40,109,2024-06-20 05:00:00,Visual inspection passed.,No Fault,0
40,112,2024-06-20 08:00:00,Scheduled maintenance: oil level checked.,No Fault,0
40,119,2024-06-20 15:00:00,Visual inspection passed.,No Fault,0
40,126,2024-06-20 22:00:00,"Sensors calibrated, readings normal.",No Fault,0
40,128,2024-06-21 00:00:00,system operating within normal parameters.,No Fault,0
40,130,2024-06-21 02:00:00,"Operator log: shift ended, machine running smoothly.",No Fault,0
40,131,2024-06-21 03:00:00,scheduled maintenance: oil level checked.,No Fault,0
40,134,2024-06-21 06:00:00,system operating within normal parameters.,No Fault,0
40,135,2024-06-21 07:00:00,exhaust gas temperature warning.,Overheating,3
40,140,2024-06-21 12:00:00,Compressor stall detected.,Fan/Compressor Issue,2
40,141,2024-06-21 13:00:00,Surge detected in low pressure compressor.,Fan/Compressor Issue,2
40,142,2024-06-21 14:00:00,"Thermal runaway risk, shutdown initiated for cooling.",Overheating,3
40,143,2024-06-21 15:00:00,High vibration detected in main bearing.,Bearing Issue,2
40,147,2024-06-21 19:00:00,Scheduled maintenance: oil level checked.,No Fault,0
40,148,2024-06-21 20:00:00,bearing temperature exceeding threshold.,Bearing Issue,2
40,150,2024-06-21 22:00:00,vibration analysis indicates inner race fault.,Bearing Issue,2
40,151,2024-06-21 23:00:00,"Routine check completed, no issues found.",No Fault,0
40,152,2024-06-22 00:00:00,Fan balance check failed.,Fan/Compressor Issue,2
40,153,2024-06-22 01:00:00,Cooling system check: OK.,No Fault,0
40,154,2024-06-22 02:00:00,"Operator log: shift ended, machine running smoothly.",No Fault,0
40,158,2024-06-22 06:00:00,System operating within normal parameters.,No Fault,0
40,161,2024-06-22 09:00:00,"Sensors calibrated, readings normal.",No Fault,0
40,165,2024-06-22 13:00:00,Fan balance check failed.,Fan/Compressor Issue,2
40,169,2024-06-22 17:00:00,"Routine check completed, no issues found.",No Fault,0
40,179,2024-06-23 03:00:00,"Lubrication low, potential bearing wear.",Bearing Issue,2
40,187,2024-06-23 11:00:00,system operating within normal parameters.,No Fault,0
40,188,2024-06-23 12:00:00,"Sensors calibrated, readings normal.",No Fault,0
40,189,2024-06-23 13:00:00,compressor efficiency dropped below 85%.,Fan/Compressor Issue,2
40,200,2024-06-24 00:00:00,"Operator log: shift ended, machine running smoothly.",No Fault,0
40,201,2024-06-24 01:00:00,Airflow obstruction in intake.,Fan/Compressor Issue,2
40,202,2024-06-24 02:00:00,Fan balance check failed.,Fan/Compressor Issue,2
40,203,2024-06-24 03:00:00,Exhaust gas temperature warning.,Overheating,3
40,205,2024-06-24 05:00:00,Compressor stall detected.,Fan/Compressor Issue,2
40,208,2024-06-24 08:00:00,Overheating warning in high pressure turbine.,Overheating,3
40,210,2024-06-24 10:00:00,Surge detected in low pressure compressor.,Fan/Compressor Issue,2
40,219,2024-06-24 19:00:00,Surge detected in low pressure compressor.,Fan/Compressor Issue,2
41,5,2024-06-20 01:00:00,"Sensors calibrated, readings normal.",No Fault,0
41,14,2024-06-20 10:00:00,Visual inspection passed.,No Fault,0
41,17,2024-06-20 13:00:00,scheduled maintenance: oil level checked.,No Fault,0
41,19,2024-06-20 15:00:00,"Operator log: shift ended, machine running smoothly.",No Fault,0
41,22,2024-06-20 18:00:00,System operating within normal parameters.,No Fault,0
41,23,2024-06-20 19:00:00,Scheduled maintenance: oil level checked.,No Fault,0
41,25,2024-06-20 21:00:00,"Operator log: shift ended, machine running smoothly.",No Fault,0
41,26,2024-06-20 22:00:00,visual inspection passed.,No Fault,0
41,29,2024-06-21 01:00:00,cooling system check: ok.,No Fault,0
41,43,2024-06-21 15:00:00,"Sensors calibrated, readings normal.",No Fault,0
41,59,2024-06-22 07:00:00,Scheduled maintenance: oil level checked.,No Fault,0
41,66,2024-06-22 14:00:00,"Operator log: shift ended, machine running smoothly.",No Fault,0
41,68,2024-06-22 16:00:00,"routine check completed, no issues found.",No Fault,0
41,71,2024-06-22 19:00:00,Cooling system check: OK.,No Fault,0
41,75,2024-06-22 23:00:00,System operating within normal parameters.,No Fault,0
41,76,2024-06-23 00:00:00,Scheduled maintenance: oil level checked.,No Fault,0
41,77,2024-06-23 01:00:00,Visual inspection passed.,No Fault,0
41,79,2024-06-23 03:00:00,Scheduled maintenance: oil level checked.,No Fault,0
41,83,2024-06-23 07:00:00,Visual inspection passed.,No Fault,0
41,91,2024-06-23 15:00:00,"operator log: shift ended, machine running smoothly.",No Fault,0
41,92,2024-06-23 16:00:00,system operating within normal parameters.,No Fault,0
41,93,2024-06-23 17:00:00,cooling system check: ok.,No Fault,0
41,102,2024-06-24 02:00:00,"operator log: shift ended, machine running smoothly.",No Fault,0
41,104,2024-06-24 04:00:00,Visual inspection passed.,No Fault,0
41,106,2024-06-24 06:00:00,"Sensors calibrated, readings normal.",No Fault,0
41,109,2024-06-24 09:00:00,"routine check completed, no issues found.",No Fault,0
41,112,2024-06-24 12:00:00,system operating within normal parameters.,No Fault,0
41,117,2024-06-24 17:00:00,Scheduled maintenance: oil level checked.,No Fault,0
41,119,2024-06-24 19:00:00,exhaust gas temperature warning.,Overheating,3
41,122,2024-06-24 22:00:00,fan balance check failed.,Fan/Compressor Issue,2
41,130,2024-06-25 06:00:00,Bearing temperature exceeding threshold.,Bearing Issue,2
41,133,2024-06-25 09:00:00,Scheduled maintenance: oil level checked.,No Fault,0
41,140,2024-06-25 16:00:00,"Operator log: shift ended, machine running smoothly.",No Fault,0
41,141,2024-06-25 17:00:00,scheduled maintenance: oil level checked.,No Fault,0
41,142,2024-06-25 18:00:00,"Operator log: shift ended, machine running smoothly.",No Fault,0
41,146,2024-06-25 22:00:00,"Operator log: shift ended, machine running smoothly.",No Fault,0
41,147,2024-06-25 23:00:00,"Thermal runaway risk, shutdown initiated for cooling.",Overheating,3
41,150,2024-06-26 02:00:00,Exhaust gas temperature warning.,Overheating,3
41,153,2024-06-26 05:00:00,Vibration analysis indicates inner race fault.,Bearing Issue,2
41,165,2024-06-26 17:00:00,Audible noise reported from bearing housing.,Bearing Issue,2
41,169,2024-06-26 21:00:00,Heat exchanger efficiency low.,Overheating,3
41,172,2024-06-27 00:00:00,Compressor efficiency dropped below 85%.,Fan/Compressor Issue,2
41,173,2024-06-27 01:00:00,"Operator log: shift ended, machine running smoothly.",No Fault,0
41,177,2024-06-27 05:00:00,Compressor stall detected.,Fan/Compressor Issue,2
42,5,2024-06-24 05:00:00,"Routine check completed, no issues found.",No Fault,0
42,7,2024-06-24 07:00:00,Visual inspection passed.,No Fault,0
42,8,2024-06-24 08:00:00,cooling system check: ok.,No Fault,0
42,10,2024-06-24 10:00:00,Visual inspection passed.,No Fault,0
42,14,2024-06-24 14:00:00,Visual inspection passed.,No Fault,0
42,19,2024-06-24 19:00:00,"operator log: shift ended, machine running smoothly.",No Fault,0
42,30,2024-06-25 06:00:00,"routine check completed, no issues found.",No Fault,0
42,35,2024-06-25 11:00:00,compressor efficiency dropped below 85%.,Fan/Compressor Issue,2
42,43,2024-06-25 19:00:00,"Sensors calibrated, readings normal.",No Fault,0
42,53,2024-06-26 05:00:00,Visual inspection passed.,No Fault,0
42,56,2024-06-26 08:00:00,"Routine check completed, no issues found.",No Fault,0
42,58,2024-06-26 10:00:00,"Sensors calibrated, readings normal.",No Fault,0
42,72,2024-06-27 00:00:00,Scheduled maintenance: oil level checked.,No Fault,0
42,77,2024-06-27 05:00:00,System operating within normal parameters.,No Fault,0
42,98,2024-06-28 02:00:00,"Sensors calibrated, readings normal.",No Fault,0
42,109,2024-06-28 13:00:00,"Sensors calibrated, readings normal.",No Fault,0
42,126,2024-06-29 06:00:00,surge detected in low pressure compressor.,Fan/Compressor Issue,2
42,137,2024-06-29 17:00:00,Cooling system check: OK.,No Fault,0
42,142,2024-06-29 22:00:00,"Operator log: shift ended, machine running smoothly.",No Fault,0
42,158,2024-06-30 14:00:00,"sensors calibrated, readings normal.",No Fault,0
42,160,2024-06-30 16:00:00,"Thermal runaway risk, shutdown initiated for cooling.",Overheating,3
42,170,2024-07-01 02:00:00,Scheduled maintenance: oil level checked.,No Fault,0
42,178,2024-07-01 10:00:00,Cooling system check: OK.,No Fault,0
42,179,2024-07-01 11:00:00,visual inspection passed.,No Fault,0
42,186,2024-07-01 18:00:00,Airflow obstruction in intake.,Fan/Compressor Issue,2
42,193,2024-07-02 01:00:00,"Routine check completed, no issues found.",No Fault,0
42,210,2024-07-02 18:00:00,"coolant pressure drop, potential leak.",Overheating,3
42,214,2024-07-02 22:00:00,"operator log: shift ended, machine running smoothly.",No Fault,0
42,252,2024-07-04 12:00:00,Exhaust gas temperature warning.,Overheating,3
43,1,2024-06-28 05:00:00,"routine check completed, no issues found.",No Fault,0
43,5,2024-06-28 09:00:00,Cooling system check: OK.,No Fault,0
43,10,2024-06-28 14:00:00,Scheduled maintenance: oil level checked.,No Fault,0
43,16,2024-06-28 20:00:00,System operating within normal parameters.,No Fault,0
43,17,2024-06-28 21:00:00,Scheduled maintenance: oil level checked.,No Fault,0
43,22,2024-06-29 02:00:00,Visual inspection passed.,No Fault,0
43,26,2024-06-29 06:00:00,Scheduled maintenance: oil level checked.,No Fault,0
43,27,2024-06-29 07:00:00,Bearing temperature exceeding threshold.,Bearing Issue,2
43,30,2024-06-29 10:00:00,"operator log: shift ended, machine running smoothly.",No Fault,0
43,33,2024-06-29 13:00:00,Visual inspection passed.,No Fault,0
43,34,2024-06-29 14:00:00,Scheduled maintenance: oil level checked.,No Fault,0
43,36,2024-06-29 16:00:00,System operating within normal parameters.,No Fault,0
43,43,2024-06-29 23:00:00,System operating within normal parameters.,No Fault,0
43,45,2024-06-30 01:00:00,System operating within normal parameters.,No Fault,0
43,47,2024-06-30 03:00:00,Visual inspection passed.,No Fault,0
43,51,2024-06-30 07:00:00,"Coolant pressure drop, potential leak.",Overheating,3
43,56,2024-06-30 12:00:00,"Sensors calibrated, readings normal.",No Fault,0
43,59,2024-06-30 15:00:00,cooling system check: ok.,No Fault,0
43,66,2024-06-30 22:00:00,Cooling system check: OK.,No Fault,0
43,67,2024-06-30 23:00:00,"Operator log: shift ended, machine running smoothly.",No Fault,0
43,68,2024-07-01 00:00:00,"Lubrication low, potential bearing wear.",Bearing Issue,2
43,70,2024-07-01 02:00:00,cooling system check: ok.,No Fault,0
43,75,2024-07-01 07:00:00,Temperature sensor T2 reading critical high.,Overheating,3
43,87,2024-07-01 19:00:00,Bearing temperature exceeding threshold.,Bearing Issue,2
43,88,2024-07-01 20:00:00,System operating within normal parameters.,No Fault,0
43,98,2024-07-02 06:00:00,cooling system check: ok.,No Fault,0
43,99,2024-07-02 07:00:00,Scheduled maintenance: oil level checked.,No Fault,0
43,100,2024-07-02 08:00:00,Cooling system check: OK.,No Fault,0
43,104,2024-07-02 12:00:00,Visual inspection passed.,No Fault,0
43,110,2024-07-02 18:00:00,Cooling system check: OK.,No Fault,0
43,118,2024-07-03 02:00:00,Exhaust gas temperature warning.,Overheating,3
43,119,2024-07-03 03:00:00,Fan balance check failed.,Fan/Compressor Issue,2
43,128,2024-07-03 12:00:00,visual inspection passed.,No Fault,0
43,129,2024-07-03 13:00:00,"lubrication low, potential bearing wear.",Bearing Issue,2
43,138,2024-07-03 22:00:00,System operating within normal parameters.,No Fault,0
43,143,2024-07-04 03:00:00,"Sensors calibrated, readings normal.",No Fault,0
43,145,2024-07-04 05:00:00,cooling system check: ok.,No Fault,0
43,148,2024-07-04 08:00:00,Vibration analysis indicates inner race fault.,Bearing Issue,2
43,156,2024-07-04 16:00:00,cooling system check: ok.,No Fault,0
43,159,2024-07-04 19:00:00,Scheduled maintenance: oil level checked.,No Fault,0
43,163,2024-07-04 23:00:00,"operator log: shift ended, machine running smoothly.",No Fault,0
43,164,2024-07-05 00:00:00,Fan blade vibration high.,Fan/Compressor Issue,2
43,169,2024-07-05 05:00:00,Airflow obstruction in intake.,Fan/Compressor Issue,2
43,176,2024-07-05 12:00:00,Cooling system check: OK.,No Fault,0
43,183,2024-07-05 19:00:00,"Lubrication low, potential bearing wear.",Bearing Issue,2
43,187,2024-07-05 23:00:00,"Lubrication low, potential bearing wear.",Bearing Issue,2
43,199,2024-07-06 11:00:00,Fan balance check failed.,Fan/Compressor Issue,2
43,203,2024-07-06 15:00:00,Audible noise reported from bearing housing.,Bearing Issue,2
43,206,2024-07-06 18:00:00,Scheduled maintenance: oil level checked.,No Fault,0
43,208,2024-07-06 20:00:00,visual inspection passed.,No Fault,0
43,210,2024-07-06 22:00:00,Vibration analysis indicates inner race fault.,Bearing Issue,2
43,220,2024-07-07 08:00:00,"Lubrication low, potential bearing wear.",Bearing Issue,2
43,223,2024-07-07 11:00:00,"Abnormal sound from shaft, suspect bearing damage.",Bearing Issue,2
43,224,2024-07-07 12:00:00,System operating within normal parameters.,No Fault,0
44,2,2024-07-02 10:00:00,Temperature sensor T2 reading critical high.,Overheating,3
44,11,2024-07-02 19:00:00,System operating within normal parameters.,No Fault,0
44,13,2024-07-02 21:00:00,system operating within normal parameters.,No Fault,0
44,18,2024-07-03 02:00:00,"routine check completed, no issues found.",No Fault,0
44,21,2024-07-03 05:00:00,Scheduled maintenance: oil level checked.,No Fault,0
44,23,2024-07-03 07:00:00,"Routine check completed, no issues found.",No Fault,0
44,25,2024-07-03 09:00:00,System operating within normal parameters.,No Fault,0
44,26,2024-07-03 10:00:00,Scheduled maintenance: oil level checked.,No Fault,0
44,32,2024-07-03 16:00:00,Cooling system check: OK.,No Fault,0
44,36,2024-07-03 20:00:00,Scheduled maintenance: oil level checked.,No Fault,0
44,37,2024-07-03 21:00:00,System operating within normal parameters.,No Fault,0
44,38,2024-07-03 22:00:00,system operating within normal parameters.,No Fault,0
44,43,2024-07-04 03:00:00,system operating within normal parameters.,No Fault,0
44,47,2024-07-04 07:00:00,"Operator log: shift ended, machine running smoothly.",No Fault,0
44,48,2024-07-04 08:00:00,"Sensors calibrated, readings normal.",No Fault,0
44,50,2024-07-04 10:00:00,Scheduled maintenance: oil level checked.,No Fault,0
44,56,2024-07-04 16:00:00,"operator log: shift ended, machine running smoothly.",No Fault,0
44,61,2024-07-04 21:00:00,"Sensors calibrated, readings normal.",No Fault,0
44,63,2024-07-04 23:00:00,Heat exchanger efficiency low.,Overheating,3
44,70,2024-07-05 06:00:00,"sensors calibrated, readings normal.",No Fault,0
44,73,2024-07-05 09:00:00,"Sensors calibrated, readings normal.",No Fault,0
44,78,2024-07-05 14:00:00,Visual inspection passed.,No Fault,0
44,79,2024-07-05 15:00:00,"operator log: shift ended, machine running smoothly.",No Fault,0
44,80,2024-07-05 16:00:00,system operating within normal parameters.,No Fault,0
44,85,2024-07-05 21:00:00,Visual inspection passed.,No Fault,0
44,86,2024-07-05 22:00:00,Scheduled maintenance: oil level checked.,No Fault,0
44,91,2024-07-06 03:00:00,scheduled maintenance: oil level checked.,No Fault,0
44,100,2024-07-06 12:00:00,"Routine check completed, no issues found.",No Fault,0
44,123,2024-07-07 11:00:00,System operating within normal parameters.,No Fault,0
44,133,2024-07-07 21:00:00,Bearing temperature exceeding threshold.,Bearing Issue,2
44,137,2024-07-08 01:00:00,Cooling system check: OK.,No Fault,0
44,147,2024-07-08 11:00:00,Scheduled maintenance: oil level checked.,No Fault,0
44,148,2024-07-08 12:00:00,"Coolant pressure drop, potential leak.",Overheating,3
44,151,2024-07-08 15:00:00,Visual inspection passed.,No Fault,0
44,152,2024-07-08 16:00:00,Visual inspection passed.,No Fault,0
44,153,2024-07-08 17:00:00,"Operator log: shift ended, machine running smoothly.",No Fault,0
44,157,2024-07-08 21:00:00,Compressor efficiency dropped below 85%.,Fan/Compressor Issue,2
44,161,2024-07-09 01:00:00,System operating within normal parameters.,No Fault,0
44,164,2024-07-09 04:00:00,Heat exchanger efficiency low.,Overheating,3
44,166,2024-07-09 06:00:00,System operating within normal parameters.,No Fault,0
44,167,2024-07-09 07:00:00,Fan balance check failed.,Fan/Compressor Issue,2
44,174,2024-07-09 14:00:00,Scheduled maintenance: oil level checked.,No Fault,0
44,183,2024-07-09 23:00:00,Visual inspection passed.,No Fault,0
44,187,2024-07-10 03:00:00,"Coolant pressure drop, potential leak.",Overheating,3
44,188,2024-07-10 04:00:00,Compressor efficiency dropped below 85%.,Fan/Compressor Issue,2
44,190,2024-07-10 06:00:00,"operator log: shift ended, machine running smoothly.",No Fault,0
44,203,2024-07-10 19:00:00,"Thermal runaway risk, shutdown initiated for cooling.",Overheating,3
44,208,2024-07-11 00:00:00,High vibration detected in main bearing.,Bearing Issue,2
44,217,2024-07-11 09:00:00,"Operator log: shift ended, machine running smoothly.",No Fault,0
45,2,2024-07-06 14:00:00,Scheduled maintenance: oil level checked.,No Fault,0
45,14,2024-07-07 02:00:00,overheating warning in high pressure turbine.,Overheating,3
45,19,2024-07-07 07:00:00,"Routine check completed, no issues found.",No Fault,0
45,23,2024-07-07 11:00:00,"Routine check completed, no issues found.",No Fault,0
45,31,2024-07-07 19:00:00,"Routine check completed, no issues found.",No Fault,0
45,32,2024-07-07 20:00:00,visual inspection passed.,No Fault,0
45,36,2024-07-08 00:00:00,"Sensors calibrated, readings normal.",No Fault,0
45,38,2024-07-08 02:00:00,"coolant pressure drop, potential leak.",Overheating,3
45,46,2024-07-08 10:00:00,Cooling system check: OK.,No Fault,0
45,47,2024-07-08 11:00:00,"routine check completed, no issues found.",No Fault,0
45,49,2024-07-08 13:00:00,"Operator log: shift ended, machine running smoothly.",No Fault,0
45,58,2024-07-08 22:00:00,"Sensors calibrated, readings normal.",No Fault,0
45,63,2024-07-09 03:00:00,Cooling system check: OK.,No Fault,0
45,71,2024-07-09 11:00:00,visual inspection passed.,No Fault,0
45,72,2024-07-09 12:00:00,System operating within normal parameters.,No Fault,0
45,73,2024-07-09 13:00:00,System operating within normal parameters.,No Fault,0
45,75,2024-07-09 15:00:00,Visual inspection passed.,No Fault,0
45,76,2024-07-09 16:00:00,"Sensors calibrated, readings normal.",No Fault,0
45,80,2024-07-09 20:00:00,"Sensors calibrated, readings normal.",No Fault,0
45,86,2024-07-10 02:00:00,Visual inspection passed.,No Fault,0
45,87,2024-07-10 03:00:00,cooling system check: ok.,No Fault,0
45,88,2024-07-10 04:00:00,"Routine check completed, no issues found.",No Fault,0
45,89,2024-07-10 05:00:00,visual inspection passed.,No Fault,0
45,91,2024-07-10 07:00:00,"operator log: shift ended, machine running smoothly.",No Fault,0
45,96,2024-07-10 12:00:00,"Sensors calibrated, readings normal.",No Fault,0
45,97,2024-07-10 13:00:00,Cooling system check: OK.,No Fault,0
45,102,2024-07-10 18:00:00,"Routine check completed, no issues found.",No Fault,0
45,109,2024-07-11 01:00:00,"operator log: shift ended, machine running smoothly.",No Fault,0
45,111,2024-07-11 03:00:00,Visual inspection passed.,No Fault,0
45,112,2024-07-11 04:00:00,Cooling system check: OK.,No Fault,0
45,114,2024-07-11 06:00:00,"Routine check completed, no issues found.",No Fault,0
45,119,2024-07-11 11:00:00,compressor efficiency dropped below 85%.,Fan/Compressor Issue,2
45,129,2024-07-11 21:00:00,"Coolant pressure drop, potential leak.",Overheating,3
45,131,2024-07-11 23:00:00,"sensors calibrated, readings normal.",No Fault,0
45,135,2024-07-12 03:00:00,"sensors calibrated, readings normal.",No Fault,0
45,141,2024-07-12 09:00:00,System operating within normal parameters.,No Fault,0
45,144,2024-07-12 12:00:00,"Sensors calibrated, readings normal.",No Fault,0
45,145,2024-07-12 13:00:00,"Routine check completed, no issues found.",No Fault,0
45,150,2024-07-12 18:00:00,"operator log: shift ended, machine running smoothly.",No Fault,0
45,152,2024-07-12 20:00:00,Fan blade vibration high.,Fan/Compressor Issue,2
45,156,2024-07-13 00:00:00,Heat exchanger efficiency low.,Overheating,3
45,163,2024-07-13 07:00:00,Fan blade vibration high.,Fan/Compressor Issue,2
45,164,2024-07-13 08:00:00,Scheduled maintenance: oil level checked.,No Fault,0
45,167,2024-07-13 11:00:00,"Coolant pressure drop, potential leak.",Overheating,3
45,168,2024-07-13 12:00:00,"Thermal runaway risk, shutdown initiated for cooling.",Overheating,3
45,175,2024-07-13 19:00:00,Heat exchanger efficiency low.,Overheating,3
45,176,2024-07-13 20:00:00,temperature sensor t2 reading critical high.,Overheating,3
45,178,2024-07-13 22:00:00,System operating within normal parameters.,No Fault,0
45,181,2024-07-14 01:00:00,Temperature sensor T2 reading critical high.,Overheating,3
45,182,2024-07-14 02:00:00,Exhaust gas temperature warning.,Overheating,3
45,188,2024-07-14 08:00:00,visual inspection passed.,No Fault,0
46,2,2024-07-10 18:00:00,"Operator log: shift ended, machine running smoothly.",No Fault,0
46,4,2024-07-10 20:00:00,Cooling system check: OK.,No Fault,0
46,15,2024-07-11 07:00:00,"Sensors calibrated, readings normal.",No Fault,0
46,16,2024-07-11 08:00:00,System operating within normal parameters.,No Fault,0
46,20,2024-07-11 12:00:00,Scheduled maintenance: oil level checked.,No Fault,0
46,24,2024-07-11 16:00:00,Cooling system check: OK.,No Fault,0
46,26,2024-07-11 18:00:00,"Routine check completed, no issues found.",No Fault,0
46,30,2024-07-11 22:00:00,Cooling system check: OK.,No Fault,0
46,31,2024-07-11 23:00:00,Scheduled maintenance: oil level checked.,No Fault,0
46,32,2024-07-12 00:00:00,Scheduled maintenance: oil level checked.,No Fault,0
46,39,2024-07-12 07:00:00,scheduled maintenance: oil level checked.,No Fault,0
46,44,2024-07-12 12:00:00,System operating within normal parameters.,No Fault,0
46,45,2024-07-12 13:00:00,surge detected in low pressure compressor.,Fan/Compressor Issue,2
46,52,2024-07-12 20:00:00,System operating within normal parameters.,No Fault,0
46,55,2024-07-12 23:00:00,cooling system check: ok.,No Fault,0
46,61,2024-07-13 05:00:00,Visual inspection passed.,No Fault,0
46,64,2024-07-13 08:00:00,"Routine check completed, no issues found.",No Fault,0
46,67,2024-07-13 11:00:00,"operator log: shift ended, machine running smoothly.",No Fault,0
46,68,2024-07-13 12:00:00,"Sensors calibrated, readings normal.",No Fault,0
46,69,2024-07-13 13:00:00,"Operator log: shift ended, machine running smoothly.",No Fault,0
46,73,2024-07-13 17:00:00,"operator log: shift ended, machine running smoothly.",No Fault,0
46,83,2024-07-14 03:00:00,"sensors calibrated, readings normal.",No Fault,0
46,90,2024-07-14 10:00:00,scheduled maintenance: oil level checked.,No Fault,0
46,91,2024-07-14 11:00:00,Cooling system check: OK.,No Fault,0
46,95,2024-07-14 15:00:00,"Routine check completed, no issues found.",No Fault,0
46,101,2024-07-14 21:00:00,Cooling system check: OK.,No Fault,0
46,106,2024-07-15 02:00:00,visual inspection passed.,No Fault,0
46,108,2024-07-15 04:00:00,Scheduled maintenance: oil level checked.,No Fault,0
46,117,2024-07-15 13:00:00,"sensors calibrated, readings normal.",No Fault,0
46,122,2024-07-15 18:00:00,Scheduled maintenance: oil level checked.,No Fault,0
46,124,2024-07-15 20:00:00,"Sensors calibrated, readings normal.",No Fault,0
46,130,2024-07-16 02:00:00,"routine check completed, no issues found.",No Fault,0
46,131,2024-07-16 03:00:00,Compressor stall detected.,Fan/Compressor Issue,2
46,136,2024-07-16 08:00:00,"Routine check completed, no issues found.",No Fault,0
46,137,2024-07-16 09:00:00,Scheduled maintenance: oil level checked.,No Fault,0
46,138,2024-07-16 10:00:00,System operating within normal parameters.,No Fault,0
46,142,2024-07-16 14:00:00,high vibration detected in main bearing.,Bearing Issue,2
46,149,2024-07-16 21:00:00,System operating within normal parameters.,No Fault,0
46,151,2024-07-16 23:00:00,Compressor efficiency dropped below 85%.,Fan/Compressor Issue,2
46,155,2024-07-17 03:00:00,overheating warning in high pressure turbine.,Overheating,3
46,160,2024-07-17 08:00:00,"Routine check completed, no issues found.",No Fault,0
46,163,2024-07-17 11:00:00,"Operator log: shift ended, machine running smoothly.",No Fault,0
46,166,2024-07-17 14:00:00,"Sensors calibrated, readings normal.",No Fault,0
46,172,2024-07-17 20:00:00,"sensors calibrated, readings normal.",No Fault,0
46,173,2024-07-17 21:00:00,"sensors calibrated, readings normal.",No Fault,0
46,175,2024-07-17 23:00:00,cooling system check: ok.,No Fault,0
46,178,2024-07-18 02:00:00,Cooling system check: OK.,No Fault,0
46,185,2024-07-18 09:00:00,Visual inspection passed.,No Fault,0
46,186,2024-07-18 10:00:00,Bearing temperature exceeding threshold.,Bearing Issue,2
46,190,2024-07-18 14:00:00,bearing temperature exceeding threshold.,Bearing Issue,2
46,194,2024-07-18 18:00:00,"Thermal runaway risk, shutdown initiated for cooling.",Overheating,3
46,195,2024-07-18 19:00:00,"routine check completed, no issues found.",No Fault,0
46,199,2024-07-18 23:00:00,fan balance check failed.,Fan/Compressor Issue,2
46,201,2024-07-19 01:00:00,Surge detected in low pressure compressor.,Fan/Compressor Issue,2
46,203,2024-07-19 03:00:00,System operating within normal parameters.,No Fault,0
46,205,2024-07-19 05:00:00,Vibration analysis indicates inner race fault.,Bearing Issue,2
46,209,2024-07-19 09:00:00,Compressor efficiency dropped below 85%.,Fan/Compressor Issue,2
46,210,2024-07-19 10:00:00,"lubrication low, potential bearing wear.",Bearing Issue,2
46,221,2024-07-19 21:00:00,Overheating warning in high pressure turbine.,Overheating,3
47,2,2024-07-14 22:00:00,Visual inspection passed.,No Fault,0
47,6,2024-07-15 02:00:00,Cooling system check: OK.,No Fault,0
47,7,2024-07-15 03:00:00,"Operator log: shift ended, machine running smoothly.",No Fault,0
47,13,2024-07-15 09:00:00,System operating within normal parameters.,No Fault,0
47,16,2024-07-15 12:00:00,"Sensors calibrated, readings normal.",No Fault,0
47,19,2024-07-15 15:00:00,"Operator log: shift ended, machine running smoothly.",No Fault,0
47,22,2024-07-15 18:00:00,Visual inspection passed.,No Fault,0
47,23,2024-07-15 19:00:00,Scheduled maintenance: oil level checked.,No Fault,0
47,34,2024-07-16 06:00:00,Visual inspection passed.,No Fault,0
47,44,2024-07-16 16:00:00,"Routine check completed, no issues found.",No Fault,0
47,45,2024-07-16 17:00:00,visual inspection passed.,No Fault,0
47,50,2024-07-16 22:00:00,Scheduled maintenance: oil level checked.,No Fault,0
47,56,2024-07-17 04:00:00,"Operator log: shift ended, machine running smoothly.",No Fault,0
47,67,2024-07-17 15:00:00,Visual inspection passed.,No Fault,0
47,68,2024-07-17 16:00:00,Cooling system check: OK.,No Fault,0
47,78,2024-07-18 02:00:00,Visual inspection passed.,No Fault,0
47,79,2024-07-18 03:00:00,cooling system check: ok.,No Fault,0
47,81,2024-07-18 05:00:00,Visual inspection passed.,No Fault,0
47,82,2024-07-18 06:00:00,Scheduled maintenance: oil level checked.,No Fault,0
47,92,2024-07-18 16:00:00,scheduled maintenance: oil level checked.,No Fault,0
47,99,2024-07-18 23:00:00,"operator log: shift ended, machine running smoothly.",No Fault,0
47,105,2024-07-19 05:00:00,scheduled maintenance: oil level checked.,No Fault,0
47,112,2024-07-19 12:00:00,heat exchanger efficiency low.,Overheating,3
47,114,2024-07-19 14:00:00,High vibration detected in main bearing.,Bearing Issue,2
47,118,2024-07-19 18:00:00,"Sensors calibrated, readings normal.",No Fault,0
47,156,2024-07-21 08:00:00,"Routine check completed, no issues found.",No Fault,0
47,169,2024-07-21 21:00:00,Scheduled maintenance: oil level checked.,No Fault,0
47,172,2024-07-22 00:00:00,"Routine check completed, no issues found.",No Fault,0
47,175,2024-07-22 03:00:00,heat exchanger efficiency low.,Overheating,3
47,176,2024-07-22 04:00:00,system operating within normal parameters.,No Fault,0
47,177,2024-07-22 05:00:00,"lubrication low, potential bearing wear.",Bearing Issue,2
47,184,2024-07-22 12:00:00,"Routine check completed, no issues found.",No Fault,0
47,187,2024-07-22 15:00:00,system operating within normal parameters.,No Fault,0
47,188,2024-07-22 16:00:00,Bearing temperature exceeding threshold.,Bearing Issue,2
47,213,2024-07-23 17:00:00,Visual inspection passed.,No Fault,0
47,222,2024-07-24 02:00:00,Scheduled maintenance: oil level checked.,No Fault,0
47,227,2024-07-24 07:00:00,Fan balance check failed.,Fan/Compressor Issue,2
47,233,2024-07-24 13:00:00,Bearing temperature exceeding threshold.,Bearing Issue,2
47,234,2024-07-24 14:00:00,scheduled maintenance: oil level checked.,No Fault,0
47,244,2024-07-25 00:00:00,Visual inspection passed.,No Fault,0
47,249,2024-07-25 05:00:00,"thermal runaway risk, shutdown initiated for cooling.",Overheating,3
47,250,2024-07-25 06:00:00,Heat exchanger efficiency low.,Overheating,3
47,252,2024-07-25 08:00:00,Audible noise reported from bearing housing.,Bearing Issue,2
47,254,2024-07-25 10:00:00,Vibration analysis indicates inner race fault.,Bearing Issue,2
47,255,2024-07-25 11:00:00,bearing temperature exceeding threshold.,Bearing Issue,2
47,261,2024-07-25 17:00:00,exhaust gas temperature warning.,Overheating,3
47,264,2024-07-25 20:00:00,"Sensors calibrated, readings normal.",No Fault,0
47,269,2024-07-26 01:00:00,Heat exchanger efficiency low.,Overheating,3
47,271,2024-07-26 03:00:00,scheduled maintenance: oil level checked.,No Fault,0
48,2,2024-07-19 02:00:00,Cooling system check: OK.,No Fault,0
48,3,2024-07-19 03:00:00,"operator log: shift ended, machine running smoothly.",No Fault,0
48,4,2024-07-19 04:00:00,system operating within normal parameters.,No Fault,0
48,5,2024-07-19 05:00:00,"Operator log: shift ended, machine running smoothly.",No Fault,0
48,14,2024-07-19 14:00:00,Visual inspection passed.,No Fault,0
48,16,2024-07-19 16:00:00,Scheduled maintenance: oil level checked.,No Fault,0
48,23,2024-07-19 23:00:00,Scheduled maintenance: oil level checked.,No Fault,0
48,27,2024-07-20 03:00:00,Cooling system check: OK.,No Fault,0
48,43,2024-07-20 19:00:00,"routine check completed, no issues found.",No Fault,0
48,45,2024-07-20 21:00:00,System operating within normal parameters.,No Fault,0
48,48,2024-07-21 00:00:00,Scheduled maintenance: oil level checked.,No Fault,0
48,50,2024-07-21 02:00:00,"Routine check completed, no issues found.",No Fault,0
48,52,2024-07-21 04:00:00,Fan blade vibration high.,Fan/Compressor Issue,2
48,57,2024-07-21 09:00:00,"Sensors calibrated, readings normal.",No Fault,0
48,58,2024-07-21 10:00:00,scheduled maintenance: oil level checked.,No Fault,0
48,59,2024-07-21 11:00:00,System operating within normal parameters.,No Fault,0
48,60,2024-07-21 12:00:00,Cooling system check: OK.,No Fault,0
48,75,2024-07-22 03:00:00,Audible noise reported from bearing housing.,Bearing Issue,2
48,77,2024-07-22 05:00:00,Cooling system check: OK.,No Fault,0
48,82,2024-07-22 10:00:00,"Routine check completed, no issues found.",No Fault,0
48,83,2024-07-22 11:00:00,Cooling system check: OK.,No Fault,0
48,88,2024-07-22 16:00:00,system operating within normal parameters.,No Fault,0
48,89,2024-07-22 17:00:00,Compressor stall detected.,Fan/Compressor Issue,2
48,92,2024-07-22 20:00:00,"operator log: shift ended, machine running smoothly.",No Fault,0
48,94,2024-07-22 22:00:00,"Operator log: shift ended, machine running smoothly.",No Fault,0
48,97,2024-07-23 01:00:00,"routine check completed, no issues found.",No Fault,0
48,101,2024-07-23 05:00:00,Scheduled maintenance: oil level checked.,No Fault,0
48,102,2024-07-23 06:00:00,system operating within normal parameters.,No Fault,0
48,105,2024-07-23 09:00:00,"routine check completed, no issues found.",No Fault,0
48,107,2024-07-23 11:00:00,System operating within normal parameters.,No Fault,0
48,118,2024-07-23 22:00:00,"Sensors calibrated, readings normal.",No Fault,0
48,119,2024-07-23 23:00:00,"Coolant pressure drop, potential leak.",Overheating,3
48,121,2024-07-24 01:00:00,"Sensors calibrated, readings normal.",No Fault,0
48,124,2024-07-24 04:00:00,"operator log: shift ended, machine running smoothly.",No Fault,0
48,131,2024-07-24 11:00:00,Scheduled maintenance: oil level checked.,No Fault,0
48,135,2024-07-24 15:00:00,Surge detected in low pressure compressor.,Fan/Compressor Issue,2
48,140,2024-07-24 20:00:00,Scheduled maintenance: oil level checked.,No Fault,0
48,146,2024-07-25 02:00:00,"Routine check completed, no issues found.",No Fault,0
48,149,2024-07-25 05:00:00,Scheduled maintenance: oil level checked.,No Fault,0
48,155,2024-07-25 11:00:00,system operating within normal parameters.,No Fault,0
48,159,2024-07-25 15:00:00,"Sensors calibrated, readings normal.",No Fault,0
48,161,2024-07-25 17:00:00,Scheduled maintenance: oil level checked.,No Fault,0
48,167,2024-07-25 23:00:00,System operating within normal parameters.,No Fault,0
48,176,2024-07-26 08:00:00,"sensors calibrated, readings normal.",No Fault,0
48,183,2024-07-26 15:00:00,cooling system check: ok.,No Fault,0
48,191,2024-07-26 23:00:00,"lubrication low, potential bearing wear.",Bearing Issue,2
48,195,2024-07-27 03:00:00,Vibration analysis indicates inner race fault.,Bearing Issue,2
48,198,2024-07-27 06:00:00,"Operator log: shift ended, machine running smoothly.",No Fault,0
48,201,2024-07-27 09:00:00,"coolant pressure drop, potential leak.",Overheating,3
48,202,2024-07-27 10:00:00,Cooling system check: OK.,No Fault,0
48,204,2024-07-27 12:00:00,"Sensors calibrated, readings normal.",No Fault,0
48,207,2024-07-27 15:00:00,bearing temperature exceeding threshold.,Bearing Issue,2
48,216,2024-07-28 00:00:00,"Operator log: shift ended, machine running smoothly.",No Fault,0
48,217,2024-07-28 01:00:00,Scheduled maintenance: oil level checked.,No Fault,0
48,218,2024-07-28 02:00:00,Vibration analysis indicates inner race fault.,Bearing Issue,2
48,219,2024-07-28 03:00:00,overheating warning in high pressure turbine.,Overheating,3
48,221,2024-07-28 05:00:00,Overheating warning in high pressure turbine.,Overheating,3
48,222,2024-07-28 06:00:00,Audible noise reported from bearing housing.,Bearing Issue,2
49,9,2024-07-23 13:00:00,"Routine check completed, no issues found.",No Fault,0
49,10,2024-07-23 14:00:00,System operating within normal parameters.,No Fault,0
49,15,2024-07-23 19:00:00,Scheduled maintenance: oil level checked.,No Fault,0
49,17,2024-07-23 21:00:00,"Sensors calibrated, readings normal.",No Fault,0
49,40,2024-07-24 20:00:00,"Operator log: shift ended, machine running smoothly.",No Fault,0
49,45,2024-07-25 01:00:00,visual inspection passed.,No Fault,0
49,53,2024-07-25 09:00:00,Visual inspection passed.,No Fault,0
49,66,2024-07-25 22:00:00,Cooling system check: OK.,No Fault,0
49,76,2024-07-26 08:00:00,"Routine check completed, no issues found.",No Fault,0
49,79,2024-07-26 11:00:00,cooling system check: ok.,No Fault,0
49,96,2024-07-27 04:00:00,Cooling system check: OK.,No Fault,0
49,100,2024-07-27 08:00:00,Fan blade vibration high.,Fan/Compressor Issue,2
49,102,2024-07-27 10:00:00,Visual inspection passed.,No Fault,0
49,103,2024-07-27 11:00:00,Cooling system check: OK.,No Fault,0
49,115,2024-07-27 23:00:00,system operating within normal parameters.,No Fault,0
49,132,2024-07-28 16:00:00,"Operator log: shift ended, machine running smoothly.",No Fault,0
49,135,2024-07-28 19:00:00,"Operator log: shift ended, machine running smoothly.",No Fault,0
49,150,2024-07-29 10:00:00,Scheduled maintenance: oil level checked.,No Fault,0
49,158,2024-07-29 18:00:00,Cooling system check: OK.,No Fault,0
49,172,2024-07-30 08:00:00,System operating within normal parameters.,No Fault,0
49,179,2024-07-30 15:00:00,visual inspection passed.,No Fault,0
49,185,2024-07-30 21:00:00,scheduled maintenance: oil level checked.,No Fault,0
49,210,2024-07-31 22:00:00,Fan blade vibration high.,Fan/Compressor Issue,2
49,217,2024-08-01 05:00:00,compressor stall detected.,Fan/Compressor Issue,2
49,220,2024-08-01 08:00:00,"Lubrication low, potential bearing wear.",Bearing Issue,2
49,235,2024-08-01 23:00:00,Heat exchanger efficiency low.,Overheating,3
49,236,2024-08-02 00:00:00,exhaust gas temperature warning.,Overheating,3
50,1,2024-07-27 09:00:00,Cooling system check: OK.,No Fault,0
50,2,2024-07-27 10:00:00,Visual inspection passed.,No Fault,0
50,3,2024-07-27 11:00:00,System operating within normal parameters.,No Fault,0
50,9,2024-07-27 17:00:00,"sensors calibrated, readings normal.",No Fault,0
50,10,2024-07-27 18:00:00,"abnormal sound from shaft, suspect bearing damage.",Bearing Issue,2
50,13,2024-07-27 21:00:00,System operating within normal parameters.,No Fault,0
50,20,2024-07-28 04:00:00,"Operator log: shift ended, machine running smoothly.",No Fault,0
50,25,2024-07-28 09:00:00,Visual inspection passed.,No Fault,0
50,27,2024-07-28 11:00:00,System operating within normal parameters.,No Fault,0
50,28,2024-07-28 12:00:00,"sensors calibrated, readings normal.",No Fault,0
50,45,2024-07-29 05:00:00,Surge detected in low pressure compressor.,Fan/Compressor Issue,2
50,47,2024-07-29 07:00:00,"Sensors calibrated, readings normal.",No Fault,0
50,49,2024-07-29 09:00:00,"Sensors calibrated, readings normal.",No Fault,0
50,53,2024-07-29 13:00:00,visual inspection passed.,No Fault,0
50,56,2024-07-29 16:00:00,System operating within normal parameters.,No Fault,0
50,72,2024-07-30 08:00:00,"Operator log: shift ended, machine running smoothly.",No Fault,0
50,75,2024-07-30 11:00:00,"Routine check completed, no issues found.",No Fault,0
50,78,2024-07-30 14:00:00,Cooling system check: OK.,No Fault,0
50,79,2024-07-30 15:00:00,"Sensors calibrated, readings normal.",No Fault,0
50,80,2024-07-30 16:00:00,visual inspection passed.,No Fault,0
50,81,2024-07-30 17:00:00,Scheduled maintenance: oil level checked.,No Fault,0
50,82,2024-07-30 18:00:00,system operating within normal parameters.,No Fault,0
50,86,2024-07-30 22:00:00,Scheduled maintenance: oil level checked.,No Fault,0
50,87,2024-07-30 23:00:00,Visual inspection passed.,No Fault,0
50,91,2024-07-31 03:00:00,Scheduled maintenance: oil level checked.,No Fault,0
50,95,2024-07-31 07:00:00,scheduled maintenance: oil level checked.,No Fault,0
50,96,2024-07-31 08:00:00,Scheduled maintenance: oil level checked.,No Fault,0
50,97,2024-07-31 09:00:00,cooling system check: ok.,No Fault,0
50,98,2024-07-31 10:00:00,cooling system check: ok.,No Fault,0
50,99,2024-07-31 11:00:00,Cooling system check: OK.,No Fault,0
50,100,2024-07-31 12:00:00,"lubrication low, potential bearing wear.",Bearing Issue,2
50,108,2024-07-31 20:00:00,"Sensors calibrated, readings normal.",No Fault,0
50,110,2024-07-31 22:00:00,Cooling system check: OK.,No Fault,0
50,113,2024-08-01 01:00:00,"lubrication low, potential bearing wear.",Bearing Issue,2
50,114,2024-08-01 02:00:00,Cooling system check: OK.,No Fault,0
50,125,2024-08-01 13:00:00,fan blade vibration high.,Fan/Compressor Issue,2
50,126,2024-08-01 14:00:00,bearing temperature exceeding threshold.,Bearing Issue,2
50,133,2024-08-01 21:00:00,Visual inspection passed.,No Fault,0
50,134,2024-08-01 22:00:00,system operating within normal parameters.,No Fault,0
50,140,2024-08-02 04:00:00,"Coolant pressure drop, potential leak.",Overheating,3
50,142,2024-08-02 06:00:00,Bearing temperature exceeding threshold.,Bearing Issue,2
50,143,2024-08-02 07:00:00,Audible noise reported from bearing housing.,Bearing Issue,2
50,150,2024-08-02 14:00:00,"Abnormal sound from shaft, suspect bearing damage.",Bearing Issue,2
50,151,2024-08-02 15:00:00,Scheduled maintenance: oil level checked.,No Fault,0
50,153,2024-08-02 17:00:00,"Lubrication low, potential bearing wear.",Bearing Issue,2
50,159,2024-08-02 23:00:00,"abnormal sound from shaft, suspect bearing damage.",Bearing Issue,2
50,163,2024-08-03 03:00:00,System operating within normal parameters.,No Fault,0
50,164,2024-08-03 04:00:00,visual inspection passed.,No Fault,0
50,166,2024-08-03 06:00:00,Compressor stall detected.,Fan/Compressor Issue,2
50,173,2024-08-03 13:00:00,system operating within normal parameters.,No Fault,0
50,176,2024-08-03 16:00:00,fan balance check failed.,Fan/Compressor Issue,2
51,3,2024-07-31 15:00:00,"Routine check completed, no issues found.",No Fault,0
51,5,2024-07-31 17:00:00,"Abnormal sound from shaft, suspect bearing damage.",Bearing Issue,2
51,20,2024-08-01 08:00:00,visual inspection passed.,No Fault,0
51,21,2024-08-01 09:00:00,Cooling system check: OK.,No Fault,0
51,23,2024-08-01 11:00:00,Audible noise reported from bearing housing.,Bearing Issue,2
51,33,2024-08-01 21:00:00,"Sensors calibrated, readings normal.",No Fault,0
51,36,2024-08-02 00:00:00,airflow obstruction in intake.,Fan/Compressor Issue,2
51,38,2024-08-02 02:00:00,System operating within normal parameters.,No Fault,0
51,44,2024-08-02 08:00:00,Visual inspection passed.,No Fault,0
51,48,2024-08-02 12:00:00,Cooling system check: OK.,No Fault,0
51,52,2024-08-02 16:00:00,"Operator log: shift ended, machine running smoothly.",No Fault,0
51,62,2024-08-03 02:00:00,Cooling system check: OK.,No Fault,0
51,66,2024-08-03 06:00:00,Scheduled maintenance: oil level checked.,No Fault,0
51,70,2024-08-03 10:00:00,"Routine check completed, no issues found.",No Fault,0
51,72,2024-08-03 12:00:00,"Routine check completed, no issues found.",No Fault,0
51,74,2024-08-03 14:00:00,System operating within normal parameters.,No Fault,0
51,93,2024-08-04 09:00:00,Scheduled maintenance: oil level checked.,No Fault,0
51,96,2024-08-04 12:00:00,"Routine check completed, no issues found.",No Fault,0
51,103,2024-08-04 19:00:00,"coolant pressure drop, potential leak.",Overheating,3
51,115,2024-08-05 07:00:00,Cooling system check: OK.,No Fault,0
51,116,2024-08-05 08:00:00,System operating within normal parameters.,No Fault,0
51,118,2024-08-05 10:00:00,Scheduled maintenance: oil level checked.,No Fault,0
51,125,2024-08-05 17:00:00,"Routine check completed, no issues found.",No Fault,0
51,147,2024-08-06 15:00:00,Cooling system check: OK.,No Fault,0
51,152,2024-08-06 20:00:00,Cooling system check: OK.,No Fault,0
51,181,2024-08-08 01:00:00,Cooling system check: OK.,No Fault,0
51,184,2024-08-08 04:00:00,cooling system check: ok.,No Fault,0
51,194,2024-08-08 14:00:00,scheduled maintenance: oil level checked.,No Fault,0
51,201,2024-08-08 21:00:00,System operating within normal parameters.,No Fault,0
51,202,2024-08-08 22:00:00,System operating within normal parameters.,No Fault,0
51,209,2024-08-09 05:00:00,"lubrication low, potential bearing wear.",Bearing Issue,2
51,233,2024-08-10 05:00:00,Fan balance check failed.,Fan/Compressor Issue,2
51,241,2024-08-10 13:00:00,"Lubrication low, potential bearing wear.",Bearing Issue,2
51,251,2024-08-10 23:00:00,fan balance check failed.,Fan/Compressor Issue,2
51,255,2024-08-11 03:00:00,Fan blade vibration high.,Fan/Compressor Issue,2
52,3,2024-08-04 19:00:00,System operating within normal parameters.,No Fault,0
52,5,2024-08-04 21:00:00,scheduled maintenance: oil level checked.,No Fault,0
52,11,2024-08-05 03:00:00,visual inspection passed.,No Fault,0
52,12,2024-08-05 04:00:00,"routine check completed, no issues found.",No Fault,0
52,14,2024-08-05 06:00:00,"Operator log: shift ended, machine running smoothly.",No Fault,0
52,17,2024-08-05 09:00:00,Compressor efficiency dropped below 85%.,Fan/Compressor Issue,2
52,22,2024-08-05 14:00:00,Scheduled maintenance: oil level checked.,No Fault,0
52,24,2024-08-05 16:00:00,Cooling system check: OK.,No Fault,0
52,27,2024-08-05 19:00:00,"sensors calibrated, readings normal.",No Fault,0
52,30,2024-08-05 22:00:00,System operating within normal parameters.,No Fault,0
52,32,2024-08-06 00:00:00,"Sensors calibrated, readings normal.",No Fault,0
52,33,2024-08-06 01:00:00,System operating within normal parameters.,No Fault,0
52,34,2024-08-06 02:00:00,System operating within normal parameters.,No Fault,0
52,40,2024-08-06 08:00:00,cooling system check: ok.,No Fault,0
52,46,2024-08-06 14:00:00,"Routine check completed, no issues found.",No Fault,0
52,50,2024-08-06 18:00:00,"Operator log: shift ended, machine running smoothly.",No Fault,0
52,59,2024-08-07 03:00:00,"routine check completed, no issues found.",No Fault,0
52,60,2024-08-07 04:00:00,"sensors calibrated, readings normal.",No Fault,0
52,62,2024-08-07 06:00:00,System operating within normal parameters.,No Fault,0
52,63,2024-08-07 07:00:00,"sensors calibrated, readings normal.",No Fault,0
52,66,2024-08-07 10:00:00,system operating within normal parameters.,No Fault,0
52,67,2024-08-07 11:00:00,Scheduled maintenance: oil level checked.,No Fault,0
52,68,2024-08-07 12:00:00,"Operator log: shift ended, machine running smoothly.",No Fault,0
52,72,2024-08-07 16:00:00,"Operator log: shift ended, machine running smoothly.",No Fault,0
52,73,2024-08-07 17:00:00,"Sensors calibrated, readings normal.",No Fault,0
52,81,2024-08-08 01:00:00,"operator log: shift ended, machine running smoothly.",No Fault,0
52,84,2024-08-08 04:00:00,"Sensors calibrated, readings normal.",No Fault,0
52,95,2024-08-08 15:00:00,system operating within normal parameters.,No Fault,0
52,96,2024-08-08 16:00:00,System operating within normal parameters.,No Fault,0
52,105,2024-08-09 01:00:00,System operating within normal parameters.,No Fault,0
52,108,2024-08-09 04:00:00,"Sensors calibrated, readings normal.",No Fault,0
52,118,2024-08-09 14:00:00,Overheating warning in high pressure turbine.,Overheating,3
52,119,2024-08-09 15:00:00,visual inspection passed.,No Fault,0
52,121,2024-08-09 17:00:00,Compressor stall detected.,Fan/Compressor Issue,2
52,128,2024-08-10 00:00:00,"Sensors calibrated, readings normal.",No Fault,0
52,131,2024-08-10 03:00:00,fan blade vibration high.,Fan/Compressor Issue,2
52,133,2024-08-10 05:00:00,fan blade vibration high.,Fan/Compressor Issue,2
52,137,2024-08-10 09:00:00,"Routine check completed, no issues found.",No Fault,0
52,141,2024-08-10 13:00:00,Visual inspection passed.,No Fault,0
52,143,2024-08-10 15:00:00,"Sensors calibrated, readings normal.",No Fault,0
52,144,2024-08-10 16:00:00,scheduled maintenance: oil level checked.,No Fault,0
52,151,2024-08-10 23:00:00,Scheduled maintenance: oil level checked.,No Fault,0
52,152,2024-08-11 00:00:00,"Routine check completed, no issues found.",No Fault,0
52,155,2024-08-11 03:00:00,"Abnormal sound from shaft, suspect bearing damage.",Bearing Issue,2
52,163,2024-08-11 11:00:00,"Thermal runaway risk, shutdown initiated for cooling.",Overheating,3
52,167,2024-08-11 15:00:00,Visual inspection passed.,No Fault,0
52,169,2024-08-11 17:00:00,high vibration detected in main bearing.,Bearing Issue,2
52,170,2024-08-11 18:00:00,"Routine check completed, no issues found.",No Fault,0
52,175,2024-08-11 23:00:00,System operating within normal parameters.,No Fault,0
52,176,2024-08-12 00:00:00,"Routine check completed, no issues found.",No Fault,0
52,178,2024-08-12 02:00:00,"Lubrication low, potential bearing wear.",Bearing Issue,2
52,183,2024-08-12 07:00:00,Fan blade vibration high.,Fan/Compressor Issue,2
52,184,2024-08-12 08:00:00,Exhaust gas temperature warning.,Overheating,3
52,189,2024-08-12 13:00:00,compressor stall detected.,Fan/Compressor Issue,2
53,1,2024-08-08 21:00:00,System operating within normal parameters.,No Fault,0
53,6,2024-08-09 02:00:00,Cooling system check: OK.,No Fault,0
53,14,2024-08-09 10:00:00,"operator log: shift ended, machine running smoothly.",No Fault,0
53,15,2024-08-09 11:00:00,"Sensors calibrated, readings normal.",No Fault,0
53,16,2024-08-09 12:00:00,Visual inspection passed.,No Fault,0
53,17,2024-08-09 13:00:00,"Routine check completed, no issues found.",No Fault,0
53,20,2024-08-09 16:00:00,Cooling system check: OK.,No Fault,0
53,22,2024-08-09 18:00:00,"Operator log: shift ended, machine running smoothly.",No Fault,0
53,26,2024-08-09 22:00:00,System operating within normal parameters.,No Fault,0
53,27,2024-08-09 23:00:00,"Routine check completed, no issues found.",No Fault,0
53,28,2024-08-10 00:00:00,Scheduled maintenance: oil level checked.,No Fault,0
53,29,2024-08-10 01:00:00,"Sensors calibrated, readings normal.",No Fault,0
53,33,2024-08-10 05:00:00,system operating within normal parameters.,No Fault,0
53,35,2024-08-10 07:00:00,system operating within normal parameters.,No Fault,0
53,42,2024-08-10 14:00:00,Scheduled maintenance: oil level checked.,No Fault,0
53,43,2024-08-10 15:00:00,"Sensors calibrated, readings normal.",No Fault,0
53,44,2024-08-10 16:00:00,"routine check completed, no issues found.",No Fault,0
53,46,2024-08-10 18:00:00,"Sensors calibrated, readings normal.",No Fault,0
53,54,2024-08-11 02:00:00,"routine check completed, no issues found.",No Fault,0
53,59,2024-08-11 07:00:00,system operating within normal parameters.,No Fault,0
53,62,2024-08-11 10:00:00,cooling system check: ok.,No Fault,0
53,64,2024-08-11 12:00:00,"Sensors calibrated, readings normal.",No Fault,0
53,67,2024-08-11 15:00:00,"routine check completed, no issues found.",No Fault,0
53,68,2024-08-11 16:00:00,"operator log: shift ended, machine running smoothly.",No Fault,0
53,70,2024-08-11 18:00:00,"Sensors calibrated, readings normal.",No Fault,0
53,71,2024-08-11 19:00:00,cooling system check: ok.,No Fault,0
53,72,2024-08-11 20:00:00,Scheduled maintenance: oil level checked.,No Fault,0
53,73,2024-08-11 21:00:00,system operating within normal parameters.,No Fault,0
53,75,2024-08-11 23:00:00,"Sensors calibrated, readings normal.",No Fault,0
53,77,2024-08-12 01:00:00,Cooling system check: OK.,No Fault,0
53,79,2024-08-12 03:00:00,Compressor stall detected.,Fan/Compressor Issue,2
53,80,2024-08-12 04:00:00,scheduled maintenance: oil level checked.,No Fault,0
53,89,2024-08-12 13:00:00,Cooling system check: OK.,No Fault,0
53,90,2024-08-12 14:00:00,"Routine check completed, no issues found.",No Fault,0
53,93,2024-08-12 17:00:00,"Operator log: shift ended, machine running smoothly.",No Fault,0
53,94,2024-08-12 18:00:00,"Routine check completed, no issues found.",No Fault,0
53,95,2024-08-12 19:00:00,visual inspection passed.,No Fault,0
53,97,2024-08-12 21:00:00,Overheating warning in high pressure turbine.,Overheating,3
53,102,2024-08-13 02:00:00,"Sensors calibrated, readings normal.",No Fault,0
53,104,2024-08-13 04:00:00,"Routine check completed, no issues found.",No Fault,0
53,105,2024-08-13 05:00:00,cooling system check: ok.,No Fault,0
53,108,2024-08-13 08:00:00,"sensors calibrated, readings normal.",No Fault,0
53,109,2024-08-13 09:00:00,Scheduled maintenance: oil level checked.,No Fault,0
53,110,2024-08-13 10:00:00,system operating within normal parameters.,No Fault,0
53,111,2024-08-13 11:00:00,Cooling system check: OK.,No Fault,0
53,113,2024-08-13 13:00:00,visual inspection passed.,No Fault,0
53,114,2024-08-13 14:00:00,system operating within normal parameters.,No Fault,0
53,118,2024-08-13 18:00:00,"routine check completed, no issues found.",No Fault,0
53,122,2024-08-13 22:00:00,visual inspection passed.,No Fault,0
53,125,2024-08-14 01:00:00,compressor stall detected.,Fan/Compressor Issue,2
53,127,2024-08-14 03:00:00,visual inspection passed.,No Fault,0
53,137,2024-08-14 13:00:00,Bearing temperature exceeding threshold.,Bearing Issue,2
53,140,2024-08-14 16:00:00,High vibration detected in main bearing.,Bearing Issue,2
53,144,2024-08-14 20:00:00,system operating within normal parameters.,No Fault,0
53,145,2024-08-14 21:00:00,Visual inspection passed.,No Fault,0
53,146,2024-08-14 22:00:00,visual inspection passed.,No Fault,0
53,150,2024-08-15 02:00:00,"Routine check completed, no issues found.",No Fault,0
53,152,2024-08-15 04:00:00,"routine check completed, no issues found.",No Fault,0
53,160,2024-08-15 12:00:00,Fan blade vibration high.,Fan/Compressor Issue,2
53,162,2024-08-15 14:00:00,"Sensors calibrated, readings normal.",No Fault,0
53,164,2024-08-15 16:00:00,Airflow obstruction in intake.,Fan/Compressor Issue,2
53,170,2024-08-15 22:00:00,"coolant pressure drop, potential leak.",Overheating,3
53,171,2024-08-15 23:00:00,Fan balance check failed.,Fan/Compressor Issue,2
53,172,2024-08-16 00:00:00,cooling system check: ok.,No Fault,0
53,176,2024-08-16 04:00:00,"routine check completed, no issues found.",No Fault,0
53,179,2024-08-16 07:00:00,System operating within normal parameters.,No Fault,0
53,180,2024-08-16 08:00:00,Heat exchanger efficiency low.,Overheating,3
53,184,2024-08-16 12:00:00,"Sensors calibrated, readings normal.",No Fault,0
53,185,2024-08-16 13:00:00,Heat exchanger efficiency low.,Overheating,3
54,1,2024-08-13 01:00:00,scheduled maintenance: oil level checked.,No Fault,0
54,3,2024-08-13 03:00:00,"Sensors calibrated, readings normal.",No Fault,0
54,4,2024-08-13 04:00:00,"Operator log: shift ended, machine running smoothly.",No Fault,0
54,6,2024-08-13 06:00:00,Visual inspection passed.,No Fault,0
54,9,2024-08-13 09:00:00,"thermal runaway risk, shutdown initiated for cooling.",Overheating,3
54,12,2024-08-13 12:00:00,"sensors calibrated, readings normal.",No Fault,0
54,16,2024-08-13 16:00:00,"routine check completed, no issues found.",No Fault,0
54,33,2024-08-14 09:00:00,visual inspection passed.,No Fault,0
54,34,2024-08-14 10:00:00,"Operator log: shift ended, machine running smoothly.",No Fault,0
54,35,2024-08-14 11:00:00,cooling system check: ok.,No Fault,0
54,42,2024-08-14 18:00:00,cooling system check: ok.,No Fault,0
54,43,2024-08-14 19:00:00,Scheduled maintenance: oil level checked.,No Fault,0
54,46,2024-08-14 22:00:00,cooling system check: ok.,No Fault,0
54,57,2024-08-15 09:00:00,"Sensors calibrated, readings normal.",No Fault,0
54,59,2024-08-15 11:00:00,Scheduled maintenance: oil level checked.,No Fault,0
54,61,2024-08-15 13:00:00,"Routine check completed, no issues found.",No Fault,0
54,65,2024-08-15 17:00:00,Visual inspection passed.,No Fault,0
54,66,2024-08-15 18:00:00,"Sensors calibrated, readings normal.",No Fault,0
54,67,2024-08-15 19:00:00,cooling system check: ok.,No Fault,0
54,69,2024-08-15 21:00:00,cooling system check: ok.,No Fault,0
54,70,2024-08-15 22:00:00,audible noise reported from bearing housing.,Bearing Issue,2
54,72,2024-08-16 00:00:00,"Sensors calibrated, readings normal.",No Fault,0
54,77,2024-08-16 05:00:00,"Routine check completed, no issues found.",No Fault,0
54,81,2024-08-16 09:00:00,System operating within normal parameters.,No Fault,0
54,85,2024-08-16 13:00:00,Fan blade vibration high.,Fan/Compressor Issue,2
54,87,2024-08-16 15:00:00,System operating within normal parameters.,No Fault,0
54,89,2024-08-16 17:00:00,System operating within normal parameters.,No Fault,0
54,90,2024-08-16 18:00:00,Scheduled maintenance: oil level checked.,No Fault,0
54,104,2024-08-17 08:00:00,"Sensors calibrated, readings normal.",No Fault,0
54,107,2024-08-17 11:00:00,scheduled maintenance: oil level checked.,No Fault,0
54,111,2024-08-17 15:00:00,Scheduled maintenance: oil level checked.,No Fault,0
54,119,2024-08-17 23:00:00,"Routine check completed, no issues found.",No Fault,0
54,123,2024-08-18 03:00:00,"Routine check completed, no issues found.",No Fault,0
54,131,2024-08-18 11:00:00,"sensors calibrated, readings normal.",No Fault,0
54,133,2024-08-18 13:00:00,"Sensors calibrated, readings normal.",No Fault,0
54,138,2024-08-18 18:00:00,"Operator log: shift ended, machine running smoothly.",No Fault,0
54,143,2024-08-18 23:00:00,"Operator log: shift ended, machine running smoothly.",No Fault,0
54,150,2024-08-19 06:00:00,system operating within normal parameters.,No Fault,0
54,152,2024-08-19 08:00:00,heat exchanger efficiency low.,Overheating,3
54,154,2024-08-19 10:00:00,Scheduled maintenance: oil level checked.,No Fault,0
54,158,2024-08-19 14:00:00,"Routine check completed, no issues found.",No Fault,0
54,159,2024-08-19 15:00:00,"Routine check completed, no issues found.",No Fault,0
54,161,2024-08-19 17:00:00,"Operator log: shift ended, machine running smoothly.",No Fault,0
54,163,2024-08-19 19:00:00,Scheduled maintenance: oil level checked.,No Fault,0
54,165,2024-08-19 21:00:00,fan balance check failed.,Fan/Compressor Issue,2
54,169,2024-08-20 01:00:00,System operating within normal parameters.,No Fault,0
54,171,2024-08-20 03:00:00,exhaust gas temperature warning.,Overheating,3
54,174,2024-08-20 06:00:00,"Sensors calibrated, readings normal.",No Fault,0
54,175,2024-08-20 07:00:00,"operator log: shift ended, machine running smoothly.",No Fault,0
54,185,2024-08-20 17:00:00,cooling system check: ok.,No Fault,0
54,186,2024-08-20 18:00:00,"Operator log: shift ended, machine running smoothly.",No Fault,0
54,190,2024-08-20 22:00:00,bearing temperature exceeding threshold.,Bearing Issue,2
54,196,2024-08-21 04:00:00,Audible noise reported from bearing housing.,Bearing Issue,2
54,197,2024-08-21 05:00:00,system operating within normal parameters.,No Fault,0
54,200,2024-08-21 08:00:00,"thermal runaway risk, shutdown initiated for cooling.",Overheating,3
54,206,2024-08-21 14:00:00,"Routine check completed, no issues found.",No Fault,0
54,213,2024-08-21 21:00:00,High vibration detected in main bearing.,Bearing Issue,2
54,216,2024-08-22 00:00:00,Fan balance check failed.,Fan/Compressor Issue,2
54,218,2024-08-22 02:00:00,airflow obstruction in intake.,Fan/Compressor Issue,2
54,223,2024-08-22 07:00:00,"lubrication low, potential bearing wear.",Bearing Issue,2
54,225,2024-08-22 09:00:00,Temperature sensor T2 reading critical high.,Overheating,3
54,228,2024-08-22 12:00:00,Temperature sensor T2 reading critical high.,Overheating,3
54,230,2024-08-22 14:00:00,System operating within normal parameters.,No Fault,0
54,238,2024-08-22 22:00:00,"Sensors calibrated, readings normal.",No Fault,0
54,239,2024-08-22 23:00:00,Bearing temperature exceeding threshold.,Bearing Issue,2
54,243,2024-08-23 03:00:00,Vibration analysis indicates inner race fault.,Bearing Issue,2
55,1,2024-08-17 05:00:00,System operating within normal parameters.,No Fault,0
55,4,2024-08-17 08:00:00,"sensors calibrated, readings normal.",No Fault,0
55,10,2024-08-17 14:00:00,Cooling system check: OK.,No Fault,0
55,12,2024-08-17 16:00:00,"Operator log: shift ended, machine running smoothly.",No Fault,0
55,16,2024-08-17 20:00:00,"Routine check completed, no issues found.",No Fault,0
55,20,2024-08-18 00:00:00,visual inspection passed.,No Fault,0
55,22,2024-08-18 02:00:00,Cooling system check: OK.,No Fault,0
55,31,2024-08-18 11:00:00,Scheduled maintenance: oil level checked.,No Fault,0
55,32,2024-08-18 12:00:00,cooling system check: ok.,No Fault,0
55,33,2024-08-18 13:00:00,cooling system check: ok.,No Fault,0
55,37,2024-08-18 17:00:00,fan balance check failed.,Fan/Compressor Issue,2
55,38,2024-08-18 18:00:00,Scheduled maintenance: oil level checked.,No Fault,0
55,52,2024-08-19 08:00:00,Scheduled maintenance: oil level checked.,No Fault,0
55,53,2024-08-19 09:00:00,System operating within normal parameters.,No Fault,0
55,54,2024-08-19 10:00:00,"Sensors calibrated, readings normal.",No Fault,0
55,55,2024-08-19 11:00:00,visual inspection passed.,No Fault,0
55,56,2024-08-19 12:00:00,Cooling system check: OK.,No Fault,0
55,59,2024-08-19 15:00:00,Visual inspection passed.,No Fault,0
55,64,2024-08-19 20:00:00,"sensors calibrated, readings normal.",No Fault,0
55,66,2024-08-19 22:00:00,Cooling system check: OK.,No Fault,0
55,77,2024-08-20 09:00:00,Visual inspection passed.,No Fault,0
55,78,2024-08-20 10:00:00,"Sensors calibrated, readings normal.",No Fault,0
55,80,2024-08-20 12:00:00,System operating within normal parameters.,No Fault,0
55,86,2024-08-20 18:00:00,"Routine check completed, no issues found.",No Fault,0
55,87,2024-08-20 19:00:00,System operating within normal parameters.,No Fault,0
55,92,2024-08-21 00:00:00,"Sensors calibrated, readings normal.",No Fault,0
55,94,2024-08-21 02:00:00,"sensors calibrated, readings normal.",No Fault,0
55,104,2024-08-21 12:00:00,Vibration analysis indicates inner race fault.,Bearing Issue,2
55,106,2024-08-21 14:00:00,scheduled maintenance: oil level checked.,No Fault,0
55,109,2024-08-21 17:00:00,Cooling system check: OK.,No Fault,0
55,113,2024-08-21 21:00:00,"Operator log: shift ended, machine running smoothly.",No Fault,0
55,117,2024-08-22 01:00:00,Visual inspection passed.,No Fault,0
55,124,2024-08-22 08:00:00,visual inspection passed.,No Fault,0
55,127,2024-08-22 11:00:00,cooling system check: ok.,No Fault,0
55,133,2024-08-22 17:00:00,"Sensors calibrated, readings normal.",No Fault,0
55,137,2024-08-22 21:00:00,system operating within normal parameters.,No Fault,0
55,140,2024-08-23 00:00:00,"Routine check completed, no issues found.",No Fault,0
55,143,2024-08-23 03:00:00,Visual inspection passed.,No Fault,0
55,150,2024-08-23 10:00:00,scheduled maintenance: oil level checked.,No Fault,0
55,153,2024-08-23 13:00:00,high vibration detected in main bearing.,Bearing Issue,2
55,155,2024-08-23 15:00:00,"Sensors calibrated, readings normal.",No Fault,0
55,157,2024-08-23 17:00:00,Cooling system check: OK.,No Fault,0
55,158,2024-08-23 18:00:00,"sensors calibrated, readings normal.",No Fault,0
55,162,2024-08-23 22:00:00,High vibration detected in main bearing.,Bearing Issue,2
55,163,2024-08-23 23:00:00,"thermal runaway risk, shutdown initiated for cooling.",Overheating,3
55,166,2024-08-24 02:00:00,Cooling system check: OK.,No Fault,0
55,168,2024-08-24 04:00:00,"coolant pressure drop, potential leak.",Overheating,3
55,172,2024-08-24 08:00:00,Temperature sensor T2 reading critical high.,Overheating,3
55,175,2024-08-24 11:00:00,Scheduled maintenance: oil level checked.,No Fault,0
55,183,2024-08-24 19:00:00,Vibration analysis indicates inner race fault.,Bearing Issue,2
55,194,2024-08-25 06:00:00,Heat exchanger efficiency low.,Overheating,3
55,200,2024-08-25 12:00:00,Audible noise reported from bearing housing.,Bearing Issue,2
56,7,2024-08-21 15:00:00,"lubrication low, potential bearing wear.",Bearing Issue,2
56,18,2024-08-22 02:00:00,System operating within normal parameters.,No Fault,0
56,19,2024-08-22 03:00:00,Visual inspection passed.,No Fault,0
56,21,2024-08-22 05:00:00,"Sensors calibrated, readings normal.",No Fault,0
56,22,2024-08-22 06:00:00,system operating within normal parameters.,No Fault,0
56,51,2024-08-23 11:00:00,"sensors calibrated, readings normal.",No Fault,0
56,58,2024-08-23 18:00:00,"Operator log: shift ended, machine running smoothly.",No Fault,0
56,60,2024-08-23 20:00:00,"Routine check completed, no issues found.",No Fault,0
56,64,2024-08-24 00:00:00,"Routine check completed, no issues found.",No Fault,0
56,66,2024-08-24 02:00:00,Scheduled maintenance: oil level checked.,No Fault,0
56,67,2024-08-24 03:00:00,"routine check completed, no issues found.",No Fault,0
56,70,2024-08-24 06:00:00,Audible noise reported from bearing housing.,Bearing Issue,2
56,71,2024-08-24 07:00:00,cooling system check: ok.,No Fault,0
56,76,2024-08-24 12:00:00,"Operator log: shift ended, machine running smoothly.",No Fault,0
56,77,2024-08-24 13:00:00,"sensors calibrated, readings normal.",No Fault,0
56,79,2024-08-24 15:00:00,"operator log: shift ended, machine running smoothly.",No Fault,0
56,86,2024-08-24 22:00:00,"Sensors calibrated, readings normal.",No Fault,0
56,94,2024-08-25 06:00:00,"Sensors calibrated, readings normal.",No Fault,0
56,95,2024-08-25 07:00:00,system operating within normal parameters.,No Fault,0
56,103,2024-08-25 15:00:00,Cooling system check: OK.,No Fault,0
56,107,2024-08-25 19:00:00,Visual inspection passed.,No Fault,0
56,109,2024-08-25 21:00:00,"Operator log: shift ended, machine running smoothly.",No Fault,0
56,112,2024-08-26 00:00:00,Fan balance check failed.,Fan/Compressor Issue,2
56,115,2024-08-26 03:00:00,scheduled maintenance: oil level checked.,No Fault,0
56,120,2024-08-26 08:00:00,visual inspection passed.,No Fault,0
56,129,2024-08-26 17:00:00,Vibration analysis indicates inner race fault.,Bearing Issue,2
56,134,2024-08-26 22:00:00,Surge detected in low pressure compressor.,Fan/Compressor Issue,2
56,138,2024-08-27 02:00:00,Temperature sensor T2 reading critical high.,Overheating,3
56,139,2024-08-27 03:00:00,Surge detected in low pressure compressor.,Fan/Compressor Issue,2
56,140,2024-08-27 04:00:00,Bearing temperature exceeding threshold.,Bearing Issue,2
56,142,2024-08-27 06:00:00,Airflow obstruction in intake.,Fan/Compressor Issue,2
56,147,2024-08-27 11:00:00,Compressor efficiency dropped below 85%.,Fan/Compressor Issue,2
56,150,2024-08-27 14:00:00,System operating within normal parameters.,No Fault,0
56,154,2024-08-27 18:00:00,Visual inspection passed.,No Fault,0
56,155,2024-08-27 19:00:00,System operating within normal parameters.,No Fault,0
56,157,2024-08-27 21:00:00,System operating within normal parameters.,No Fault,0
56,159,2024-08-27 23:00:00,"thermal runaway risk, shutdown initiated for cooling.",Overheating,3
56,162,2024-08-28 02:00:00,System operating within normal parameters.,No Fault,0
56,163,2024-08-28 03:00:00,Cooling system check: OK.,No Fault,0
56,165,2024-08-28 05:00:00,"routine check completed, no issues found.",No Fault,0
56,171,2024-08-28 11:00:00,Fan blade vibration high.,Fan/Compressor Issue,2
56,172,2024-08-28 12:00:00,Cooling system check: OK.,No Fault,0
56,175,2024-08-28 15:00:00,"Coolant pressure drop, potential leak.",Overheating,3
56,179,2024-08-28 19:00:00,surge detected in low pressure compressor.,Fan/Compressor Issue,2
56,180,2024-08-28 20:00:00,"Operator log: shift ended, machine running smoothly.",No Fault,0
56,188,2024-08-29 04:00:00,"Lubrication low, potential bearing wear.",Bearing Issue,2
56,196,2024-08-29 12:00:00,Cooling system check: OK.,No Fault,0
56,199,2024-08-29 15:00:00,"sensors calibrated, readings normal.",No Fault,0
56,204,2024-08-29 20:00:00,Temperature sensor T2 reading critical high.,Overheating,3
56,207,2024-08-29 23:00:00,visual inspection passed.,No Fault,0
56,208,2024-08-30 00:00:00,Bearing temperature exceeding threshold.,Bearing Issue,2
56,209,2024-08-30 01:00:00,Heat exchanger efficiency low.,Overheating,3
56,210,2024-08-30 02:00:00,"coolant pressure drop, potential leak.",Overheating,3
56,213,2024-08-30 05:00:00,"Operator log: shift ended, machine running smoothly.",No Fault,0
56,215,2024-08-30 07:00:00,"routine check completed, no issues found.",No Fault,0
57,5,2024-08-25 17:00:00,Audible noise reported from bearing housing.,Bearing Issue,2
57,9,2024-08-25 21:00:00,Cooling system check: OK.,No Fault,0
57,14,2024-08-26 02:00:00,"Sensors calibrated, readings normal.",No Fault,0
57,18,2024-08-26 06:00:00,"Routine check completed, no issues found.",No Fault,0
57,23,2024-08-26 11:00:00,"Routine check completed, no issues found.",No Fault,0
57,24,2024-08-26 12:00:00,Scheduled maintenance: oil level checked.,No Fault,0
57,27,2024-08-26 15:00:00,Visual inspection passed.,No Fault,0
57,36,2024-08-27 00:00:00,"Operator log: shift ended, machine running smoothly.",No Fault,0
57,37,2024-08-27 01:00:00,Scheduled maintenance: oil level checked.,No Fault,0
57,39,2024-08-27 03:00:00,cooling system check: ok.,No Fault,0
57,44,2024-08-27 08:00:00,"Sensors calibrated, readings normal.",No Fault,0
57,48,2024-08-27 12:00:00,Cooling system check: OK.,No Fault,0
57,50,2024-08-27 14:00:00,Cooling system check: OK.,No Fault,0
57,52,2024-08-27 16:00:00,Fan blade vibration high.,Fan/Compressor Issue,2
57,61,2024-08-28 01:00:00,Vibration analysis indicates inner race fault.,Bearing Issue,2
57,63,2024-08-28 03:00:00,"Sensors calibrated, readings normal.",No Fault,0
57,64,2024-08-28 04:00:00,System operating within normal parameters.,No Fault,0
57,66,2024-08-28 06:00:00,visual inspection passed.,No Fault,0
57,67,2024-08-28 07:00:00,"Sensors calibrated, readings normal.",No Fault,0
57,69,2024-08-28 09:00:00,"Operator log: shift ended, machine running smoothly.",No Fault,0
57,70,2024-08-28 10:00:00,"Routine check completed, no issues found.",No Fault,0
57,71,2024-08-28 11:00:00,Cooling system check: OK.,No Fault,0
57,89,2024-08-29 05:00:00,System operating within normal parameters.,No Fault,0
57,101,2024-08-29 17:00:00,Visual inspection passed.,No Fault,0
57,125,2024-08-30 17:00:00,"Operator log: shift ended, machine running smoothly.",No Fault,0
57,129,2024-08-30 21:00:00,"Operator log: shift ended, machine running smoothly.",No Fault,0
57,132,2024-08-31 00:00:00,Visual inspection passed.,No Fault,0
57,140,2024-08-31 08:00:00,"Sensors calibrated, readings normal.",No Fault,0
57,143,2024-08-31 11:00:00,System operating within normal parameters.,No Fault,0
57,160,2024-09-01 04:00:00,Audible noise reported from bearing housing.,Bearing Issue,2
57,165,2024-09-01 09:00:00,Cooling system check: OK.,No Fault,0
57,186,2024-09-02 06:00:00,"Thermal runaway risk, shutdown initiated for cooling.",Overheating,3
57,187,2024-09-02 07:00:00,airflow obstruction in intake.,Fan/Compressor Issue,2
57,193,2024-09-02 13:00:00,temperature sensor t2 reading critical high.,Overheating,3
58,4,2024-08-29 20:00:00,visual inspection passed.,No Fault,0
58,5,2024-08-29 21:00:00,cooling system check: ok.,No Fault,0
58,6,2024-08-29 22:00:00,scheduled maintenance: oil level checked.,No Fault,0
58,8,2024-08-30 00:00:00,"Routine check completed, no issues found.",No Fault,0
58,14,2024-08-30 06:00:00,"sensors calibrated, readings normal.",No Fault,0
58,17,2024-08-30 09:00:00,System operating within normal parameters.,No Fault,0
58,20,2024-08-30 12:00:00,"Operator log: shift ended, machine running smoothly.",No Fault,0
58,21,2024-08-30 13:00:00,"Sensors calibrated, readings normal.",No Fault,0
58,22,2024-08-30 14:00:00,"Sensors calibrated, readings normal.",No Fault,0
58,25,2024-08-30 17:00:00,"operator log: shift ended, machine running smoothly.",No Fault,0
58,29,2024-08-30 21:00:00,"Operator log: shift ended, machine running smoothly.",No Fault,0
58,35,2024-08-31 03:00:00,"Routine check completed, no issues found.",No Fault,0
58,36,2024-08-31 04:00:00,Visual inspection passed.,No Fault,0
58,40,2024-08-31 08:00:00,Cooling system check: OK.,No Fault,0
58,41,2024-08-31 09:00:00,Scheduled maintenance: oil level checked.,No Fault,0
58,46,2024-08-31 14:00:00,"Coolant pressure drop, potential leak.",Overheating,3
58,48,2024-08-31 16:00:00,"Operator log: shift ended, machine running smoothly.",No Fault,0
58,51,2024-08-31 19:00:00,"Operator log: shift ended, machine running smoothly.",No Fault,0
58,54,2024-08-31 22:00:00,System operating within normal parameters.,No Fault,0
58,58,2024-09-01 02:00:00,System operating within normal parameters.,No Fault,0
58,59,2024-09-01 03:00:00,"Sensors calibrated, readings normal.",No Fault,0
58,60,2024-09-01 04:00:00,scheduled maintenance: oil level checked.,No Fault,0
58,64,2024-09-01 08:00:00,"Routine check completed, no issues found.",No Fault,0
58,69,2024-09-01 13:00:00,"sensors calibrated, readings normal.",No Fault,0
58,71,2024-09-01 15:00:00,cooling system check: ok.,No Fault,0
58,80,2024-09-02 00:00:00,Cooling system check: OK.,No Fault,0
58,81,2024-09-02 01:00:00,System operating within normal parameters.,No Fault,0
58,84,2024-09-02 04:00:00,Visual inspection passed.,No Fault,0
58,87,2024-09-02 07:00:00,visual inspection passed.,No Fault,0
58,90,2024-09-02 10:00:00,Bearing temperature exceeding threshold.,Bearing Issue,2
58,99,2024-09-02 19:00:00,cooling system check: ok.,No Fault,0
58,108,2024-09-03 04:00:00,"Routine check completed, no issues found.",No Fault,0
58,113,2024-09-03 09:00:00,System operating within normal parameters.,No Fault,0
58,115,2024-09-03 11:00:00,Surge detected in low pressure compressor.,Fan/Compressor Issue,2
58,119,2024-09-03 15:00:00,Scheduled maintenance: oil level checked.,No Fault,0
58,127,2024-09-03 23:00:00,"Lubrication low, potential bearing wear.",Bearing Issue,2
58,130,2024-09-04 02:00:00,"Operator log: shift ended, machine running smoothly.",No Fault,0
58,134,2024-09-04 06:00:00,"Routine check completed, no issues found.",No Fault,0
58,135,2024-09-04 07:00:00,Cooling system check: OK.,No Fault,0
58,136,2024-09-04 08:00:00,Scheduled maintenance: oil level checked.,No Fault,0
58,140,2024-09-04 12:00:00,cooling system check: ok.,No Fault,0
58,141,2024-09-04 13:00:00,"Operator log: shift ended, machine running smoothly.",No Fault,0
58,144,2024-09-04 16:00:00,System operating within normal parameters.,No Fault,0
58,145,2024-09-04 17:00:00,"Operator log: shift ended, machine running smoothly.",No Fault,0
58,153,2024-09-05 01:00:00,Surge detected in low pressure compressor.,Fan/Compressor Issue,2
58,157,2024-09-05 05:00:00,fan balance check failed.,Fan/Compressor Issue,2
58,158,2024-09-05 06:00:00,"lubrication low, potential bearing wear.",Bearing Issue,2
58,160,2024-09-05 08:00:00,"Routine check completed, no issues found.",No Fault,0
58,168,2024-09-05 16:00:00,bearing temperature exceeding threshold.,Bearing Issue,2
58,173,2024-09-05 21:00:00,"abnormal sound from shaft, suspect bearing damage.",Bearing Issue,2
58,178,2024-09-06 02:00:00,Overheating warning in high pressure turbine.,Overheating,3
58,179,2024-09-06 03:00:00,Compressor efficiency dropped below 85%.,Fan/Compressor Issue,2
58,183,2024-09-06 07:00:00,Temperature sensor T2 reading critical high.,Overheating,3
58,186,2024-09-06 10:00:00,audible noise reported from bearing housing.,Bearing Issue,2
59,1,2024-09-02 21:00:00,"Routine check completed, no issues found.",No Fault,0
59,2,2024-09-02 22:00:00,Scheduled maintenance: oil level checked.,No Fault,0
59,4,2024-09-03 00:00:00,"sensors calibrated, readings normal.",No Fault,0
59,7,2024-09-03 03:00:00,Temperature sensor T2 reading critical high.,Overheating,3
59,10,2024-09-03 06:00:00,"routine check completed, no issues found.",No Fault,0
59,11,2024-09-03 07:00:00,Scheduled maintenance: oil level checked.,No Fault,0
59,15,2024-09-03 11:00:00,"operator log: shift ended, machine running smoothly.",No Fault,0
59,18,2024-09-03 14:00:00,Visual inspection passed.,No Fault,0
59,19,2024-09-03 15:00:00,system operating within normal parameters.,No Fault,0
59,23,2024-09-03 19:00:00,"Sensors calibrated, readings normal.",No Fault,0
59,28,2024-09-04 00:00:00,"Sensors calibrated, readings normal.",No Fault,0
59,32,2024-09-04 04:00:00,Cooling system check: OK.,No Fault,0
59,35,2024-09-04 07:00:00,"Lubrication low, potential bearing wear.",Bearing Issue,2
59,36,2024-09-04 08:00:00,scheduled maintenance: oil level checked.,No Fault,0
59,37,2024-09-04 09:00:00,fan balance check failed.,Fan/Compressor Issue,2
59,40,2024-09-04 12:00:00,fan balance check failed.,Fan/Compressor Issue,2
59,41,2024-09-04 13:00:00,Visual inspection passed.,No Fault,0
59,43,2024-09-04 15:00:00,"Sensors calibrated, readings normal.",No Fault,0
59,46,2024-09-04 18:00:00,Scheduled maintenance: oil level checked.,No Fault,0
59,56,2024-09-05 04:00:00,"Sensors calibrated, readings normal.",No Fault,0
59,60,2024-09-05 08:00:00,"Operator log: shift ended, machine running smoothly.",No Fault,0
59,61,2024-09-05 09:00:00,System operating within normal parameters.,No Fault,0
59,67,2024-09-05 15:00:00,"Operator log: shift ended, machine running smoothly.",No Fault,0
59,68,2024-09-05 16:00:00,Visual inspection passed.,No Fault,0
59,70,2024-09-05 18:00:00,Visual inspection passed.,No Fault,0
59,71,2024-09-05 19:00:00,"operator log: shift ended, machine running smoothly.",No Fault,0
59,74,2024-09-05 22:00:00,scheduled maintenance: oil level checked.,No Fault,0
59,75,2024-09-05 23:00:00,"sensors calibrated, readings normal.",No Fault,0
59,76,2024-09-06 00:00:00,Cooling system check: OK.,No Fault,0
59,80,2024-09-06 04:00:00,Fan blade vibration high.,Fan/Compressor Issue,2
59,86,2024-09-06 10:00:00,system operating within normal parameters.,No Fault,0
59,88,2024-09-06 12:00:00,Visual inspection passed.,No Fault,0
59,89,2024-09-06 13:00:00,system operating within normal parameters.,No Fault,0
59,90,2024-09-06 14:00:00,system operating within normal parameters.,No Fault,0
59,91,2024-09-06 15:00:00,cooling system check: ok.,No Fault,0
59,92,2024-09-06 16:00:00,System operating within normal parameters.,No Fault,0
59,93,2024-09-06 17:00:00,Scheduled maintenance: oil level checked.,No Fault,0
59,97,2024-09-06 21:00:00,System operating within normal parameters.,No Fault,0
59,98,2024-09-06 22:00:00,"operator log: shift ended, machine running smoothly.",No Fault,0
59,102,2024-09-07 02:00:00,Cooling system check: OK.,No Fault,0
59,103,2024-09-07 03:00:00,"Operator log: shift ended, machine running smoothly.",No Fault,0
59,104,2024-09-07 04:00:00,"Routine check completed, no issues found.",No Fault,0
59,112,2024-09-07 12:00:00,"coolant pressure drop, potential leak.",Overheating,3
59,113,2024-09-07 13:00:00,Visual inspection passed.,No Fault,0
59,115,2024-09-07 15:00:00,"Routine check completed, no issues found.",No Fault,0
59,119,2024-09-07 19:00:00,Scheduled maintenance: oil level checked.,No Fault,0
59,125,2024-09-08 01:00:00,Fan blade vibration high.,Fan/Compressor Issue,2
59,127,2024-09-08 03:00:00,"Abnormal sound from shaft, suspect bearing damage.",Bearing Issue,2
59,129,2024-09-08 05:00:00,"Operator log: shift ended, machine running smoothly.",No Fault,0
59,130,2024-09-08 06:00:00,Exhaust gas temperature warning.,Overheating,3
59,132,2024-09-08 08:00:00,Compressor stall detected.,Fan/Compressor Issue,2
59,134,2024-09-08 10:00:00,high vibration detected in main bearing.,Bearing Issue,2
59,135,2024-09-08 11:00:00,temperature sensor t2 reading critical high.,Overheating,3
59,138,2024-09-08 14:00:00,exhaust gas temperature warning.,Overheating,3
59,141,2024-09-08 17:00:00,"Abnormal sound from shaft, suspect bearing damage.",Bearing Issue,2
59,142,2024-09-08 18:00:00,"operator log: shift ended, machine running smoothly.",No Fault,0
59,145,2024-09-08 21:00:00,"Lubrication low, potential bearing wear.",Bearing Issue,2
59,151,2024-09-09 03:00:00,Exhaust gas temperature warning.,Overheating,3
59,153,2024-09-09 05:00:00,Overheating warning in high pressure turbine.,Overheating,3
59,155,2024-09-09 07:00:00,overheating warning in high pressure turbine.,Overheating,3
60,8,2024-09-07 08:00:00,"sensors calibrated, readings normal.",No Fault,0
60,10,2024-09-07 10:00:00,"Sensors calibrated, readings normal.",No Fault,0
60,32,2024-09-08 08:00:00,"Routine check completed, no issues found.",No Fault,0
60,34,2024-09-08 10:00:00,"Operator log: shift ended, machine running smoothly.",No Fault,0
60,35,2024-09-08 11:00:00,fan balance check failed.,Fan/Compressor Issue,2
60,38,2024-09-08 14:00:00,"sensors calibrated, readings normal.",No Fault,0
60,45,2024-09-08 21:00:00,"sensors calibrated, readings normal.",No Fault,0
60,51,2024-09-09 03:00:00,System operating within normal parameters.,No Fault,0
60,54,2024-09-09 06:00:00,"Operator log: shift ended, machine running smoothly.",No Fault,0
60,58,2024-09-09 10:00:00,"Sensors calibrated, readings normal.",No Fault,0
60,59,2024-09-09 11:00:00,"thermal runaway risk, shutdown initiated for cooling.",Overheating,3
60,68,2024-09-09 20:00:00,Visual inspection passed.,No Fault,0
60,69,2024-09-09 21:00:00,"Sensors calibrated, readings normal.",No Fault,0
60,82,2024-09-10 10:00:00,"Routine check completed, no issues found.",No Fault,0
60,84,2024-09-10 12:00:00,Scheduled maintenance: oil level checked.,No Fault,0
60,87,2024-09-10 15:00:00,Visual inspection passed.,No Fault,0
60,91,2024-09-10 19:00:00,"sensors calibrated, readings normal.",No Fault,0
60,93,2024-09-10 21:00:00,"Routine check completed, no issues found.",No Fault,0
60,95,2024-09-10 23:00:00,"Routine check completed, no issues found.",No Fault,0
60,100,2024-09-11 04:00:00,visual inspection passed.,No Fault,0
60,106,2024-09-11 10:00:00,"Operator log: shift ended, machine running smoothly.",No Fault,0
60,114,2024-09-11 18:00:00,"Sensors calibrated, readings normal.",No Fault,0
60,124,2024-09-12 04:00:00,"Sensors calibrated, readings normal.",No Fault,0
60,132,2024-09-12 12:00:00,scheduled maintenance: oil level checked.,No Fault,0
60,133,2024-09-12 13:00:00,"Sensors calibrated, readings normal.",No Fault,0
60,136,2024-09-12 16:00:00,visual inspection passed.,No Fault,0
60,140,2024-09-12 20:00:00,"Operator log: shift ended, machine running smoothly.",No Fault,0
60,144,2024-09-13 00:00:00,Cooling system check: OK.,No Fault,0
60,146,2024-09-13 02:00:00,Compressor stall detected.,Fan/Compressor Issue,2
60,159,2024-09-13 15:00:00,System operating within normal parameters.,No Fault,0
60,162,2024-09-13 18:00:00,"sensors calibrated, readings normal.",No Fault,0
60,164,2024-09-13 20:00:00,Fan blade vibration high.,Fan/Compressor Issue,2
60,165,2024-09-13 21:00:00,System operating within normal parameters.,No Fault,0
60,172,2024-09-14 04:00:00,"Sensors calibrated, readings normal.",No Fault,0
60,179,2024-09-14 11:00:00,"Sensors calibrated, readings normal.",No Fault,0
60,183,2024-09-14 15:00:00,System operating within normal parameters.,No Fault,0
60,187,2024-09-14 19:00:00,high vibration detected in main bearing.,Bearing Issue,2
60,190,2024-09-14 22:00:00,high vibration detected in main bearing.,Bearing Issue,2
60,213,2024-09-15 21:00:00,Visual inspection passed.,No Fault,0
60,221,2024-09-16 05:00:00,Scheduled maintenance: oil level checked.,No Fault,0
60,222,2024-09-16 06:00:00,Fan balance check failed.,Fan/Compressor Issue,2
60,223,2024-09-16 07:00:00,"abnormal sound from shaft, suspect bearing damage.",Bearing Issue,2
60,226,2024-09-16 10:00:00,Cooling system check: OK.,No Fault,0
60,229,2024-09-16 13:00:00,"thermal runaway risk, shutdown initiated for cooling.",Overheating,3
60,232,2024-09-16 16:00:00,Fan balance check failed.,Fan/Compressor Issue,2
60,235,2024-09-16 19:00:00,"Operator log: shift ended, machine running smoothly.",No Fault,0
60,244,2024-09-17 04:00:00,Exhaust gas temperature warning.,Overheating,3
60,251,2024-09-17 11:00:00,"Abnormal sound from shaft, suspect bearing damage.",Bearing Issue,2
60,254,2024-09-17 14:00:00,"Sensors calibrated, readings normal.",No Fault,0
60,255,2024-09-17 15:00:00,Overheating warning in high pressure turbine.,Overheating,3
60,256,2024-09-17 16:00:00,"operator log: shift ended, machine running smoothly.",No Fault,0
60,259,2024-09-17 19:00:00,surge detected in low pressure compressor.,Fan/Compressor Issue,2
61,2,2024-09-11 06:00:00,Visual inspection passed.,No Fault,0
61,8,2024-09-11 12:00:00,Visual inspection passed.,No Fault,0
61,11,2024-09-11 15:00:00,cooling system check: ok.,No Fault,0
61,12,2024-09-11 16:00:00,"routine check completed, no issues found.",No Fault,0
61,17,2024-09-11 21:00:00,visual inspection passed.,No Fault,0
61,21,2024-09-12 01:00:00,Scheduled maintenance: oil level checked.,No Fault,0
61,27,2024-09-12 07:00:00,"Operator log: shift ended, machine running smoothly.",No Fault,0
61,34,2024-09-12 14:00:00,System operating within normal parameters.,No Fault,0
61,46,2024-09-13 02:00:00,"Operator log: shift ended, machine running smoothly.",No Fault,0
61,48,2024-09-13 04:00:00,Visual inspection passed.,No Fault,0
61,56,2024-09-13 12:00:00,"sensors calibrated, readings normal.",No Fault,0
61,58,2024-09-13 14:00:00,"sensors calibrated, readings normal.",No Fault,0
61,62,2024-09-13 18:00:00,"Operator log: shift ended, machine running smoothly.",No Fault,0
61,66,2024-09-13 22:00:00,Visual inspection passed.,No Fault,0
61,68,2024-09-14 00:00:00,System operating within normal parameters.,No Fault,0
61,73,2024-09-14 05:00:00,Cooling system check: OK.,No Fault,0
61,74,2024-09-14 06:00:00,"Sensors calibrated, readings normal.",No Fault,0
61,80,2024-09-14 12:00:00,Visual inspection passed.,No Fault,0
61,81,2024-09-14 13:00:00,Visual inspection passed.,No Fault,0
61,88,2024-09-14 20:00:00,"Operator log: shift ended, machine running smoothly.",No Fault,0
61,89,2024-09-14 21:00:00,"Operator log: shift ended, machine running smoothly.",No Fault,0
61,91,2024-09-14 23:00:00,system operating within normal parameters.,No Fault,0
61,98,2024-09-15 06:00:00,Cooling system check: OK.,No Fault,0
61,101,2024-09-15 09:00:00,"Operator log: shift ended, machine running smoothly.",No Fault,0
61,102,2024-09-15 10:00:00,"Routine check completed, no issues found.",No Fault,0
61,103,2024-09-15 11:00:00,"Operator log: shift ended, machine running smoothly.",No Fault,0
61,104,2024-09-15 12:00:00,"operator log: shift ended, machine running smoothly.",No Fault,0
61,105,2024-09-15 13:00:00,"Sensors calibrated, readings normal.",No Fault,0
61,111,2024-09-15 19:00:00,"Operator log: shift ended, machine running smoothly.",No Fault,0
61,123,2024-09-16 07:00:00,Visual inspection passed.,No Fault,0
61,130,2024-09-16 14:00:00,Cooling system check: OK.,No Fault,0
61,144,2024-09-17 04:00:00,"Sensors calibrated, readings normal.",No Fault,0
61,145,2024-09-17 05:00:00,Cooling system check: OK.,No Fault,0
61,146,2024-09-17 06:00:00,vibration analysis indicates inner race fault.,Bearing Issue,2
61,147,2024-09-17 07:00:00,System operating within normal parameters.,No Fault,0
61,150,2024-09-17 10:00:00,"Routine check completed, no issues found.",No Fault,0
61,151,2024-09-17 11:00:00,"Routine check completed, no issues found.",No Fault,0
61,163,2024-09-17 23:00:00,Scheduled maintenance: oil level checked.,No Fault,0
61,166,2024-09-18 02:00:00,Compressor efficiency dropped below 85%.,Fan/Compressor Issue,2
61,171,2024-09-18 07:00:00,temperature sensor t2 reading critical high.,Overheating,3
61,173,2024-09-18 09:00:00,Airflow obstruction in intake.,Fan/Compressor Issue,2
61,176,2024-09-18 12:00:00,Overheating warning in high pressure turbine.,Overheating,3
61,186,2024-09-18 22:00:00,"coolant pressure drop, potential leak.",Overheating,3
61,193,2024-09-19 05:00:00,Audible noise reported from bearing housing.,Bearing Issue,2
62,6,2024-09-15 14:00:00,Cooling system check: OK.,No Fault,0
62,51,2024-09-17 11:00:00,System operating within normal parameters.,No Fault,0
62,52,2024-09-17 12:00:00,"Operator log: shift ended, machine running smoothly.",No Fault,0
62,53,2024-09-17 13:00:00,Scheduled maintenance: oil level checked.,No Fault,0
62,60,2024-09-17 20:00:00,system operating within normal parameters.,No Fault,0
62,62,2024-09-17 22:00:00,Scheduled maintenance: oil level checked.,No Fault,0
62,79,2024-09-18 15:00:00,"operator log: shift ended, machine running smoothly.",No Fault,0
62,83,2024-09-18 19:00:00,"Operator log: shift ended, machine running smoothly.",No Fault,0
62,89,2024-09-19 01:00:00,"sensors calibrated, readings normal.",No Fault,0
62,101,2024-09-19 13:00:00,Cooling system check: OK.,No Fault,0
62,110,2024-09-19 22:00:00,"Operator log: shift ended, machine running smoothly.",No Fault,0
62,111,2024-09-19 23:00:00,Overheating warning in high pressure turbine.,Overheating,3
62,114,2024-09-20 02:00:00,vibration analysis indicates inner race fault.,Bearing Issue,2
62,140,2024-09-21 04:00:00,Compressor stall detected.,Fan/Compressor Issue,2
62,146,2024-09-21 10:00:00,Visual inspection passed.,No Fault,0
62,147,2024-09-21 11:00:00,"Coolant pressure drop, potential leak.",Overheating,3
62,149,2024-09-21 13:00:00,exhaust gas temperature warning.,Overheating,3
62,151,2024-09-21 15:00:00,Temperature sensor T2 reading critical high.,Overheating,3
62,155,2024-09-21 19:00:00,Fan blade vibration high.,Fan/Compressor Issue,2
62,160,2024-09-22 00:00:00,Heat exchanger efficiency low.,Overheating,3
62,165,2024-09-22 05:00:00,"Thermal runaway risk, shutdown initiated for cooling.",Overheating,3
63,17,2024-09-20 05:00:00,visual inspection passed.,No Fault,0
63,18,2024-09-20 06:00:00,Cooling system check: OK.,No Fault,0
63,29,2024-09-20 17:00:00,"Routine check completed, no issues found.",No Fault,0
63,31,2024-09-20 19:00:00,scheduled maintenance: oil level checked.,No Fault,0
63,52,2024-09-21 16:00:00,Scheduled maintenance: oil level checked.,No Fault,0
63,60,2024-09-22 00:00:00,visual inspection passed.,No Fault,0
63,72,2024-09-22 12:00:00,"Operator log: shift ended, machine running smoothly.",No Fault,0
63,83,2024-09-22 23:00:00,"Routine check completed, no issues found.",No Fault,0
63,88,2024-09-23 04:00:00,"Sensors calibrated, readings normal.",No Fault,0
63,90,2024-09-23 06:00:00,Cooling system check: OK.,No Fault,0
63,95,2024-09-23 11:00:00,"Sensors calibrated, readings normal.",No Fault,0
63,98,2024-09-23 14:00:00,Visual inspection passed.,No Fault,0
63,108,2024-09-24 00:00:00,visual inspection passed.,No Fault,0
63,127,2024-09-24 19:00:00,"routine check completed, no issues found.",No Fault,0
63,132,2024-09-25 00:00:00,System operating within normal parameters.,No Fault,0
63,142,2024-09-25 10:00:00,"Routine check completed, no issues found.",No Fault,0
63,157,2024-09-26 01:00:00,"operator log: shift ended, machine running smoothly.",No Fault,0
63,160,2024-09-26 04:00:00,High vibration detected in main bearing.,Bearing Issue,2
63,188,2024-09-27 08:00:00,"Abnormal sound from shaft, suspect bearing damage.",Bearing Issue,2
63,193,2024-09-27 13:00:00,Cooling system check: OK.,No Fault,0
63,197,2024-09-27 17:00:00,System operating within normal parameters.,No Fault,0
63,201,2024-09-27 21:00:00,Visual inspection passed.,No Fault,0
63,215,2024-09-28 11:00:00,"Operator log: shift ended, machine running smoothly.",No Fault,0
63,216,2024-09-28 12:00:00,fan balance check failed.,Fan/Compressor Issue,2
63,218,2024-09-28 14:00:00,"operator log: shift ended, machine running smoothly.",No Fault,0
63,222,2024-09-28 18:00:00,Surge detected in low pressure compressor.,Fan/Compressor Issue,2
63,227,2024-09-28 23:00:00,Compressor stall detected.,Fan/Compressor Issue,2
63,231,2024-09-29 03:00:00,Temperature sensor T2 reading critical high.,Overheating,3
63,235,2024-09-29 07:00:00,Fan blade vibration high.,Fan/Compressor Issue,2
63,237,2024-09-29 09:00:00,Visual inspection passed.,No Fault,0
63,238,2024-09-29 10:00:00,"Routine check completed, no issues found.",No Fault,0
63,247,2024-09-29 19:00:00,"Sensors calibrated, readings normal.",No Fault,0
63,260,2024-09-30 08:00:00,Temperature sensor T2 reading critical high.,Overheating,3
63,263,2024-09-30 11:00:00,Temperature sensor T2 reading critical high.,Overheating,3
63,266,2024-09-30 14:00:00,Surge detected in low pressure compressor.,Fan/Compressor Issue,2
63,275,2024-09-30 23:00:00,Surge detected in low pressure compressor.,Fan/Compressor Issue,2
63,276,2024-10-01 00:00:00,System operating within normal parameters.,No Fault,0
63,280,2024-10-01 04:00:00,Heat exchanger efficiency low.,Overheating,3
63,288,2024-10-01 12:00:00,Fan balance check failed.,Fan/Compressor Issue,2
64,1,2024-09-23 17:00:00,"Sensors calibrated, readings normal.",No Fault,0
64,4,2024-09-23 20:00:00,"Routine check completed, no issues found.",No Fault,0
64,6,2024-09-23 22:00:00,"Routine check completed, no issues found.",No Fault,0
64,7,2024-09-23 23:00:00,Cooling system check: OK.,No Fault,0
64,12,2024-09-24 04:00:00,"Sensors calibrated, readings normal.",No Fault,0
64,17,2024-09-24 09:00:00,"routine check completed, no issues found.",No Fault,0
64,19,2024-09-24 11:00:00,Cooling system check: OK.,No Fault,0
64,27,2024-09-24 19:00:00,Cooling system check: OK.,No Fault,0
64,32,2024-09-25 00:00:00,"Sensors calibrated, readings normal.",No Fault,0
64,43,2024-09-25 11:00:00,"Sensors calibrated, readings normal.",No Fault,0
64,46,2024-09-25 14:00:00,Visual inspection passed.,No Fault,0
64,48,2024-09-25 16:00:00,Scheduled maintenance: oil level checked.,No Fault,0
64,52,2024-09-25 20:00:00,Visual inspection passed.,No Fault,0
64,57,2024-09-26 01:00:00,Fan blade vibration high.,Fan/Compressor Issue,2
64,59,2024-09-26 03:00:00,System operating within normal parameters.,No Fault,0
64,62,2024-09-26 06:00:00,Cooling system check: OK.,No Fault,0
64,64,2024-09-26 08:00:00,Scheduled maintenance: oil level checked.,No Fault,0
64,66,2024-09-26 10:00:00,"routine check completed, no issues found.",No Fault,0
64,85,2024-09-27 05:00:00,Fan balance check failed.,Fan/Compressor Issue,2
64,88,2024-09-27 08:00:00,Cooling system check: OK.,No Fault,0
64,93,2024-09-27 13:00:00,"Sensors calibrated, readings normal.",No Fault,0
64,102,2024-09-27 22:00:00,Visual inspection passed.,No Fault,0
64,110,2024-09-28 06:00:00,visual inspection passed.,No Fault,0
64,118,2024-09-28 14:00:00,"Sensors calibrated, readings normal.",No Fault,0
64,122,2024-09-28 18:00:00,"sensors calibrated, readings normal.",No Fault,0
64,127,2024-09-28 23:00:00,"Sensors calibrated, readings normal.",No Fault,0
64,130,2024-09-29 02:00:00,"Lubrication low, potential bearing wear.",Bearing Issue,2
64,145,2024-09-29 17:00:00,Compressor stall detected.,Fan/Compressor Issue,2
64,149,2024-09-29 21:00:00,Airflow obstruction in intake.,Fan/Compressor Issue,2
64,150,2024-09-29 22:00:00,Cooling system check: OK.,No Fault,0
64,155,2024-09-30 03:00:00,"Routine check completed, no issues found.",No Fault,0
64,159,2024-09-30 07:00:00,scheduled maintenance: oil level checked.,No Fault,0
64,169,2024-09-30 17:00:00,Heat exchanger efficiency low.,Overheating,3
64,172,2024-09-30 20:00:00,"Operator log: shift ended, machine running smoothly.",No Fault,0
64,176,2024-10-01 00:00:00,Cooling system check: OK.,No Fault,0
64,177,2024-10-01 01:00:00,heat exchanger efficiency low.,Overheating,3
64,178,2024-10-01 02:00:00,Airflow obstruction in intake.,Fan/Compressor Issue,2
64,192,2024-10-01 16:00:00,"Routine check completed, no issues found.",No Fault,0
64,199,2024-10-01 23:00:00,High vibration detected in main bearing.,Bearing Issue,2
64,202,2024-10-02 02:00:00,airflow obstruction in intake.,Fan/Compressor Issue,2
64,205,2024-10-02 05:00:00,"routine check completed, no issues found.",No Fault,0
64,212,2024-10-02 12:00:00,Cooling system check: OK.,No Fault,0
64,217,2024-10-02 17:00:00,"Operator log: shift ended, machine running smoothly.",No Fault,0
64,230,2024-10-03 06:00:00,"Thermal runaway risk, shutdown initiated for cooling.",Overheating,3
64,235,2024-10-03 11:00:00,Overheating warning in high pressure turbine.,Overheating,3
64,256,2024-10-04 08:00:00,Heat exchanger efficiency low.,Overheating,3
64,261,2024-10-04 13:00:00,"Sensors calibrated, readings normal.",No Fault,0
65,14,2024-09-28 10:00:00,system operating within normal parameters.,No Fault,0
65,18,2024-09-28 14:00:00,system operating within normal parameters.,No Fault,0
65,21,2024-09-28 17:00:00,System operating within normal parameters.,No Fault,0
65,26,2024-09-28 22:00:00,Airflow obstruction in intake.,Fan/Compressor Issue,2
65,29,2024-09-29 01:00:00,"sensors calibrated, readings normal.",No Fault,0
65,31,2024-09-29 03:00:00,"operator log: shift ended, machine running smoothly.",No Fault,0
65,32,2024-09-29 04:00:00,"Sensors calibrated, readings normal.",No Fault,0
65,34,2024-09-29 06:00:00,"sensors calibrated, readings normal.",No Fault,0
65,39,2024-09-29 11:00:00,Visual inspection passed.,No Fault,0
65,43,2024-09-29 15:00:00,"Operator log: shift ended, machine running smoothly.",No Fault,0
65,51,2024-09-29 23:00:00,Scheduled maintenance: oil level checked.,No Fault,0
65,53,2024-09-30 01:00:00,"sensors calibrated, readings normal.",No Fault,0
65,55,2024-09-30 03:00:00,System operating within normal parameters.,No Fault,0
65,59,2024-09-30 07:00:00,"Routine check completed, no issues found.",No Fault,0
65,62,2024-09-30 10:00:00,Scheduled maintenance: oil level checked.,No Fault,0
65,73,2024-09-30 21:00:00,visual inspection passed.,No Fault,0
65,75,2024-09-30 23:00:00,Cooling system check: OK.,No Fault,0
65,81,2024-10-01 05:00:00,Visual inspection passed.,No Fault,0
65,85,2024-10-01 09:00:00,"operator log: shift ended, machine running smoothly.",No Fault,0
65,86,2024-10-01 10:00:00,Scheduled maintenance: oil level checked.,No Fault,0
65,89,2024-10-01 13:00:00,visual inspection passed.,No Fault,0
65,92,2024-10-01 16:00:00,Cooling system check: OK.,No Fault,0
65,93,2024-10-01 17:00:00,Scheduled maintenance: oil level checked.,No Fault,0
65,94,2024-10-01 18:00:00,"routine check completed, no issues found.",No Fault,0
65,95,2024-10-01 19:00:00,Bearing temperature exceeding threshold.,Bearing Issue,2
65,98,2024-10-01 22:00:00,System operating within normal parameters.,No Fault,0
65,104,2024-10-02 04:00:00,"operator log: shift ended, machine running smoothly.",No Fault,0
65,105,2024-10-02 05:00:00,scheduled maintenance: oil level checked.,No Fault,0
65,107,2024-10-02 07:00:00,"Routine check completed, no issues found.",No Fault,0
65,112,2024-10-02 12:00:00,"Sensors calibrated, readings normal.",No Fault,0
65,117,2024-10-02 17:00:00,Scheduled maintenance: oil level checked.,No Fault,0
65,131,2024-10-03 07:00:00,scheduled maintenance: oil level checked.,No Fault,0
65,145,2024-10-03 21:00:00,visual inspection passed.,No Fault,0
65,147,2024-10-03 23:00:00,Heat exchanger efficiency low.,Overheating,3
65,149,2024-10-04 01:00:00,Cooling system check: OK.,No Fault,0
65,155,2024-10-04 07:00:00,Bearing temperature exceeding threshold.,Bearing Issue,2
65,162,2024-10-04 14:00:00,Compressor efficiency dropped below 85%.,Fan/Compressor Issue,2
65,171,2024-10-04 23:00:00,Vibration analysis indicates inner race fault.,Bearing Issue,2
65,173,2024-10-05 01:00:00,vibration analysis indicates inner race fault.,Bearing Issue,2
65,174,2024-10-05 02:00:00,visual inspection passed.,No Fault,0
65,175,2024-10-05 03:00:00,System operating within normal parameters.,No Fault,0
65,179,2024-10-05 07:00:00,Vibration analysis indicates inner race fault.,Bearing Issue,2
65,190,2024-10-05 18:00:00,"thermal runaway risk, shutdown initiated for cooling.",Overheating,3
65,194,2024-10-05 22:00:00,Vibration analysis indicates inner race fault.,Bearing Issue,2
65,195,2024-10-05 23:00:00,high vibration detected in main bearing.,Bearing Issue,2
66,5,2024-10-02 05:00:00,Visual inspection passed.,No Fault,0
66,15,2024-10-02 15:00:00,Visual inspection passed.,No Fault,0
66,22,2024-10-02 22:00:00,Visual inspection passed.,No Fault,0
66,24,2024-10-03 00:00:00,Vibration analysis indicates inner race fault.,Bearing Issue,2
66,25,2024-10-03 01:00:00,Exhaust gas temperature warning.,Overheating,3
66,28,2024-10-03 04:00:00,"sensors calibrated, readings normal.",No Fault,0
66,33,2024-10-03 09:00:00,"routine check completed, no issues found.",No Fault,0
66,34,2024-10-03 10:00:00,Visual inspection passed.,No Fault,0
66,39,2024-10-03 15:00:00,scheduled maintenance: oil level checked.,No Fault,0
66,40,2024-10-03 16:00:00,"Routine check completed, no issues found.",No Fault,0
66,44,2024-10-03 20:00:00,Scheduled maintenance: oil level checked.,No Fault,0
66,47,2024-10-03 23:00:00,"operator log: shift ended, machine running smoothly.",No Fault,0
66,49,2024-10-04 01:00:00,Scheduled maintenance: oil level checked.,No Fault,0
66,58,2024-10-04 10:00:00,"Sensors calibrated, readings normal.",No Fault,0
66,65,2024-10-04 17:00:00,Visual inspection passed.,No Fault,0
66,69,2024-10-04 21:00:00,"Routine check completed, no issues found.",No Fault,0
66,70,2024-10-04 22:00:00,"Routine check completed, no issues found.",No Fault,0
66,76,2024-10-05 04:00:00,"Routine check completed, no issues found.",No Fault,0
66,78,2024-10-05 06:00:00,High vibration detected in main bearing.,Bearing Issue,2
66,80,2024-10-05 08:00:00,Cooling system check: OK.,No Fault,0
66,86,2024-10-05 14:00:00,Visual inspection passed.,No Fault,0
66,90,2024-10-05 18:00:00,System operating within normal parameters.,No Fault,0
66,100,2024-10-06 04:00:00,"operator log: shift ended, machine running smoothly.",No Fault,0
66,106,2024-10-06 10:00:00,visual inspection passed.,No Fault,0
66,107,2024-10-06 11:00:00,scheduled maintenance: oil level checked.,No Fault,0
66,110,2024-10-06 14:00:00,System operating within normal parameters.,No Fault,0
66,135,2024-10-07 15:00:00,System operating within normal parameters.,No Fault,0
66,137,2024-10-07 17:00:00,"Routine check completed, no issues found.",No Fault,0
66,139,2024-10-07 19:00:00,visual inspection passed.,No Fault,0
66,140,2024-10-07 20:00:00,"Abnormal sound from shaft, suspect bearing damage.",Bearing Issue,2
66,143,2024-10-07 23:00:00,Cooling system check: OK.,No Fault,0
66,144,2024-10-08 00:00:00,Cooling system check: OK.,No Fault,0
66,147,2024-10-08 03:00:00,System operating within normal parameters.,No Fault,0
66,153,2024-10-08 09:00:00,Cooling system check: OK.,No Fault,0
66,154,2024-10-08 10:00:00,"routine check completed, no issues found.",No Fault,0
66,156,2024-10-08 12:00:00,"Abnormal sound from shaft, suspect bearing damage.",Bearing Issue,2
66,171,2024-10-09 03:00:00,fan blade vibration high.,Fan/Compressor Issue,2
66,182,2024-10-09 14:00:00,Temperature sensor T2 reading critical high.,Overheating,3
66,187,2024-10-09 19:00:00,"Thermal runaway risk, shutdown initiated for cooling.",Overheating,3
66,202,2024-10-10 10:00:00,"Coolant pressure drop, potential leak.",Overheating,3
66,204,2024-10-10 12:00:00,vibration analysis indicates inner race fault.,Bearing Issue,2
67,12,2024-10-06 16:00:00,visual inspection passed.,No Fault,0
67,13,2024-10-06 17:00:00,"sensors calibrated, readings normal.",No Fault,0
67,15,2024-10-06 19:00:00,Scheduled maintenance: oil level checked.,No Fault,0
67,21,2024-10-07 01:00:00,cooling system check: ok.,No Fault,0
67,30,2024-10-07 10:00:00,"routine check completed, no issues found.",No Fault,0
67,39,2024-10-07 19:00:00,surge detected in low pressure compressor.,Fan/Compressor Issue,2
67,44,2024-10-08 00:00:00,vibration analysis indicates inner race fault.,Bearing Issue,2
67,46,2024-10-08 02:00:00,surge detected in low pressure compressor.,Fan/Compressor Issue,2
67,49,2024-10-08 05:00:00,"Routine check completed, no issues found.",No Fault,0
67,52,2024-10-08 08:00:00,System operating within normal parameters.,No Fault,0
67,55,2024-10-08 11:00:00,Fan balance check failed.,Fan/Compressor Issue,2
67,58,2024-10-08 14:00:00,"Routine check completed, no issues found.",No Fault,0
67,75,2024-10-09 07:00:00,"Sensors calibrated, readings normal.",No Fault,0
67,78,2024-10-09 10:00:00,"routine check completed, no issues found.",No Fault,0
67,81,2024-10-09 13:00:00,"Operator log: shift ended, machine running smoothly.",No Fault,0
67,84,2024-10-09 16:00:00,"Routine check completed, no issues found.",No Fault,0
67,86,2024-10-09 18:00:00,"Sensors calibrated, readings normal.",No Fault,0
67,92,2024-10-10 00:00:00,Cooling system check: OK.,No Fault,0
67,96,2024-10-10 04:00:00,Cooling system check: OK.,No Fault,0
67,97,2024-10-10 05:00:00,cooling system check: ok.,No Fault,0
67,107,2024-10-10 15:00:00,system operating within normal parameters.,No Fault,0
67,111,2024-10-10 19:00:00,system operating within normal parameters.,No Fault,0
67,115,2024-10-10 23:00:00,"Thermal runaway risk, shutdown initiated for cooling.",Overheating,3
67,116,2024-10-11 00:00:00,Cooling system check: OK.,No Fault,0
67,117,2024-10-11 01:00:00,high vibration detected in main bearing.,Bearing Issue,2
67,126,2024-10-11 10:00:00,Scheduled maintenance: oil level checked.,No Fault,0
67,132,2024-10-11 16:00:00,Visual inspection passed.,No Fault,0
67,139,2024-10-11 23:00:00,"Operator log: shift ended, machine running smoothly.",No Fault,0
67,142,2024-10-12 02:00:00,"sensors calibrated, readings normal.",No Fault,0
67,143,2024-10-12 03:00:00,"Routine check completed, no issues found.",No Fault,0
67,144,2024-10-12 04:00:00,Visual inspection passed.,No Fault,0
67,147,2024-10-12 07:00:00,"operator log: shift ended, machine running smoothly.",No Fault,0
67,155,2024-10-12 15:00:00,System operating within normal parameters.,No Fault,0
67,159,2024-10-12 19:00:00,System operating within normal parameters.,No Fault,0
67,169,2024-10-13 05:00:00,Visual inspection passed.,No Fault,0
67,176,2024-10-13 12:00:00,cooling system check: ok.,No Fault,0
67,182,2024-10-13 18:00:00,Scheduled maintenance: oil level checked.,No Fault,0
67,188,2024-10-14 00:00:00,Visual inspection passed.,No Fault,0
67,195,2024-10-14 07:00:00,visual inspection passed.,No Fault,0
67,199,2024-10-14 11:00:00,"sensors calibrated, readings normal.",No Fault,0
67,208,2024-10-14 20:00:00,heat exchanger efficiency low.,Overheating,3
67,221,2024-10-15 09:00:00,bearing temperature exceeding threshold.,Bearing Issue,2
67,222,2024-10-15 10:00:00,Airflow obstruction in intake.,Fan/Compressor Issue,2
67,230,2024-10-15 18:00:00,Surge detected in low pressure compressor.,Fan/Compressor Issue,2
67,232,2024-10-15 20:00:00,Cooling system check: OK.,No Fault,0
67,243,2024-10-16 07:00:00,"coolant pressure drop, potential leak.",Overheating,3
67,256,2024-10-16 20:00:00,"Abnormal sound from shaft, suspect bearing damage.",Bearing Issue,2
67,257,2024-10-16 21:00:00,Fan balance check failed.,Fan/Compressor Issue,2
68,6,2024-10-10 14:00:00,"Operator log: shift ended, machine running smoothly.",No Fault,0
68,7,2024-10-10 15:00:00,"sensors calibrated, readings normal.",No Fault,0
68,11,2024-10-10 19:00:00,"Routine check completed, no issues found.",No Fault,0
68,14,2024-10-10 22:00:00,scheduled maintenance: oil level checked.,No Fault,0
68,15,2024-10-10 23:00:00,"sensors calibrated, readings normal.",No Fault,0
68,19,2024-10-11 03:00:00,Cooling system check: OK.,No Fault,0
68,25,2024-10-11 09:00:00,cooling system check: ok.,No Fault,0
68,26,2024-10-11 10:00:00,"sensors calibrated, readings normal.",No Fault,0
68,28,2024-10-11 12:00:00,"Operator log: shift ended, machine running smoothly.",No Fault,0
68,36,2024-10-11 20:00:00,Visual inspection passed.,No Fault,0
68,42,2024-10-12 02:00:00,System operating within normal parameters.,No Fault,0
68,43,2024-10-12 03:00:00,Cooling system check: OK.,No Fault,0
68,51,2024-10-12 11:00:00,Scheduled maintenance: oil level checked.,No Fault,0
68,56,2024-10-12 16:00:00,Cooling system check: OK.,No Fault,0
68,57,2024-10-12 17:00:00,scheduled maintenance: oil level checked.,No Fault,0
68,63,2024-10-12 23:00:00,system operating within normal parameters.,No Fault,0
68,66,2024-10-13 02:00:00,"Operator log: shift ended, machine running smoothly.",No Fault,0
68,67,2024-10-13 03:00:00,Scheduled maintenance: oil level checked.,No Fault,0
68,70,2024-10-13 06:00:00,Scheduled maintenance: oil level checked.,No Fault,0
68,72,2024-10-13 08:00:00,Fan balance check failed.,Fan/Compressor Issue,2
68,75,2024-10-13 11:00:00,"Routine check completed, no issues found.",No Fault,0
68,80,2024-10-13 16:00:00,high vibration detected in main bearing.,Bearing Issue,2
68,81,2024-10-13 17:00:00,Scheduled maintenance: oil level checked.,No Fault,0
68,85,2024-10-13 21:00:00,"Sensors calibrated, readings normal.",No Fault,0
68,91,2024-10-14 03:00:00,Cooling system check: OK.,No Fault,0
68,92,2024-10-14 04:00:00,Cooling system check: OK.,No Fault,0
68,93,2024-10-14 05:00:00,temperature sensor t2 reading critical high.,Overheating,3
68,99,2024-10-14 11:00:00,cooling system check: ok.,No Fault,0
68,100,2024-10-14 12:00:00,Cooling system check: OK.,No Fault,0
68,107,2024-10-14 19:00:00,"routine check completed, no issues found.",No Fault,0
68,108,2024-10-14 20:00:00,Cooling system check: OK.,No Fault,0
68,111,2024-10-14 23:00:00,fan blade vibration high.,Fan/Compressor Issue,2
68,113,2024-10-15 01:00:00,"Routine check completed, no issues found.",No Fault,0
68,115,2024-10-15 03:00:00,"Operator log: shift ended, machine running smoothly.",No Fault,0
68,117,2024-10-15 05:00:00,scheduled maintenance: oil level checked.,No Fault,0
68,124,2024-10-15 12:00:00,"operator log: shift ended, machine running smoothly.",No Fault,0
68,128,2024-10-15 16:00:00,exhaust gas temperature warning.,Overheating,3
68,131,2024-10-15 19:00:00,"Lubrication low, potential bearing wear.",Bearing Issue,2
68,139,2024-10-16 03:00:00,Temperature sensor T2 reading critical high.,Overheating,3
68,142,2024-10-16 06:00:00,Compressor efficiency dropped below 85%.,Fan/Compressor Issue,2
68,143,2024-10-16 07:00:00,Overheating warning in high pressure turbine.,Overheating,3
68,146,2024-10-16 10:00:00,Compressor stall detected.,Fan/Compressor Issue,2
68,147,2024-10-16 11:00:00,"Thermal runaway risk, shutdown initiated for cooling.",Overheating,3
68,149,2024-10-16 13:00:00,"routine check completed, no issues found.",No Fault,0
68,151,2024-10-16 15:00:00,"Routine check completed, no issues found.",No Fault,0
69,13,2024-10-15 01:00:00,Scheduled maintenance: oil level checked.,No Fault,0
69,17,2024-10-15 05:00:00,Cooling system check: OK.,No Fault,0
69,20,2024-10-15 08:00:00,scheduled maintenance: oil level checked.,No Fault,0
69,24,2024-10-15 12:00:00,visual inspection passed.,No Fault,0
69,28,2024-10-15 16:00:00,"Sensors calibrated, readings normal.",No Fault,0
69,38,2024-10-16 02:00:00,Scheduled maintenance: oil level checked.,No Fault,0
69,48,2024-10-16 12:00:00,Scheduled maintenance: oil level checked.,No Fault,0
69,56,2024-10-16 20:00:00,Visual inspection passed.,No Fault,0
69,61,2024-10-17 01:00:00,"Sensors calibrated, readings normal.",No Fault,0
69,71,2024-10-17 11:00:00,Cooling system check: OK.,No Fault,0
69,75,2024-10-17 15:00:00,Scheduled maintenance: oil level checked.,No Fault,0
69,77,2024-10-17 17:00:00,"Sensors calibrated, readings normal.",No Fault,0
69,78,2024-10-17 18:00:00,visual inspection passed.,No Fault,0
69,93,2024-10-18 09:00:00,"operator log: shift ended, machine running smoothly.",No Fault,0
69,94,2024-10-18 10:00:00,"sensors calibrated, readings normal.",No Fault,0
69,119,2024-10-19 11:00:00,cooling system check: ok.,No Fault,0
69,127,2024-10-19 19:00:00,"Sensors calibrated, readings normal.",No Fault,0
69,134,2024-10-20 02:00:00,visual inspection passed.,No Fault,0
69,137,2024-10-20 05:00:00,"Operator log: shift ended, machine running smoothly.",No Fault,0
69,150,2024-10-20 18:00:00,System operating within normal parameters.,No Fault,0
69,153,2024-10-20 21:00:00,Compressor efficiency dropped below 85%.,Fan/Compressor Issue,2
69,154,2024-10-20 22:00:00,System operating within normal parameters.,No Fault,0
69,156,2024-10-21 00:00:00,System operating within normal parameters.,No Fault,0
69,161,2024-10-21 05:00:00,"Operator log: shift ended, machine running smoothly.",No Fault,0
69,163,2024-10-21 07:00:00,"Routine check completed, no issues found.",No Fault,0
69,165,2024-10-21 09:00:00,Cooling system check: OK.,No Fault,0
69,174,2024-10-21 18:00:00,Visual inspection passed.,No Fault,0
69,188,2024-10-22 08:00:00,Visual inspection passed.,No Fault,0
69,190,2024-10-22 10:00:00,visual inspection passed.,No Fault,0
69,193,2024-10-22 13:00:00,visual inspection passed.,No Fault,0
69,205,2024-10-23 01:00:00,"Sensors calibrated, readings normal.",No Fault,0
69,214,2024-10-23 10:00:00,system operating within normal parameters.,No Fault,0
69,215,2024-10-23 11:00:00,System operating within normal parameters.,No Fault,0
69,216,2024-10-23 12:00:00,Bearing temperature exceeding threshold.,Bearing Issue,2
69,220,2024-10-23 16:00:00,Scheduled maintenance: oil level checked.,No Fault,0
69,221,2024-10-23 17:00:00,system operating within normal parameters.,No Fault,0
69,238,2024-10-24 10:00:00,Fan blade vibration high.,Fan/Compressor Issue,2
69,239,2024-10-24 11:00:00,Bearing temperature exceeding threshold.,Bearing Issue,2
69,259,2024-10-25 07:00:00,"Abnormal sound from shaft, suspect bearing damage.",Bearing Issue,2
69,263,2024-10-25 11:00:00,"Coolant pressure drop, potential leak.",Overheating,3
69,264,2024-10-25 12:00:00,Cooling system check: OK.,No Fault,0
69,268,2024-10-25 16:00:00,"Sensors calibrated, readings normal.",No Fault,0
70,1,2024-10-18 17:00:00,"operator log: shift ended, machine running smoothly.",No Fault,0
70,13,2024-10-19 05:00:00,"operator log: shift ended, machine running smoothly.",No Fault,0
70,16,2024-10-19 08:00:00,Cooling system check: OK.,No Fault,0
70,34,2024-10-20 02:00:00,"Sensors calibrated, readings normal.",No Fault,0
70,35,2024-10-20 03:00:00,Scheduled maintenance: oil level checked.,No Fault,0
70,37,2024-10-20 05:00:00,Cooling system check: OK.,No Fault,0
70,39,2024-10-20 07:00:00,system operating within normal parameters.,No Fault,0
70,41,2024-10-20 09:00:00,"sensors calibrated, readings normal.",No Fault,0
70,43,2024-10-20 11:00:00,"operator log: shift ended, machine running smoothly.",No Fault,0
70,48,2024-10-20 16:00:00,Cooling system check: OK.,No Fault,0
70,49,2024-10-20 17:00:00,system operating within normal parameters.,No Fault,0
70,50,2024-10-20 18:00:00,Visual inspection passed.,No Fault,0
70,51,2024-10-20 19:00:00,System operating within normal parameters.,No Fault,0
70,53,2024-10-20 21:00:00,"Operator log: shift ended, machine running smoothly.",No Fault,0
70,54,2024-10-20 22:00:00,Visual inspection passed.,No Fault,0
70,55,2024-10-20 23:00:00,"sensors calibrated, readings normal.",No Fault,0
70,63,2024-10-21 07:00:00,High vibration detected in main bearing.,Bearing Issue,2
70,64,2024-10-21 08:00:00,cooling system check: ok.,No Fault,0
70,65,2024-10-21 09:00:00,Fan blade vibration high.,Fan/Compressor Issue,2
70,66,2024-10-21 10:00:00,scheduled maintenance: oil level checked.,No Fault,0
70,69,2024-10-21 13:00:00,"Routine check completed, no issues found.",No Fault,0
70,76,2024-10-21 20:00:00,"abnormal sound from shaft, suspect bearing damage.",Bearing Issue,2
70,77,2024-10-21 21:00:00,Scheduled maintenance: oil level checked.,No Fault,0
70,86,2024-10-22 06:00:00,System operating within normal parameters.,No Fault,0
70,88,2024-10-22 08:00:00,"Routine check completed, no issues found.",No Fault,0
70,95,2024-10-22 15:00:00,Scheduled maintenance: oil level checked.,No Fault,0
70,100,2024-10-22 20:00:00,"routine check completed, no issues found.",No Fault,0
70,103,2024-10-22 23:00:00,Cooling system check: OK.,No Fault,0
70,105,2024-10-23 01:00:00,System operating within normal parameters.,No Fault,0
70,110,2024-10-23 06:00:00,Fan balance check failed.,Fan/Compressor Issue,2
70,124,2024-10-23 20:00:00,Visual inspection passed.,No Fault,0
70,126,2024-10-23 22:00:00,"Routine check completed, no issues found.",No Fault,0
70,128,2024-10-24 00:00:00,surge detected in low pressure compressor.,Fan/Compressor Issue,2
70,132,2024-10-24 04:00:00,Compressor efficiency dropped below 85%.,Fan/Compressor Issue,2
70,137,2024-10-24 09:00:00,Overheating warning in high pressure turbine.,Overheating,3
70,138,2024-10-24 10:00:00,temperature sensor t2 reading critical high.,Overheating,3
70,139,2024-10-24 11:00:00,Overheating warning in high pressure turbine.,Overheating,3
70,141,2024-10-24 13:00:00,"operator log: shift ended, machine running smoothly.",No Fault,0
70,142,2024-10-24 14:00:00,"operator log: shift ended, machine running smoothly.",No Fault,0
70,149,2024-10-24 21:00:00,system operating within normal parameters.,No Fault,0
70,150,2024-10-24 22:00:00,Exhaust gas temperature warning.,Overheating,3
70,151,2024-10-24 23:00:00,"Abnormal sound from shaft, suspect bearing damage.",Bearing Issue,2
71,4,2024-10-23 00:00:00,visual inspection passed.,No Fault,0
71,5,2024-10-23 01:00:00,Bearing temperature exceeding threshold.,Bearing Issue,2
71,6,2024-10-23 02:00:00,"Routine check completed, no issues found.",No Fault,0
71,7,2024-10-23 03:00:00,System operating within normal parameters.,No Fault,0
71,10,2024-10-23 06:00:00,Cooling system check: OK.,No Fault,0
71,11,2024-10-23 07:00:00,Cooling system check: OK.,No Fault,0
71,12,2024-10-23 08:00:00,Visual inspection passed.,No Fault,0
71,16,2024-10-23 12:00:00,Bearing temperature exceeding threshold.,Bearing Issue,2
71,22,2024-10-23 18:00:00,"sensors calibrated, readings normal.",No Fault,0
71,30,2024-10-24 02:00:00,system operating within normal parameters.,No Fault,0
71,31,2024-10-24 03:00:00,Cooling system check: OK.,No Fault,0
71,54,2024-10-25 02:00:00,system operating within normal parameters.,No Fault,0
71,57,2024-10-25 05:00:00,Cooling system check: OK.,No Fault,0
71,59,2024-10-25 07:00:00,Exhaust gas temperature warning.,Overheating,3
71,62,2024-10-25 10:00:00,"sensors calibrated, readings normal.",No Fault,0
71,65,2024-10-25 13:00:00,"Sensors calibrated, readings normal.",No Fault,0
71,71,2024-10-25 19:00:00,heat exchanger efficiency low.,Overheating,3
71,72,2024-10-25 20:00:00,Compressor efficiency dropped below 85%.,Fan/Compressor Issue,2
71,80,2024-10-26 04:00:00,System operating within normal parameters.,No Fault,0
71,81,2024-10-26 05:00:00,visual inspection passed.,No Fault,0
71,83,2024-10-26 07:00:00,"Operator log: shift ended, machine running smoothly.",No Fault,0
71,84,2024-10-26 08:00:00,"operator log: shift ended, machine running smoothly.",No Fault,0
71,87,2024-10-26 11:00:00,"Sensors calibrated, readings normal.",No Fault,0
71,89,2024-10-26 13:00:00,Cooling system check: OK.,No Fault,0
71,90,2024-10-26 14:00:00,Fan blade vibration high.,Fan/Compressor Issue,2
71,96,2024-10-26 20:00:00,"Routine check completed, no issues found.",No Fault,0
71,98,2024-10-26 22:00:00,Cooling system check: OK.,No Fault,0
71,100,2024-10-27 00:00:00,"Routine check completed, no issues found.",No Fault,0
71,104,2024-10-27 04:00:00,Scheduled maintenance: oil level checked.,No Fault,0
71,107,2024-10-27 07:00:00,Scheduled maintenance: oil level checked.,No Fault,0
71,108,2024-10-27 08:00:00,scheduled maintenance: oil level checked.,No Fault,0
71,114,2024-10-27 14:00:00,"Lubrication low, potential bearing wear.",Bearing Issue,2
71,124,2024-10-28 00:00:00,"Abnormal sound from shaft, suspect bearing damage.",Bearing Issue,2
71,127,2024-10-28 03:00:00,Cooling system check: OK.,No Fault,0
71,131,2024-10-28 07:00:00,Bearing temperature exceeding threshold.,Bearing Issue,2
71,136,2024-10-28 12:00:00,Airflow obstruction in intake.,Fan/Compressor Issue,2
71,140,2024-10-28 16:00:00,fan balance check failed.,Fan/Compressor Issue,2
71,142,2024-10-28 18:00:00,Surge detected in low pressure compressor.,Fan/Compressor Issue,2
71,143,2024-10-28 19:00:00,Airflow obstruction in intake.,Fan/Compressor Issue,2
71,144,2024-10-28 20:00:00,"Abnormal sound from shaft, suspect bearing damage.",Bearing Issue,2
71,146,2024-10-28 22:00:00,Visual inspection passed.,No Fault,0
71,153,2024-10-29 05:00:00,Surge detected in low pressure compressor.,Fan/Compressor Issue,2
72,6,2024-10-27 06:00:00,"sensors calibrated, readings normal.",No Fault,0
72,7,2024-10-27 07:00:00,High vibration detected in main bearing.,Bearing Issue,2
72,8,2024-10-27 08:00:00,"Operator log: shift ended, machine running smoothly.",No Fault,0
72,9,2024-10-27 09:00:00,visual inspection passed.,No Fault,0
72,10,2024-10-27 10:00:00,"Operator log: shift ended, machine running smoothly.",No Fault,0
72,12,2024-10-27 12:00:00,System operating within normal parameters.,No Fault,0
72,21,2024-10-27 21:00:00,scheduled maintenance: oil level checked.,No Fault,0
72,27,2024-10-28 03:00:00,System operating within normal parameters.,No Fault,0
72,31,2024-10-28 07:00:00,"Operator log: shift ended, machine running smoothly.",No Fault,0
72,35,2024-10-28 11:00:00,visual inspection passed.,No Fault,0
72,36,2024-10-28 12:00:00,"Operator log: shift ended, machine running smoothly.",No Fault,0
72,45,2024-10-28 21:00:00,"routine check completed, no issues found.",No Fault,0
72,48,2024-10-29 00:00:00,"Routine check completed, no issues found.",No Fault,0
72,58,2024-10-29 10:00:00,"Sensors calibrated, readings normal.",No Fault,0
72,79,2024-10-30 07:00:00,"Routine check completed, no issues found.",No Fault,0
72,81,2024-10-30 09:00:00,"Operator log: shift ended, machine running smoothly.",No Fault,0
72,82,2024-10-30 10:00:00,"Operator log: shift ended, machine running smoothly.",No Fault,0
72,96,2024-10-31 00:00:00,"Operator log: shift ended, machine running smoothly.",No Fault,0
72,100,2024-10-31 04:00:00,Surge detected in low pressure compressor.,Fan/Compressor Issue,2
72,101,2024-10-31 05:00:00,scheduled maintenance: oil level checked.,No Fault,0
72,102,2024-10-31 06:00:00,scheduled maintenance: oil level checked.,No Fault,0
72,105,2024-10-31 09:00:00,"Routine check completed, no issues found.",No Fault,0
72,109,2024-10-31 13:00:00,Visual inspection passed.,No Fault,0
72,110,2024-10-31 14:00:00,"Routine check completed, no issues found.",No Fault,0
72,118,2024-10-31 22:00:00,High vibration detected in main bearing.,Bearing Issue,2
72,119,2024-10-31 23:00:00,"Operator log: shift ended, machine running smoothly.",No Fault,0
72,126,2024-11-01 06:00:00,system operating within normal parameters.,No Fault,0
72,127,2024-11-01 07:00:00,System operating within normal parameters.,No Fault,0
72,128,2024-11-01 08:00:00,Audible noise reported from bearing housing.,Bearing Issue,2
72,130,2024-11-01 10:00:00,Cooling system check: OK.,No Fault,0
72,150,2024-11-02 06:00:00,"operator log: shift ended, machine running smoothly.",No Fault,0
72,153,2024-11-02 09:00:00,Scheduled maintenance: oil level checked.,No Fault,0
72,158,2024-11-02 14:00:00,"Routine check completed, no issues found.",No Fault,0
72,160,2024-11-02 16:00:00,"Sensors calibrated, readings normal.",No Fault,0
72,168,2024-11-03 00:00:00,compressor efficiency dropped below 85%.,Fan/Compressor Issue,2
72,169,2024-11-03 01:00:00,Cooling system check: OK.,No Fault,0
72,170,2024-11-03 02:00:00,"Thermal runaway risk, shutdown initiated for cooling.",Overheating,3
72,173,2024-11-03 05:00:00,"operator log: shift ended, machine running smoothly.",No Fault,0
72,174,2024-11-03 06:00:00,"Lubrication low, potential bearing wear.",Bearing Issue,2
72,178,2024-11-03 10:00:00,"Routine check completed, no issues found.",No Fault,0
72,185,2024-11-03 17:00:00,"Sensors calibrated, readings normal.",No Fault,0
72,187,2024-11-03 19:00:00,Exhaust gas temperature warning.,Overheating,3
72,194,2024-11-04 02:00:00,"Abnormal sound from shaft, suspect bearing damage.",Bearing Issue,2
73,5,2024-10-31 09:00:00,"Sensors calibrated, readings normal.",No Fault,0
73,7,2024-10-31 11:00:00,System operating within normal parameters.,No Fault,0
73,9,2024-10-31 13:00:00,"Routine check completed, no issues found.",No Fault,0
73,12,2024-10-31 16:00:00,"operator log: shift ended, machine running smoothly.",No Fault,0
73,16,2024-10-31 20:00:00,"Sensors calibrated, readings normal.",No Fault,0
73,25,2024-11-01 05:00:00,"Routine check completed, no issues found.",No Fault,0
73,32,2024-11-01 12:00:00,Cooling system check: OK.,No Fault,0
73,41,2024-11-01 21:00:00,System operating within normal parameters.,No Fault,0
73,42,2024-11-01 22:00:00,Scheduled maintenance: oil level checked.,No Fault,0
73,48,2024-11-02 04:00:00,cooling system check: ok.,No Fault,0
73,51,2024-11-02 07:00:00,"Routine check completed, no issues found.",No Fault,0
73,53,2024-11-02 09:00:00,"Lubrication low, potential bearing wear.",Bearing Issue,2
73,58,2024-11-02 14:00:00,System operating within normal parameters.,No Fault,0
73,64,2024-11-02 20:00:00,Scheduled maintenance: oil level checked.,No Fault,0
73,67,2024-11-02 23:00:00,Scheduled maintenance: oil level checked.,No Fault,0
73,73,2024-11-03 05:00:00,visual inspection passed.,No Fault,0
73,81,2024-11-03 13:00:00,"routine check completed, no issues found.",No Fault,0
73,85,2024-11-03 17:00:00,Visual inspection passed.,No Fault,0
73,89,2024-11-03 21:00:00,"Routine check completed, no issues found.",No Fault,0
73,109,2024-11-04 17:00:00,Visual inspection passed.,No Fault,0
73,111,2024-11-04 19:00:00,Cooling system check: OK.,No Fault,0
73,116,2024-11-05 00:00:00,"Operator log: shift ended, machine running smoothly.",No Fault,0
73,117,2024-11-05 01:00:00,"Operator log: shift ended, machine running smoothly.",No Fault,0
73,118,2024-11-05 02:00:00,"Sensors calibrated, readings normal.",No Fault,0
73,127,2024-11-05 11:00:00,"Sensors calibrated, readings normal.",No Fault,0
73,131,2024-11-05 15:00:00,scheduled maintenance: oil level checked.,No Fault,0
73,134,2024-11-05 18:00:00,temperature sensor t2 reading critical high.,Overheating,3
73,135,2024-11-05 19:00:00,"Operator log: shift ended, machine running smoothly.",No Fault,0
73,136,2024-11-05 20:00:00,Vibration analysis indicates inner race fault.,Bearing Issue,2
73,138,2024-11-05 22:00:00,scheduled maintenance: oil level checked.,No Fault,0
73,139,2024-11-05 23:00:00,Visual inspection passed.,No Fault,0
73,143,2024-11-06 03:00:00,"Operator log: shift ended, machine running smoothly.",No Fault,0
73,152,2024-11-06 12:00:00,Cooling system check: OK.,No Fault,0
73,158,2024-11-06 18:00:00,"abnormal sound from shaft, suspect bearing damage.",Bearing Issue,2
73,159,2024-11-06 19:00:00,Overheating warning in high pressure turbine.,Overheating,3
73,162,2024-11-06 22:00:00,"Thermal runaway risk, shutdown initiated for cooling.",Overheating,3
73,167,2024-11-07 03:00:00,heat exchanger efficiency low.,Overheating,3
73,169,2024-11-07 05:00:00,high vibration detected in main bearing.,Bearing Issue,2
73,172,2024-11-07 08:00:00,Bearing temperature exceeding threshold.,Bearing Issue,2
73,175,2024-11-07 11:00:00,system operating within normal parameters.,No Fault,0
73,178,2024-11-07 14:00:00,Temperature sensor T2 reading critical high.,Overheating,3
74,2,2024-11-04 10:00:00,"Routine check completed, no issues found.",No Fault,0
74,4,2024-11-04 12:00:00,"Sensors calibrated, readings normal.",No Fault,0
74,7,2024-11-04 15:00:00,"Lubrication low, potential bearing wear.",Bearing Issue,2
74,11,2024-11-04 19:00:00,Scheduled maintenance: oil level checked.,No Fault,0
74,12,2024-11-04 20:00:00,vibration analysis indicates inner race fault.,Bearing Issue,2
74,14,2024-11-04 22:00:00,System operating within normal parameters.,No Fault,0
74,16,2024-11-05 00:00:00,Cooling system check: OK.,No Fault,0
74,18,2024-11-05 02:00:00,Cooling system check: OK.,No Fault,0
74,19,2024-11-05 03:00:00,"sensors calibrated, readings normal.",No Fault,0
74,21,2024-11-05 05:00:00,Scheduled maintenance: oil level checked.,No Fault,0
74,27,2024-11-05 11:00:00,"Sensors calibrated, readings normal.",No Fault,0
74,31,2024-11-05 15:00:00,"Abnormal sound from shaft, suspect bearing damage.",Bearing Issue,2
74,35,2024-11-05 19:00:00,"Routine check completed, no issues found.",No Fault,0
74,37,2024-11-05 21:00:00,scheduled maintenance: oil level checked.,No Fault,0
74,38,2024-11-05 22:00:00,"Abnormal sound from shaft, suspect bearing damage.",Bearing Issue,2
74,39,2024-11-05 23:00:00,"sensors calibrated, readings normal.",No Fault,0
74,42,2024-11-06 02:00:00,"Routine check completed, no issues found.",No Fault,0
74,43,2024-11-06 03:00:00,system operating within normal parameters.,No Fault,0
74,44,2024-11-06 04:00:00,Visual inspection passed.,No Fault,0
74,45,2024-11-06 05:00:00,Cooling system check: OK.,No Fault,0
74,51,2024-11-06 11:00:00,cooling system check: ok.,No Fault,0
74,63,2024-11-06 23:00:00,Scheduled maintenance: oil level checked.,No Fault,0
74,67,2024-11-07 03:00:00,"Sensors calibrated, readings normal.",No Fault,0
74,68,2024-11-07 04:00:00,System operating within normal parameters.,No Fault,0
74,69,2024-11-07 05:00:00,"Routine check completed, no issues found.",No Fault,0
74,71,2024-11-07 07:00:00,visual inspection passed.,No Fault,0
74,73,2024-11-07 09:00:00,System operating within normal parameters.,No Fault,0
74,78,2024-11-07 14:00:00,Cooling system check: OK.,No Fault,0
74,79,2024-11-07 15:00:00,airflow obstruction in intake.,Fan/Compressor Issue,2
74,81,2024-11-07 17:00:00,Scheduled maintenance: oil level checked.,No Fault,0
74,85,2024-11-07 21:00:00,cooling system check: ok.,No Fault,0
74,86,2024-11-07 22:00:00,"Operator log: shift ended, machine running smoothly.",No Fault,0
74,87,2024-11-07 23:00:00,"sensors calibrated, readings normal.",No Fault,0
74,90,2024-11-08 02:00:00,"sensors calibrated, readings normal.",No Fault,0
74,93,2024-11-08 05:00:00,Fan balance check failed.,Fan/Compressor Issue,2
74,99,2024-11-08 11:00:00,"Sensors calibrated, readings normal.",No Fault,0
74,101,2024-11-08 13:00:00,"Operator log: shift ended, machine running smoothly.",No Fault,0
74,105,2024-11-08 17:00:00,"lubrication low, potential bearing wear.",Bearing Issue,2
74,112,2024-11-09 00:00:00,Visual inspection passed.,No Fault,0
74,118,2024-11-09 06:00:00,fan balance check failed.,Fan/Compressor Issue,2
74,122,2024-11-09 10:00:00,Scheduled maintenance: oil level checked.,No Fault,0
74,125,2024-11-09 13:00:00,Visual inspection passed.,No Fault,0
74,126,2024-11-09 14:00:00,Visual inspection passed.,No Fault,0
74,129,2024-11-09 17:00:00,"Operator log: shift ended, machine running smoothly.",No Fault,0
74,134,2024-11-09 22:00:00,Scheduled maintenance: oil level checked.,No Fault,0
74,139,2024-11-10 03:00:00,"Routine check completed, no issues found.",No Fault,0
74,145,2024-11-10 09:00:00,"lubrication low, potential bearing wear.",Bearing Issue,2
74,146,2024-11-10 10:00:00,Surge detected in low pressure compressor.,Fan/Compressor Issue,2
74,148,2024-11-10 12:00:00,Overheating warning in high pressure turbine.,Overheating,3
74,149,2024-11-10 13:00:00,Compressor efficiency dropped below 85%.,Fan/Compressor Issue,2
74,151,2024-11-10 15:00:00,"Sensors calibrated, readings normal.",No Fault,0
74,152,2024-11-10 16:00:00,Visual inspection passed.,No Fault,0
74,155,2024-11-10 19:00:00,"routine check completed, no issues found.",No Fault,0
74,157,2024-11-10 21:00:00,scheduled maintenance: oil level checked.,No Fault,0
74,159,2024-11-10 23:00:00,audible noise reported from bearing housing.,Bearing Issue,2
74,162,2024-11-11 02:00:00,Bearing temperature exceeding threshold.,Bearing Issue,2
74,163,2024-11-11 03:00:00,Visual inspection passed.,No Fault,0
74,164,2024-11-11 04:00:00,Heat exchanger efficiency low.,Overheating,3
74,167,2024-11-11 07:00:00,"Coolant pressure drop, potential leak.",Overheating,3
74,168,2024-11-11 08:00:00,"Thermal runaway risk, shutdown initiated for cooling.",Overheating,3
74,169,2024-11-11 09:00:00,heat exchanger efficiency low.,Overheating,3
74,170,2024-11-11 10:00:00,"abnormal sound from shaft, suspect bearing damage.",Bearing Issue,2
74,172,2024-11-11 12:00:00,Audible noise reported from bearing housing.,Bearing Issue,2
74,173,2024-11-11 13:00:00,Heat exchanger efficiency low.,Overheating,3
74,174,2024-11-11 14:00:00,"thermal runaway risk, shutdown initiated for cooling.",Overheating,3
75,5,2024-11-08 17:00:00,Cooling system check: OK.,No Fault,0
75,19,2024-11-09 07:00:00,Cooling system check: OK.,No Fault,0
75,22,2024-11-09 10:00:00,System operating within normal parameters.,No Fault,0
75,28,2024-11-09 16:00:00,"Operator log: shift ended, machine running smoothly.",No Fault,0
75,32,2024-11-09 20:00:00,Cooling system check: OK.,No Fault,0
75,34,2024-11-09 22:00:00,Scheduled maintenance: oil level checked.,No Fault,0
75,38,2024-11-10 02:00:00,Cooling system check: OK.,No Fault,0
75,51,2024-11-10 15:00:00,"Routine check completed, no issues found.",No Fault,0
75,54,2024-11-10 18:00:00,"Operator log: shift ended, machine running smoothly.",No Fault,0
75,55,2024-11-10 19:00:00,"Operator log: shift ended, machine running smoothly.",No Fault,0
75,59,2024-11-10 23:00:00,System operating within normal parameters.,No Fault,0
75,61,2024-11-11 01:00:00,Scheduled maintenance: oil level checked.,No Fault,0
75,63,2024-11-11 03:00:00,"sensors calibrated, readings normal.",No Fault,0
75,64,2024-11-11 04:00:00,Cooling system check: OK.,No Fault,0
75,69,2024-11-11 09:00:00,"Operator log: shift ended, machine running smoothly.",No Fault,0
75,73,2024-11-11 13:00:00,Scheduled maintenance: oil level checked.,No Fault,0
75,74,2024-11-11 14:00:00,scheduled maintenance: oil level checked.,No Fault,0
75,80,2024-11-11 20:00:00,scheduled maintenance: oil level checked.,No Fault,0
75,84,2024-11-12 00:00:00,Cooling system check: OK.,No Fault,0
75,85,2024-11-12 01:00:00,"sensors calibrated, readings normal.",No Fault,0
75,87,2024-11-12 03:00:00,Cooling system check: OK.,No Fault,0
75,92,2024-11-12 08:00:00,"operator log: shift ended, machine running smoothly.",No Fault,0
75,99,2024-11-12 15:00:00,scheduled maintenance: oil level checked.,No Fault,0
75,102,2024-11-12 18:00:00,system operating within normal parameters.,No Fault,0
75,103,2024-11-12 19:00:00,"Sensors calibrated, readings normal.",No Fault,0
75,104,2024-11-12 20:00:00,Scheduled maintenance: oil level checked.,No Fault,0
75,118,2024-11-13 10:00:00,"abnormal sound from shaft, suspect bearing damage.",Bearing Issue,2
75,119,2024-11-13 11:00:00,Bearing temperature exceeding threshold.,Bearing Issue,2
75,123,2024-11-13 15:00:00,"Routine check completed, no issues found.",No Fault,0
75,127,2024-11-13 19:00:00,System operating within normal parameters.,No Fault,0
75,140,2024-11-14 08:00:00,heat exchanger efficiency low.,Overheating,3
75,142,2024-11-14 10:00:00,exhaust gas temperature warning.,Overheating,3
75,145,2024-11-14 13:00:00,"Thermal runaway risk, shutdown initiated for cooling.",Overheating,3
75,149,2024-11-14 17:00:00,"Routine check completed, no issues found.",No Fault,0
75,151,2024-11-14 19:00:00,High vibration detected in main bearing.,Bearing Issue,2
75,152,2024-11-14 20:00:00,"Sensors calibrated, readings normal.",No Fault,0
75,154,2024-11-14 22:00:00,heat exchanger efficiency low.,Overheating,3
75,155,2024-11-14 23:00:00,temperature sensor t2 reading critical high.,Overheating,3
75,159,2024-11-15 03:00:00,visual inspection passed.,No Fault,0
75,164,2024-11-15 08:00:00,Temperature sensor T2 reading critical high.,Overheating,3
75,166,2024-11-15 10:00:00,System operating within normal parameters.,No Fault,0
76,5,2024-11-12 21:00:00,"Sensors calibrated, readings normal.",No Fault,0
76,6,2024-11-12 22:00:00,system operating within normal parameters.,No Fault,0
76,11,2024-11-13 03:00:00,Bearing temperature exceeding threshold.,Bearing Issue,2
76,14,2024-11-13 06:00:00,"Routine check completed, no issues found.",No Fault,0
76,20,2024-11-13 12:00:00,Fan balance check failed.,Fan/Compressor Issue,2
76,21,2024-11-13 13:00:00,System operating within normal parameters.,No Fault,0
76,22,2024-11-13 14:00:00,Scheduled maintenance: oil level checked.,No Fault,0
76,28,2024-11-13 20:00:00,"Sensors calibrated, readings normal.",No Fault,0
76,29,2024-11-13 21:00:00,System operating within normal parameters.,No Fault,0
76,37,2024-11-14 05:00:00,"sensors calibrated, readings normal.",No Fault,0
76,40,2024-11-14 08:00:00,"Sensors calibrated, readings normal.",No Fault,0
76,47,2024-11-14 15:00:00,Visual inspection passed.,No Fault,0
76,56,2024-11-15 00:00:00,system operating within normal parameters.,No Fault,0
76,72,2024-11-15 16:00:00,System operating within normal parameters.,No Fault,0
76,85,2024-11-16 05:00:00,"sensors calibrated, readings normal.",No Fault,0
76,88,2024-11-16 08:00:00,scheduled maintenance: oil level checked.,No Fault,0
76,89,2024-11-16 09:00:00,"Routine check completed, no issues found.",No Fault,0
76,98,2024-11-16 18:00:00,surge detected in low pressure compressor.,Fan/Compressor Issue,2
76,103,2024-11-16 23:00:00,"Sensors calibrated, readings normal.",No Fault,0
76,120,2024-11-17 16:00:00,"operator log: shift ended, machine running smoothly.",No Fault,0
76,122,2024-11-17 18:00:00,Heat exchanger efficiency low.,Overheating,3
76,129,2024-11-18 01:00:00,"Sensors calibrated, readings normal.",No Fault,0
76,131,2024-11-18 03:00:00,Scheduled maintenance: oil level checked.,No Fault,0
76,132,2024-11-18 04:00:00,scheduled maintenance: oil level checked.,No Fault,0
76,136,2024-11-18 08:00:00,"operator log: shift ended, machine running smoothly.",No Fault,0
76,140,2024-11-18 12:00:00,"Routine check completed, no issues found.",No Fault,0
76,142,2024-11-18 14:00:00,overheating warning in high pressure turbine.,Overheating,3
76,158,2024-11-19 06:00:00,Visual inspection passed.,No Fault,0
76,159,2024-11-19 07:00:00,"routine check completed, no issues found.",No Fault,0
76,161,2024-11-19 09:00:00,scheduled maintenance: oil level checked.,No Fault,0
76,175,2024-11-19 23:00:00,"abnormal sound from shaft, suspect bearing damage.",Bearing Issue,2
76,194,2024-11-20 18:00:00,cooling system check: ok.,No Fault,0
76,201,2024-11-21 01:00:00,System operating within normal parameters.,No Fault,0
76,202,2024-11-21 02:00:00,"sensors calibrated, readings normal.",No Fault,0
76,205,2024-11-21 05:00:00,Cooling system check: OK.,No Fault,0
76,206,2024-11-21 06:00:00,Audible noise reported from bearing housing.,Bearing Issue,2
76,208,2024-11-21 08:00:00,compressor efficiency dropped below 85%.,Fan/Compressor Issue,2
76,210,2024-11-21 10:00:00,"Operator log: shift ended, machine running smoothly.",No Fault,0
76,211,2024-11-21 11:00:00,"abnormal sound from shaft, suspect bearing damage.",Bearing Issue,2
76,218,2024-11-21 18:00:00,audible noise reported from bearing housing.,Bearing Issue,2
76,229,2024-11-22 05:00:00,Overheating warning in high pressure turbine.,Overheating,3
76,231,2024-11-22 07:00:00,"Thermal runaway risk, shutdown initiated for cooling.",Overheating,3
76,253,2024-11-23 05:00:00,Visual inspection passed.,No Fault,0
76,254,2024-11-23 06:00:00,Visual inspection passed.,No Fault,0
76,256,2024-11-23 08:00:00,"Thermal runaway risk, shutdown initiated for cooling.",Overheating,3
76,258,2024-11-23 10:00:00,"coolant pressure drop, potential leak.",Overheating,3
77,6,2024-11-17 02:00:00,Visual inspection passed.,No Fault,0
77,17,2024-11-17 13:00:00,cooling system check: ok.,No Fault,0
77,18,2024-11-17 14:00:00,"Sensors calibrated, readings normal.",No Fault,0
77,23,2024-11-17 19:00:00,"sensors calibrated, readings normal.",No Fault,0
77,25,2024-11-17 21:00:00,"Routine check completed, no issues found.",No Fault,0
77,27,2024-11-17 23:00:00,"Operator log: shift ended, machine running smoothly.",No Fault,0
77,29,2024-11-18 01:00:00,"sensors calibrated, readings normal.",No Fault,0
77,30,2024-11-18 02:00:00,"Operator log: shift ended, machine running smoothly.",No Fault,0
77,32,2024-11-18 04:00:00,Scheduled maintenance: oil level checked.,No Fault,0
77,36,2024-11-18 08:00:00,"Sensors calibrated, readings normal.",No Fault,0
77,43,2024-11-18 15:00:00,Cooling system check: OK.,No Fault,0
77,45,2024-11-18 17:00:00,Scheduled maintenance: oil level checked.,No Fault,0
77,51,2024-11-18 23:00:00,"Lubrication low, potential bearing wear.",Bearing Issue,2
77,52,2024-11-19 00:00:00,scheduled maintenance: oil level checked.,No Fault,0
77,54,2024-11-19 02:00:00,"Routine check completed, no issues found.",No Fault,0
77,55,2024-11-19 03:00:00,high vibration detected in main bearing.,Bearing Issue,2
77,57,2024-11-19 05:00:00,Visual inspection passed.,No Fault,0
77,59,2024-11-19 07:00:00,System operating within normal parameters.,No Fault,0
77,61,2024-11-19 09:00:00,Surge detected in low pressure compressor.,Fan/Compressor Issue,2
77,74,2024-11-19 22:00:00,visual inspection passed.,No Fault,0
77,75,2024-11-19 23:00:00,"routine check completed, no issues found.",No Fault,0
77,76,2024-11-20 00:00:00,"routine check completed, no issues found.",No Fault,0
77,78,2024-11-20 02:00:00,Scheduled maintenance: oil level checked.,No Fault,0
77,83,2024-11-20 07:00:00,cooling system check: ok.,No Fault,0
77,87,2024-11-20 11:00:00,"routine check completed, no issues found.",No Fault,0
77,90,2024-11-20 14:00:00,Airflow obstruction in intake.,Fan/Compressor Issue,2
77,91,2024-11-20 15:00:00,Scheduled maintenance: oil level checked.,No Fault,0
77,100,2024-11-21 00:00:00,system operating within normal parameters.,No Fault,0
77,104,2024-11-21 04:00:00,"Sensors calibrated, readings normal.",No Fault,0
77,106,2024-11-21 06:00:00,"Sensors calibrated, readings normal.",No Fault,0
77,107,2024-11-21 07:00:00,System operating within normal parameters.,No Fault,0
77,109,2024-11-21 09:00:00,"Sensors calibrated, readings normal.",No Fault,0
77,114,2024-11-21 14:00:00,Cooling system check: OK.,No Fault,0
77,115,2024-11-21 15:00:00,"Sensors calibrated, readings normal.",No Fault,0
77,120,2024-11-21 20:00:00,"Coolant pressure drop, potential leak.",Overheating,3
77,125,2024-11-22 01:00:00,"Routine check completed, no issues found.",No Fault,0
77,127,2024-11-22 03:00:00,system operating within normal parameters.,No Fault,0
77,143,2024-11-22 19:00:00,Temperature sensor T2 reading critical high.,Overheating,3
77,144,2024-11-22 20:00:00,"Operator log: shift ended, machine running smoothly.",No Fault,0
77,147,2024-11-22 23:00:00,"Sensors calibrated, readings normal.",No Fault,0
77,148,2024-11-23 00:00:00,Compressor efficiency dropped below 85%.,Fan/Compressor Issue,2
77,158,2024-11-23 10:00:00,Scheduled maintenance: oil level checked.,No Fault,0
77,163,2024-11-23 15:00:00,"Sensors calibrated, readings normal.",No Fault,0
77,167,2024-11-23 19:00:00,System operating within normal parameters.,No Fault,0
77,171,2024-11-23 23:00:00,fan blade vibration high.,Fan/Compressor Issue,2
77,174,2024-11-24 02:00:00,"Routine check completed, no issues found.",No Fault,0
77,180,2024-11-24 08:00:00,Cooling system check: OK.,No Fault,0
77,181,2024-11-24 09:00:00,"Operator log: shift ended, machine running smoothly.",No Fault,0
77,184,2024-11-24 12:00:00,exhaust gas temperature warning.,Overheating,3
77,190,2024-11-24 18:00:00,Overheating warning in high pressure turbine.,Overheating,3
77,191,2024-11-24 19:00:00,vibration analysis indicates inner race fault.,Bearing Issue,2
77,193,2024-11-24 21:00:00,"Abnormal sound from shaft, suspect bearing damage.",Bearing Issue,2
77,198,2024-11-25 02:00:00,"Abnormal sound from shaft, suspect bearing damage.",Bearing Issue,2
77,199,2024-11-25 03:00:00,High vibration detected in main bearing.,Bearing Issue,2
77,211,2024-11-25 15:00:00,Temperature sensor T2 reading critical high.,Overheating,3
77,213,2024-11-25 17:00:00,"Coolant pressure drop, potential leak.",Overheating,3
77,217,2024-11-25 21:00:00,"Operator log: shift ended, machine running smoothly.",No Fault,0
77,220,2024-11-26 00:00:00,Vibration analysis indicates inner race fault.,Bearing Issue,2
77,221,2024-11-26 01:00:00,"Sensors calibrated, readings normal.",No Fault,0
78,2,2024-11-21 02:00:00,Visual inspection passed.,No Fault,0
78,27,2024-11-22 03:00:00,"Sensors calibrated, readings normal.",No Fault,0
78,31,2024-11-22 07:00:00,"Sensors calibrated, readings normal.",No Fault,0
78,45,2024-11-22 21:00:00,system operating within normal parameters.,No Fault,0
78,47,2024-11-22 23:00:00,System operating within normal parameters.,No Fault,0
78,48,2024-11-23 00:00:00,cooling system check: ok.,No Fault,0
78,55,2024-11-23 07:00:00,Visual inspection passed.,No Fault,0
78,59,2024-11-23 11:00:00,"sensors calibrated, readings normal.",No Fault,0
78,66,2024-11-23 18:00:00,"Routine check completed, no issues found.",No Fault,0
78,67,2024-11-23 19:00:00,fan balance check failed.,Fan/Compressor Issue,2
78,68,2024-11-23 20:00:00,"Operator log: shift ended, machine running smoothly.",No Fault,0
78,69,2024-11-23 21:00:00,Visual inspection passed.,No Fault,0
78,84,2024-11-24 12:00:00,"Routine check completed, no issues found.",No Fault,0
78,93,2024-11-24 21:00:00,"Routine check completed, no issues found.",No Fault,0
78,106,2024-11-25 10:00:00,"Operator log: shift ended, machine running smoothly.",No Fault,0
78,108,2024-11-25 12:00:00,"Routine check completed, no issues found.",No Fault,0
78,117,2024-11-25 21:00:00,scheduled maintenance: oil level checked.,No Fault,0
78,122,2024-11-26 02:00:00,"Routine check completed, no issues found.",No Fault,0
78,123,2024-11-26 03:00:00,scheduled maintenance: oil level checked.,No Fault,0
78,127,2024-11-26 07:00:00,"Routine check completed, no issues found.",No Fault,0
78,128,2024-11-26 08:00:00,"Routine check completed, no issues found.",No Fault,0
78,130,2024-11-26 10:00:00,"Routine check completed, no issues found.",No Fault,0
78,131,2024-11-26 11:00:00,cooling system check: ok.,No Fault,0
78,132,2024-11-26 12:00:00,"routine check completed, no issues found.",No Fault,0
78,134,2024-11-26 14:00:00,System operating within normal parameters.,No Fault,0
78,137,2024-11-26 17:00:00,Scheduled maintenance: oil level checked.,No Fault,0
78,138,2024-11-26 18:00:00,Scheduled maintenance: oil level checked.,No Fault,0
78,174,2024-11-28 06:00:00,"sensors calibrated, readings normal.",No Fault,0
78,180,2024-11-28 12:00:00,visual inspection passed.,No Fault,0
78,185,2024-11-28 17:00:00,"Operator log: shift ended, machine running smoothly.",No Fault,0
78,199,2024-11-29 07:00:00,System operating within normal parameters.,No Fault,0
78,214,2024-11-29 22:00:00,High vibration detected in main bearing.,Bearing Issue,2
78,216,2024-11-30 00:00:00,Compressor efficiency dropped below 85%.,Fan/Compressor Issue,2
78,218,2024-11-30 02:00:00,Exhaust gas temperature warning.,Overheating,3
78,221,2024-11-30 05:00:00,Vibration analysis indicates inner race fault.,Bearing Issue,2
78,222,2024-11-30 06:00:00,Heat exchanger efficiency low.,Overheating,3
78,228,2024-11-30 12:00:00,"routine check completed, no issues found.",No Fault,0
78,233,2024-11-30 17:00:00,"Abnormal sound from shaft, suspect bearing damage.",Bearing Issue,2
78,247,2024-12-01 07:00:00,fan balance check failed.,Fan/Compressor Issue,2
78,253,2024-12-01 13:00:00,"coolant pressure drop, potential leak.",Overheating,3
79,6,2024-11-25 10:00:00,"Operator log: shift ended, machine running smoothly.",No Fault,0
79,7,2024-11-25 11:00:00,system operating within normal parameters.,No Fault,0
79,12,2024-11-25 16:00:00,"Sensors calibrated, readings normal.",No Fault,0
79,25,2024-11-26 05:00:00,high vibration detected in main bearing.,Bearing Issue,2
79,27,2024-11-26 07:00:00,system operating within normal parameters.,No Fault,0
79,28,2024-11-26 08:00:00,Visual inspection passed.,No Fault,0
79,38,2024-11-26 18:00:00,cooling system check: ok.,No Fault,0
79,49,2024-11-27 05:00:00,cooling system check: ok.,No Fault,0
79,50,2024-11-27 06:00:00,Cooling system check: OK.,No Fault,0
79,55,2024-11-27 11:00:00,scheduled maintenance: oil level checked.,No Fault,0
79,58,2024-11-27 14:00:00,"Operator log: shift ended, machine running smoothly.",No Fault,0
79,62,2024-11-27 18:00:00,System operating within normal parameters.,No Fault,0
79,65,2024-11-27 21:00:00,Cooling system check: OK.,No Fault,0
79,77,2024-11-28 09:00:00,"operator log: shift ended, machine running smoothly.",No Fault,0
79,81,2024-11-28 13:00:00,system operating within normal parameters.,No Fault,0
79,90,2024-11-28 22:00:00,cooling system check: ok.,No Fault,0
79,94,2024-11-29 02:00:00,"Sensors calibrated, readings normal.",No Fault,0
79,100,2024-11-29 08:00:00,System operating within normal parameters.,No Fault,0
79,102,2024-11-29 10:00:00,cooling system check: ok.,No Fault,0
79,107,2024-11-29 15:00:00,Bearing temperature exceeding threshold.,Bearing Issue,2
79,110,2024-11-29 18:00:00,"Routine check completed, no issues found.",No Fault,0
79,123,2024-11-30 07:00:00,"Routine check completed, no issues found.",No Fault,0
79,134,2024-11-30 18:00:00,"Abnormal sound from shaft, suspect bearing damage.",Bearing Issue,2
79,136,2024-11-30 20:00:00,Visual inspection passed.,No Fault,0
79,142,2024-12-01 02:00:00,"Operator log: shift ended, machine running smoothly.",No Fault,0
79,143,2024-12-01 03:00:00,Surge detected in low pressure compressor.,Fan/Compressor Issue,2
79,144,2024-12-01 04:00:00,"Sensors calibrated, readings normal.",No Fault,0
79,145,2024-12-01 05:00:00,Compressor efficiency dropped below 85%.,Fan/Compressor Issue,2
79,149,2024-12-01 09:00:00,system operating within normal parameters.,No Fault,0
79,150,2024-12-01 10:00:00,"operator log: shift ended, machine running smoothly.",No Fault,0
79,159,2024-12-01 19:00:00,"Sensors calibrated, readings normal.",No Fault,0
79,173,2024-12-02 09:00:00,Bearing temperature exceeding threshold.,Bearing Issue,2
79,179,2024-12-02 15:00:00,Compressor efficiency dropped below 85%.,Fan/Compressor Issue,2
79,183,2024-12-02 19:00:00,"Abnormal sound from shaft, suspect bearing damage.",Bearing Issue,2
79,184,2024-12-02 20:00:00,high vibration detected in main bearing.,Bearing Issue,2
79,192,2024-12-03 04:00:00,Visual inspection passed.,No Fault,0
79,193,2024-12-03 05:00:00,Fan blade vibration high.,Fan/Compressor Issue,2
79,194,2024-12-03 06:00:00,"Coolant pressure drop, potential leak.",Overheating,3
79,195,2024-12-03 07:00:00,Bearing temperature exceeding threshold.,Bearing Issue,2
79,210,2024-12-03 22:00:00,Exhaust gas temperature warning.,Overheating,3
79,216,2024-12-04 04:00:00,Compressor efficiency dropped below 85%.,Fan/Compressor Issue,2
79,218,2024-12-04 06:00:00,Bearing temperature exceeding threshold.,Bearing Issue,2
79,219,2024-12-04 07:00:00,"Routine check completed, no issues found.",No Fault,0
80,14,2024-11-29 22:00:00,"Routine check completed, no issues found.",No Fault,0
80,24,2024-11-30 08:00:00,High vibration detected in main bearing.,Bearing Issue,2
80,26,2024-11-30 10:00:00,Surge detected in low pressure compressor.,Fan/Compressor Issue,2
80,27,2024-11-30 11:00:00,Compressor stall detected.,Fan/Compressor Issue,2
80,31,2024-11-30 15:00:00,scheduled maintenance: oil level checked.,No Fault,0
80,33,2024-11-30 17:00:00,"Routine check completed, no issues found.",No Fault,0
80,35,2024-11-30 19:00:00,Visual inspection passed.,No Fault,0
80,38,2024-11-30 22:00:00,Scheduled maintenance: oil level checked.,No Fault,0
80,39,2024-11-30 23:00:00,"operator log: shift ended, machine running smoothly.",No Fault,0
80,40,2024-12-01 00:00:00,system operating within normal parameters.,No Fault,0
80,41,2024-12-01 01:00:00,cooling system check: ok.,No Fault,0
80,44,2024-12-01 04:00:00,"Operator log: shift ended, machine running smoothly.",No Fault,0
80,51,2024-12-01 11:00:00,"Routine check completed, no issues found.",No Fault,0
80,53,2024-12-01 13:00:00,"Sensors calibrated, readings normal.",No Fault,0
80,62,2024-12-01 22:00:00,Scheduled maintenance: oil level checked.,No Fault,0
80,67,2024-12-02 03:00:00,"Operator log: shift ended, machine running smoothly.",No Fault,0
80,68,2024-12-02 04:00:00,Cooling system check: OK.,No Fault,0
80,69,2024-12-02 05:00:00,"Routine check completed, no issues found.",No Fault,0
80,75,2024-12-02 11:00:00,System operating within normal parameters.,No Fault,0
80,77,2024-12-02 13:00:00,Exhaust gas temperature warning.,Overheating,3
80,82,2024-12-02 18:00:00,cooling system check: ok.,No Fault,0
80,86,2024-12-02 22:00:00,Cooling system check: OK.,No Fault,0
80,89,2024-12-03 01:00:00,"Operator log: shift ended, machine running smoothly.",No Fault,0
80,95,2024-12-03 07:00:00,Visual inspection passed.,No Fault,0
80,100,2024-12-03 12:00:00,cooling system check: ok.,No Fault,0
80,107,2024-12-03 19:00:00,Scheduled maintenance: oil level checked.,No Fault,0
80,109,2024-12-03 21:00:00,Scheduled maintenance: oil level checked.,No Fault,0
80,115,2024-12-04 03:00:00,"Operator log: shift ended, machine running smoothly.",No Fault,0
80,121,2024-12-04 09:00:00,Scheduled maintenance: oil level checked.,No Fault,0
80,122,2024-12-04 10:00:00,"Routine check completed, no issues found.",No Fault,0
80,125,2024-12-04 13:00:00,Cooling system check: OK.,No Fault,0
80,136,2024-12-05 00:00:00,System operating within normal parameters.,No Fault,0
80,145,2024-12-05 09:00:00,"operator log: shift ended, machine running smoothly.",No Fault,0
80,152,2024-12-05 16:00:00,"Routine check completed, no issues found.",No Fault,0
80,163,2024-12-06 03:00:00,"routine check completed, no issues found.",No Fault,0
80,175,2024-12-06 15:00:00,"Sensors calibrated, readings normal.",No Fault,0
80,181,2024-12-06 21:00:00,scheduled maintenance: oil level checked.,No Fault,0
80,185,2024-12-07 01:00:00,"operator log: shift ended, machine running smoothly.",No Fault,0
80,186,2024-12-07 02:00:00,Surge detected in low pressure compressor.,Fan/Compressor Issue,2
80,203,2024-12-07 19:00:00,"Lubrication low, potential bearing wear.",Bearing Issue,2
80,204,2024-12-07 20:00:00,Bearing temperature exceeding threshold.,Bearing Issue,2
80,210,2024-12-08 02:00:00,audible noise reported from bearing housing.,Bearing Issue,2
80,214,2024-12-08 06:00:00,High vibration detected in main bearing.,Bearing Issue,2
80,215,2024-12-08 07:00:00,"Abnormal sound from shaft, suspect bearing damage.",Bearing Issue,2
80,216,2024-12-08 08:00:00,Compressor stall detected.,Fan/Compressor Issue,2
80,221,2024-12-08 13:00:00,Heat exchanger efficiency low.,Overheating,3
80,222,2024-12-08 14:00:00,Visual inspection passed.,No Fault,0
80,224,2024-12-08 16:00:00,"Coolant pressure drop, potential leak.",Overheating,3
80,231,2024-12-08 23:00:00,Overheating warning in high pressure turbine.,Overheating,3
80,232,2024-12-09 00:00:00,"Coolant pressure drop, potential leak.",Overheating,3
80,235,2024-12-09 03:00:00,Airflow obstruction in intake.,Fan/Compressor Issue,2
80,238,2024-12-09 06:00:00,"Abnormal sound from shaft, suspect bearing damage.",Bearing Issue,2
80,241,2024-12-09 09:00:00,"Routine check completed, no issues found.",No Fault,0
81,3,2024-12-03 15:00:00,system operating within normal parameters.,No Fault,0
81,10,2024-12-03 22:00:00,"operator log: shift ended, machine running smoothly.",No Fault,0
81,11,2024-12-03 23:00:00,"Routine check completed, no issues found.",No Fault,0
81,13,2024-12-04 01:00:00,system operating within normal parameters.,No Fault,0
81,14,2024-12-04 02:00:00,"Sensors calibrated, readings normal.",No Fault,0
81,21,2024-12-04 09:00:00,Cooling system check: OK.,No Fault,0
81,22,2024-12-04 10:00:00,system operating within normal parameters.,No Fault,0
81,29,2024-12-04 17:00:00,"Sensors calibrated, readings normal.",No Fault,0
81,31,2024-12-04 19:00:00,"Operator log: shift ended, machine running smoothly.",No Fault,0
81,34,2024-12-04 22:00:00,Scheduled maintenance: oil level checked.,No Fault,0
81,43,2024-12-05 07:00:00,"Operator log: shift ended, machine running smoothly.",No Fault,0
81,53,2024-12-05 17:00:00,Visual inspection passed.,No Fault,0
81,56,2024-12-05 20:00:00,"sensors calibrated, readings normal.",No Fault,0
81,57,2024-12-05 21:00:00,compressor stall detected.,Fan/Compressor Issue,2
81,63,2024-12-06 03:00:00,visual inspection passed.,No Fault,0
81,69,2024-12-06 09:00:00,System operating within normal parameters.,No Fault,0
81,71,2024-12-06 11:00:00,"Operator log: shift ended, machine running smoothly.",No Fault,0
81,74,2024-12-06 14:00:00,"Routine check completed, no issues found.",No Fault,0
81,80,2024-12-06 20:00:00,Scheduled maintenance: oil level checked.,No Fault,0
81,82,2024-12-06 22:00:00,Scheduled maintenance: oil level checked.,No Fault,0
81,86,2024-12-07 02:00:00,"Operator log: shift ended, machine running smoothly.",No Fault,0
81,87,2024-12-07 03:00:00,"Abnormal sound from shaft, suspect bearing damage.",Bearing Issue,2
81,95,2024-12-07 11:00:00,heat exchanger efficiency low.,Overheating,3
81,97,2024-12-07 13:00:00,Visual inspection passed.,No Fault,0
81,98,2024-12-07 14:00:00,Scheduled maintenance: oil level checked.,No Fault,0
81,102,2024-12-07 18:00:00,scheduled maintenance: oil level checked.,No Fault,0
81,103,2024-12-07 19:00:00,"routine check completed, no issues found.",No Fault,0
81,104,2024-12-07 20:00:00,Visual inspection passed.,No Fault,0
81,114,2024-12-08 06:00:00,visual inspection passed.,No Fault,0
81,115,2024-12-08 07:00:00,visual inspection passed.,No Fault,0
81,117,2024-12-08 09:00:00,"Routine check completed, no issues found.",No Fault,0
81,118,2024-12-08 10:00:00,scheduled maintenance: oil level checked.,No Fault,0
81,127,2024-12-08 19:00:00,"operator log: shift ended, machine running smoothly.",No Fault,0
81,128,2024-12-08 20:00:00,"sensors calibrated, readings normal.",No Fault,0
81,129,2024-12-08 21:00:00,"Operator log: shift ended, machine running smoothly.",No Fault,0
81,132,2024-12-09 00:00:00,scheduled maintenance: oil level checked.,No Fault,0
81,135,2024-12-09 03:00:00,"sensors calibrated, readings normal.",No Fault,0
81,142,2024-12-09 10:00:00,Cooling system check: OK.,No Fault,0
81,146,2024-12-09 14:00:00,scheduled maintenance: oil level checked.,No Fault,0
81,149,2024-12-09 17:00:00,Scheduled maintenance: oil level checked.,No Fault,0
81,167,2024-12-10 11:00:00,System operating within normal parameters.,No Fault,0
81,174,2024-12-10 18:00:00,Visual inspection passed.,No Fault,0
81,176,2024-12-10 20:00:00,system operating within normal parameters.,No Fault,0
81,180,2024-12-11 00:00:00,System operating within normal parameters.,No Fault,0
81,185,2024-12-11 05:00:00,"Sensors calibrated, readings normal.",No Fault,0
81,189,2024-12-11 09:00:00,"Routine check completed, no issues found.",No Fault,0
81,190,2024-12-11 10:00:00,System operating within normal parameters.,No Fault,0
81,192,2024-12-11 12:00:00,System operating within normal parameters.,No Fault,0
81,193,2024-12-11 13:00:00,airflow obstruction in intake.,Fan/Compressor Issue,2
81,195,2024-12-11 15:00:00,"Sensors calibrated, readings normal.",No Fault,0
81,209,2024-12-12 05:00:00,"operator log: shift ended, machine running smoothly.",No Fault,0
81,213,2024-12-12 09:00:00,Scheduled maintenance: oil level checked.,No Fault,0
81,224,2024-12-12 20:00:00,temperature sensor t2 reading critical high.,Overheating,3
81,228,2024-12-13 00:00:00,Compressor efficiency dropped below 85%.,Fan/Compressor Issue,2
81,234,2024-12-13 06:00:00,High vibration detected in main bearing.,Bearing Issue,2
81,250,2024-12-13 22:00:00,surge detected in low pressure compressor.,Fan/Compressor Issue,2
81,252,2024-12-14 00:00:00,Cooling system check: OK.,No Fault,0
81,266,2024-12-14 14:00:00,overheating warning in high pressure turbine.,Overheating,3
82,3,2024-12-07 19:00:00,Exhaust gas temperature warning.,Overheating,3
82,6,2024-12-07 22:00:00,"sensors calibrated, readings normal.",No Fault,0
82,15,2024-12-08 07:00:00,Cooling system check: OK.,No Fault,0
82,18,2024-12-08 10:00:00,cooling system check: ok.,No Fault,0
82,20,2024-12-08 12:00:00,system operating within normal parameters.,No Fault,0
82,30,2024-12-08 22:00:00,Visual inspection passed.,No Fault,0
82,33,2024-12-09 01:00:00,Scheduled maintenance: oil level checked.,No Fault,0
82,35,2024-12-09 03:00:00,"Sensors calibrated, readings normal.",No Fault,0
82,43,2024-12-09 11:00:00,"routine check completed, no issues found.",No Fault,0
82,48,2024-12-09 16:00:00,vibration analysis indicates inner race fault.,Bearing Issue,2
82,50,2024-12-09 18:00:00,"Lubrication low, potential bearing wear.",Bearing Issue,2
82,52,2024-12-09 20:00:00,"Routine check completed, no issues found.",No Fault,0
82,57,2024-12-10 01:00:00,"Routine check completed, no issues found.",No Fault,0
82,58,2024-12-10 02:00:00,"Sensors calibrated, readings normal.",No Fault,0
82,60,2024-12-10 04:00:00,Visual inspection passed.,No Fault,0
82,62,2024-12-10 06:00:00,"Operator log: shift ended, machine running smoothly.",No Fault,0
82,66,2024-12-10 10:00:00,Overheating warning in high pressure turbine.,Overheating,3
82,72,2024-12-10 16:00:00,Scheduled maintenance: oil level checked.,No Fault,0
82,75,2024-12-10 19:00:00,scheduled maintenance: oil level checked.,No Fault,0
82,78,2024-12-10 22:00:00,visual inspection passed.,No Fault,0
82,79,2024-12-10 23:00:00,visual inspection passed.,No Fault,0
82,84,2024-12-11 04:00:00,Scheduled maintenance: oil level checked.,No Fault,0
82,86,2024-12-11 06:00:00,System operating within normal parameters.,No Fault,0
82,91,2024-12-11 11:00:00,System operating within normal parameters.,No Fault,0
82,94,2024-12-11 14:00:00,"routine check completed, no issues found.",No Fault,0
82,96,2024-12-11 16:00:00,overheating warning in high pressure turbine.,Overheating,3
82,98,2024-12-11 18:00:00,"Sensors calibrated, readings normal.",No Fault,0
82,101,2024-12-11 21:00:00,"operator log: shift ended, machine running smoothly.",No Fault,0
82,104,2024-12-12 00:00:00,"Operator log: shift ended, machine running smoothly.",No Fault,0
82,109,2024-12-12 05:00:00,scheduled maintenance: oil level checked.,No Fault,0
82,122,2024-12-12 18:00:00,Visual inspection passed.,No Fault,0
82,126,2024-12-12 22:00:00,cooling system check: ok.,No Fault,0
82,140,2024-12-13 12:00:00,Cooling system check: OK.,No Fault,0
82,142,2024-12-13 14:00:00,"Coolant pressure drop, potential leak.",Overheating,3
82,144,2024-12-13 16:00:00,Scheduled maintenance: oil level checked.,No Fault,0
82,145,2024-12-13 17:00:00,visual inspection passed.,No Fault,0
82,151,2024-12-13 23:00:00,"Operator log: shift ended, machine running smoothly.",No Fault,0
82,159,2024-12-14 07:00:00,Fan blade vibration high.,Fan/Compressor Issue,2
82,160,2024-12-14 08:00:00,Fan blade vibration high.,Fan/Compressor Issue,2
82,163,2024-12-14 11:00:00,Compressor stall detected.,Fan/Compressor Issue,2
82,166,2024-12-14 14:00:00,compressor stall detected.,Fan/Compressor Issue,2
82,169,2024-12-14 17:00:00,Temperature sensor T2 reading critical high.,Overheating,3
82,173,2024-12-14 21:00:00,"Thermal runaway risk, shutdown initiated for cooling.",Overheating,3
82,179,2024-12-15 03:00:00,Bearing temperature exceeding threshold.,Bearing Issue,2
82,180,2024-12-15 04:00:00,"Sensors calibrated, readings normal.",No Fault,0
82,185,2024-12-15 09:00:00,system operating within normal parameters.,No Fault,0
83,3,2024-12-11 23:00:00,Cooling system check: OK.,No Fault,0
83,8,2024-12-12 04:00:00,"Operator log: shift ended, machine running smoothly.",No Fault,0
83,16,2024-12-12 12:00:00,Visual inspection passed.,No Fault,0
83,19,2024-12-12 15:00:00,Fan blade vibration high.,Fan/Compressor Issue,2
83,27,2024-12-12 23:00:00,System operating within normal parameters.,No Fault,0
83,35,2024-12-13 07:00:00,"Operator log: shift ended, machine running smoothly.",No Fault,0
83,37,2024-12-13 09:00:00,scheduled maintenance: oil level checked.,No Fault,0
83,43,2024-12-13 15:00:00,System operating within normal parameters.,No Fault,0
83,48,2024-12-13 20:00:00,"Routine check completed, no issues found.",No Fault,0
83,61,2024-12-14 09:00:00,"Sensors calibrated, readings normal.",No Fault,0
83,70,2024-12-14 18:00:00,"operator log: shift ended, machine running smoothly.",No Fault,0
83,72,2024-12-14 20:00:00,Visual inspection passed.,No Fault,0
83,74,2024-12-14 22:00:00,"Routine check completed, no issues found.",No Fault,0
83,77,2024-12-15 01:00:00,"Sensors calibrated, readings normal.",No Fault,0
83,86,2024-12-15 10:00:00,"Thermal runaway risk, shutdown initiated for cooling.",Overheating,3
83,93,2024-12-15 17:00:00,System operating within normal parameters.,No Fault,0
83,94,2024-12-15 18:00:00,Cooling system check: OK.,No Fault,0
83,95,2024-12-15 19:00:00,Visual inspection passed.,No Fault,0
83,101,2024-12-16 01:00:00,"operator log: shift ended, machine running smoothly.",No Fault,0
83,116,2024-12-16 16:00:00,"Routine check completed, no issues found.",No Fault,0
83,117,2024-12-16 17:00:00,Cooling system check: OK.,No Fault,0
83,133,2024-12-17 09:00:00,Vibration analysis indicates inner race fault.,Bearing Issue,2
83,135,2024-12-17 11:00:00,"routine check completed, no issues found.",No Fault,0
83,153,2024-12-18 05:00:00,"Sensors calibrated, readings normal.",No Fault,0
83,158,2024-12-18 10:00:00,"operator log: shift ended, machine running smoothly.",No Fault,0
83,159,2024-12-18 11:00:00,Visual inspection passed.,No Fault,0
83,162,2024-12-18 14:00:00,Scheduled maintenance: oil level checked.,No Fault,0
83,169,2024-12-18 21:00:00,"routine check completed, no issues found.",No Fault,0
83,171,2024-12-18 23:00:00,"Thermal runaway risk, shutdown initiated for cooling.",Overheating,3
83,175,2024-12-19 03:00:00,Cooling system check: OK.,No Fault,0
83,180,2024-12-19 08:00:00,scheduled maintenance: oil level checked.,No Fault,0
83,192,2024-12-19 20:00:00,"Operator log: shift ended, machine running smoothly.",No Fault,0
83,194,2024-12-19 22:00:00,Fan blade vibration high.,Fan/Compressor Issue,2
83,195,2024-12-19 23:00:00,System operating within normal parameters.,No Fault,0
83,198,2024-12-20 02:00:00,"lubrication low, potential bearing wear.",Bearing Issue,2
83,202,2024-12-20 06:00:00,System operating within normal parameters.,No Fault,0
83,206,2024-12-20 10:00:00,"Operator log: shift ended, machine running smoothly.",No Fault,0
83,208,2024-12-20 12:00:00,Compressor stall detected.,Fan/Compressor Issue,2
83,210,2024-12-20 14:00:00,"Operator log: shift ended, machine running smoothly.",No Fault,0
83,218,2024-12-20 22:00:00,"Lubrication low, potential bearing wear.",Bearing Issue,2
83,220,2024-12-21 00:00:00,Exhaust gas temperature warning.,Overheating,3
83,222,2024-12-21 02:00:00,audible noise reported from bearing housing.,Bearing Issue,2
83,224,2024-12-21 04:00:00,"sensors calibrated, readings normal.",No Fault,0
83,231,2024-12-21 11:00:00,Audible noise reported from bearing housing.,Bearing Issue,2
83,236,2024-12-21 16:00:00,"Operator log: shift ended, machine running smoothly.",No Fault,0
83,240,2024-12-21 20:00:00,Fan blade vibration high.,Fan/Compressor Issue,2
83,244,2024-12-22 00:00:00,Vibration analysis indicates inner race fault.,Bearing Issue,2
83,250,2024-12-22 06:00:00,Surge detected in low pressure compressor.,Fan/Compressor Issue,2
84,2,2024-12-16 02:00:00,"Abnormal sound from shaft, suspect bearing damage.",Bearing Issue,2
84,4,2024-12-16 04:00:00,"Operator log: shift ended, machine running smoothly.",No Fault,0
84,7,2024-12-16 07:00:00,System operating within normal parameters.,No Fault,0
84,11,2024-12-16 11:00:00,"Operator log: shift ended, machine running smoothly.",No Fault,0
84,12,2024-12-16 12:00:00,Visual inspection passed.,No Fault,0
84,16,2024-12-16 16:00:00,scheduled maintenance: oil level checked.,No Fault,0
84,35,2024-12-17 11:00:00,"routine check completed, no issues found.",No Fault,0
84,37,2024-12-17 13:00:00,Scheduled maintenance: oil level checked.,No Fault,0
84,39,2024-12-17 15:00:00,"routine check completed, no issues found.",No Fault,0
84,40,2024-12-17 16:00:00,System operating within normal parameters.,No Fault,0
84,41,2024-12-17 17:00:00,cooling system check: ok.,No Fault,0
84,49,2024-12-18 01:00:00,"Sensors calibrated, readings normal.",No Fault,0
84,51,2024-12-18 03:00:00,cooling system check: ok.,No Fault,0
84,53,2024-12-18 05:00:00,system operating within normal parameters.,No Fault,0
84,56,2024-12-18 08:00:00,"Sensors calibrated, readings normal.",No Fault,0
84,60,2024-12-18 12:00:00,Visual inspection passed.,No Fault,0
84,65,2024-12-18 17:00:00,Visual inspection passed.,No Fault,0
84,66,2024-12-18 18:00:00,cooling system check: ok.,No Fault,0
84,70,2024-12-18 22:00:00,"Routine check completed, no issues found.",No Fault,0
84,71,2024-12-18 23:00:00,cooling system check: ok.,No Fault,0
84,72,2024-12-19 00:00:00,scheduled maintenance: oil level checked.,No Fault,0
84,77,2024-12-19 05:00:00,Scheduled maintenance: oil level checked.,No Fault,0
84,78,2024-12-19 06:00:00,Visual inspection passed.,No Fault,0
84,79,2024-12-19 07:00:00,system operating within normal parameters.,No Fault,0
84,80,2024-12-19 08:00:00,Scheduled maintenance: oil level checked.,No Fault,0
84,83,2024-12-19 11:00:00,"Sensors calibrated, readings normal.",No Fault,0
84,90,2024-12-19 18:00:00,System operating within normal parameters.,No Fault,0
84,94,2024-12-19 22:00:00,system operating within normal parameters.,No Fault,0
84,99,2024-12-20 03:00:00,Cooling system check: OK.,No Fault,0
84,100,2024-12-20 04:00:00,"Sensors calibrated, readings normal.",No Fault,0
84,106,2024-12-20 10:00:00,Cooling system check: OK.,No Fault,0
84,107,2024-12-20 11:00:00,system operating within normal parameters.,No Fault,0
84,109,2024-12-20 13:00:00,"Routine check completed, no issues found.",No Fault,0
84,114,2024-12-20 18:00:00,"operator log: shift ended, machine running smoothly.",No Fault,0
84,119,2024-12-20 23:00:00,Visual inspection passed.,No Fault,0
84,121,2024-12-21 01:00:00,Visual inspection passed.,No Fault,0
84,122,2024-12-21 02:00:00,overheating warning in high pressure turbine.,Overheating,3
84,130,2024-12-21 10:00:00,"operator log: shift ended, machine running smoothly.",No Fault,0
84,134,2024-12-21 14:00:00,Scheduled maintenance: oil level checked.,No Fault,0
84,135,2024-12-21 15:00:00,temperature sensor t2 reading critical high.,Overheating,3
84,138,2024-12-21 18:00:00,Vibration analysis indicates inner race fault.,Bearing Issue,2
84,149,2024-12-22 05:00:00,"Operator log: shift ended, machine running smoothly.",No Fault,0
84,152,2024-12-22 08:00:00,"Abnormal sound from shaft, suspect bearing damage.",Bearing Issue,2
84,153,2024-12-22 09:00:00,"Routine check completed, no issues found.",No Fault,0
84,155,2024-12-22 11:00:00,"Thermal runaway risk, shutdown initiated for cooling.",Overheating,3
84,157,2024-12-22 13:00:00,"Abnormal sound from shaft, suspect bearing damage.",Bearing Issue,2
84,161,2024-12-22 17:00:00,Bearing temperature exceeding threshold.,Bearing Issue,2
84,163,2024-12-22 19:00:00,Scheduled maintenance: oil level checked.,No Fault,0
84,164,2024-12-22 20:00:00,Compressor stall detected.,Fan/Compressor Issue,2
84,165,2024-12-22 21:00:00,Fan balance check failed.,Fan/Compressor Issue,2
84,167,2024-12-22 23:00:00,bearing temperature exceeding threshold.,Bearing Issue,2
84,169,2024-12-23 01:00:00,Vibration analysis indicates inner race fault.,Bearing Issue,2
84,172,2024-12-23 04:00:00,Bearing temperature exceeding threshold.,Bearing Issue,2
84,175,2024-12-23 07:00:00,Overheating warning in high pressure turbine.,Overheating,3
84,176,2024-12-23 08:00:00,bearing temperature exceeding threshold.,Bearing Issue,2
85,1,2024-12-20 05:00:00,Bearing temperature exceeding threshold.,Bearing Issue,2
85,5,2024-12-20 09:00:00,System operating within normal parameters.,No Fault,0
85,6,2024-12-20 10:00:00,"Sensors calibrated, readings normal.",No Fault,0
85,12,2024-12-20 16:00:00,"Sensors calibrated, readings normal.",No Fault,0
85,20,2024-12-21 00:00:00,"Routine check completed, no issues found.",No Fault,0
85,21,2024-12-21 01:00:00,Heat exchanger efficiency low.,Overheating,3
85,22,2024-12-21 02:00:00,"Operator log: shift ended, machine running smoothly.",No Fault,0
85,23,2024-12-21 03:00:00,Scheduled maintenance: oil level checked.,No Fault,0
85,27,2024-12-21 07:00:00,scheduled maintenance: oil level checked.,No Fault,0
85,30,2024-12-21 10:00:00,Compressor efficiency dropped below 85%.,Fan/Compressor Issue,2
85,34,2024-12-21 14:00:00,System operating within normal parameters.,No Fault,0
85,38,2024-12-21 18:00:00,Cooling system check: OK.,No Fault,0
85,44,2024-12-22 00:00:00,System operating within normal parameters.,No Fault,0
85,47,2024-12-22 03:00:00,"Sensors calibrated, readings normal.",No Fault,0
85,51,2024-12-22 07:00:00,Cooling system check: OK.,No Fault,0
85,54,2024-12-22 10:00:00,High vibration detected in main bearing.,Bearing Issue,2
85,55,2024-12-22 11:00:00,cooling system check: ok.,No Fault,0
85,56,2024-12-22 12:00:00,"Operator log: shift ended, machine running smoothly.",No Fault,0
85,60,2024-12-22 16:00:00,System operating within normal parameters.,No Fault,0
85,65,2024-12-22 21:00:00,Scheduled maintenance: oil level checked.,No Fault,0
85,70,2024-12-23 02:00:00,Bearing temperature exceeding threshold.,Bearing Issue,2
85,73,2024-12-23 05:00:00,"sensors calibrated, readings normal.",No Fault,0
85,74,2024-12-23 06:00:00,"routine check completed, no issues found.",No Fault,0
85,78,2024-12-23 10:00:00,Scheduled maintenance: oil level checked.,No Fault,0
85,86,2024-12-23 18:00:00,"Sensors calibrated, readings normal.",No Fault,0
85,87,2024-12-23 19:00:00,System operating within normal parameters.,No Fault,0
85,93,2024-12-24 01:00:00,"Sensors calibrated, readings normal.",No Fault,0
85,98,2024-12-24 06:00:00,"Operator log: shift ended, machine running smoothly.",No Fault,0
85,104,2024-12-24 12:00:00,Scheduled maintenance: oil level checked.,No Fault,0
85,106,2024-12-24 14:00:00,Compressor stall detected.,Fan/Compressor Issue,2
85,109,2024-12-24 17:00:00,"Operator log: shift ended, machine running smoothly.",No Fault,0
85,110,2024-12-24 18:00:00,Visual inspection passed.,No Fault,0
85,113,2024-12-24 21:00:00,System operating within normal parameters.,No Fault,0
85,114,2024-12-24 22:00:00,"Sensors calibrated, readings normal.",No Fault,0
85,115,2024-12-24 23:00:00,"Routine check completed, no issues found.",No Fault,0
85,122,2024-12-25 06:00:00,"Operator log: shift ended, machine running smoothly.",No Fault,0
85,123,2024-12-25 07:00:00,"sensors calibrated, readings normal.",No Fault,0
85,125,2024-12-25 09:00:00,"Operator log: shift ended, machine running smoothly.",No Fault,0
85,129,2024-12-25 13:00:00,exhaust gas temperature warning.,Overheating,3
85,130,2024-12-25 14:00:00,"Routine check completed, no issues found.",No Fault,0
85,134,2024-12-25 18:00:00,Fan balance check failed.,Fan/Compressor Issue,2
85,135,2024-12-25 19:00:00,system operating within normal parameters.,No Fault,0
85,139,2024-12-25 23:00:00,Bearing temperature exceeding threshold.,Bearing Issue,2
85,142,2024-12-26 02:00:00,"Routine check completed, no issues found.",No Fault,0
85,143,2024-12-26 03:00:00,Compressor efficiency dropped below 85%.,Fan/Compressor Issue,2
85,145,2024-12-26 05:00:00,Heat exchanger efficiency low.,Overheating,3
85,151,2024-12-26 11:00:00,"thermal runaway risk, shutdown initiated for cooling.",Overheating,3
85,154,2024-12-26 14:00:00,"operator log: shift ended, machine running smoothly.",No Fault,0
85,161,2024-12-26 21:00:00,Fan blade vibration high.,Fan/Compressor Issue,2
85,163,2024-12-26 23:00:00,Bearing temperature exceeding threshold.,Bearing Issue,2
85,165,2024-12-27 01:00:00,audible noise reported from bearing housing.,Bearing Issue,2
85,166,2024-12-27 02:00:00,"Sensors calibrated, readings normal.",No Fault,0
85,167,2024-12-27 03:00:00,Audible noise reported from bearing housing.,Bearing Issue,2
85,171,2024-12-27 07:00:00,Audible noise reported from bearing housing.,Bearing Issue,2
85,173,2024-12-27 09:00:00,Surge detected in low pressure compressor.,Fan/Compressor Issue,2
85,175,2024-12-27 11:00:00,"Lubrication low, potential bearing wear.",Bearing Issue,2
85,185,2024-12-27 21:00:00,"Coolant pressure drop, potential leak.",Overheating,3
85,188,2024-12-28 00:00:00,High vibration detected in main bearing.,Bearing Issue,2
85,189,2024-12-28 01:00:00,Surge detected in low pressure compressor.,Fan/Compressor Issue,2
85,193,2024-12-28 05:00:00,"Operator log: shift ended, machine running smoothly.",No Fault,0
85,194,2024-12-28 06:00:00,Fan balance check failed.,Fan/Compressor Issue,2
86,3,2024-12-24 11:00:00,System operating within normal parameters.,No Fault,0
86,9,2024-12-24 17:00:00,"Sensors calibrated, readings normal.",No Fault,0
86,12,2024-12-24 20:00:00,"Operator log: shift ended, machine running smoothly.",No Fault,0
86,16,2024-12-25 00:00:00,Visual inspection passed.,No Fault,0
86,23,2024-12-25 07:00:00,"Operator log: shift ended, machine running smoothly.",No Fault,0
86,32,2024-12-25 16:00:00,Cooling system check: OK.,No Fault,0
86,34,2024-12-25 18:00:00,"Operator log: shift ended, machine running smoothly.",No Fault,0
86,48,2024-12-26 08:00:00,System operating within normal parameters.,No Fault,0
86,56,2024-12-26 16:00:00,scheduled maintenance: oil level checked.,No Fault,0
86,57,2024-12-26 17:00:00,Bearing temperature exceeding threshold.,Bearing Issue,2
86,60,2024-12-26 20:00:00,Cooling system check: OK.,No Fault,0
86,61,2024-12-26 21:00:00,Visual inspection passed.,No Fault,0
86,63,2024-12-26 23:00:00,System operating within normal parameters.,No Fault,0
86,65,2024-12-27 01:00:00,"Operator log: shift ended, machine running smoothly.",No Fault,0
86,66,2024-12-27 02:00:00,scheduled maintenance: oil level checked.,No Fault,0
86,70,2024-12-27 06:00:00,Cooling system check: OK.,No Fault,0
86,76,2024-12-27 12:00:00,Cooling system check: OK.,No Fault,0
86,77,2024-12-27 13:00:00,Visual inspection passed.,No Fault,0
86,82,2024-12-27 18:00:00,Visual inspection passed.,No Fault,0
86,92,2024-12-28 04:00:00,Vibration analysis indicates inner race fault.,Bearing Issue,2
86,93,2024-12-28 05:00:00,system operating within normal parameters.,No Fault,0
86,95,2024-12-28 07:00:00,"operator log: shift ended, machine running smoothly.",No Fault,0
86,97,2024-12-28 09:00:00,"Sensors calibrated, readings normal.",No Fault,0
86,99,2024-12-28 11:00:00,scheduled maintenance: oil level checked.,No Fault,0
86,104,2024-12-28 16:00:00,scheduled maintenance: oil level checked.,No Fault,0
86,107,2024-12-28 19:00:00,cooling system check: ok.,No Fault,0
86,115,2024-12-29 03:00:00,"operator log: shift ended, machine running smoothly.",No Fault,0
86,123,2024-12-29 11:00:00,"Routine check completed, no issues found.",No Fault,0
86,124,2024-12-29 12:00:00,System operating within normal parameters.,No Fault,0
86,129,2024-12-29 17:00:00,"Lubrication low, potential bearing wear.",Bearing Issue,2
86,139,2024-12-30 03:00:00,bearing temperature exceeding threshold.,Bearing Issue,2
86,144,2024-12-30 08:00:00,"coolant pressure drop, potential leak.",Overheating,3
86,145,2024-12-30 09:00:00,Compressor stall detected.,Fan/Compressor Issue,2
86,156,2024-12-30 20:00:00,"abnormal sound from shaft, suspect bearing damage.",Bearing Issue,2
86,165,2024-12-31 05:00:00,Audible noise reported from bearing housing.,Bearing Issue,2
86,166,2024-12-31 06:00:00,Cooling system check: OK.,No Fault,0
87,8,2024-12-28 20:00:00,cooling system check: ok.,No Fault,0
87,14,2024-12-29 02:00:00,system operating within normal parameters.,No Fault,0
87,17,2024-12-29 05:00:00,"Operator log: shift ended, machine running smoothly.",No Fault,0
87,20,2024-12-29 08:00:00,visual inspection passed.,No Fault,0
87,28,2024-12-29 16:00:00,"Routine check completed, no issues found.",No Fault,0
87,35,2024-12-29 23:00:00,"Operator log: shift ended, machine running smoothly.",No Fault,0
87,40,2024-12-30 04:00:00,Visual inspection passed.,No Fault,0
87,43,2024-12-30 07:00:00,"operator log: shift ended, machine running smoothly.",No Fault,0
87,45,2024-12-30 09:00:00,System operating within normal parameters.,No Fault,0
87,55,2024-12-30 19:00:00,"Routine check completed, no issues found.",No Fault,0
87,59,2024-12-30 23:00:00,"Sensors calibrated, readings normal.",No Fault,0
87,64,2024-12-31 04:00:00,System operating within normal parameters.,No Fault,0
87,72,2024-12-31 12:00:00,Scheduled maintenance: oil level checked.,No Fault,0
87,81,2024-12-31 21:00:00,"Routine check completed, no issues found.",No Fault,0
87,82,2024-12-31 22:00:00,system operating within normal parameters.,No Fault,0
87,84,2025-01-01 00:00:00,"sensors calibrated, readings normal.",No Fault,0
87,85,2025-01-01 01:00:00,"Sensors calibrated, readings normal.",No Fault,0
87,88,2025-01-01 04:00:00,system operating within normal parameters.,No Fault,0
87,89,2025-01-01 05:00:00,"Sensors calibrated, readings normal.",No Fault,0
87,92,2025-01-01 08:00:00,"Routine check completed, no issues found.",No Fault,0
87,93,2025-01-01 09:00:00,System operating within normal parameters.,No Fault,0
87,94,2025-01-01 10:00:00,Scheduled maintenance: oil level checked.,No Fault,0
87,96,2025-01-01 12:00:00,Cooling system check: OK.,No Fault,0
87,97,2025-01-01 13:00:00,Cooling system check: OK.,No Fault,0
87,100,2025-01-01 16:00:00,Scheduled maintenance: oil level checked.,No Fault,0
87,111,2025-01-02 03:00:00,Visual inspection passed.,No Fault,0
87,116,2025-01-02 08:00:00,"Routine check completed, no issues found.",No Fault,0
87,120,2025-01-02 12:00:00,Cooling system check: OK.,No Fault,0
87,121,2025-01-02 13:00:00,"Routine check completed, no issues found.",No Fault,0
87,122,2025-01-02 14:00:00,Scheduled maintenance: oil level checked.,No Fault,0
87,124,2025-01-02 16:00:00,"Routine check completed, no issues found.",No Fault,0
87,129,2025-01-02 21:00:00,System operating within normal parameters.,No Fault,0
87,134,2025-01-03 02:00:00,Scheduled maintenance: oil level checked.,No Fault,0
87,140,2025-01-03 08:00:00,System operating within normal parameters.,No Fault,0
87,151,2025-01-03 19:00:00,"Routine check completed, no issues found.",No Fault,0
87,154,2025-01-03 22:00:00,system operating within normal parameters.,No Fault,0
87,156,2025-01-04 00:00:00,Scheduled maintenance: oil level checked.,No Fault,0
87,177,2025-01-04 21:00:00,Cooling system check: OK.,No Fault,0
87,182,2025-01-05 02:00:00,Scheduled maintenance: oil level checked.,No Fault,0
87,184,2025-01-05 04:00:00,"Thermal runaway risk, shutdown initiated for cooling.",Overheating,3
87,187,2025-01-05 07:00:00,"abnormal sound from shaft, suspect bearing damage.",Bearing Issue,2
87,197,2025-01-05 17:00:00,"Sensors calibrated, readings normal.",No Fault,0
87,204,2025-01-06 00:00:00,Heat exchanger efficiency low.,Overheating,3
87,207,2025-01-06 03:00:00,Scheduled maintenance: oil level checked.,No Fault,0
87,218,2025-01-06 14:00:00,Temperature sensor T2 reading critical high.,Overheating,3
87,220,2025-01-06 16:00:00,cooling system check: ok.,No Fault,0
87,224,2025-01-06 20:00:00,"abnormal sound from shaft, suspect bearing damage.",Bearing Issue,2
87,228,2025-01-07 00:00:00,"Routine check completed, no issues found.",No Fault,0
87,242,2025-01-07 14:00:00,Audible noise reported from bearing housing.,Bearing Issue,2
87,247,2025-01-07 19:00:00,Bearing temperature exceeding threshold.,Bearing Issue,2
88,1,2025-01-01 17:00:00,Visual inspection passed.,No Fault,0
88,3,2025-01-01 19:00:00,fan balance check failed.,Fan/Compressor Issue,2
88,12,2025-01-02 04:00:00,"Sensors calibrated, readings normal.",No Fault,0
88,13,2025-01-02 05:00:00,"Operator log: shift ended, machine running smoothly.",No Fault,0
88,14,2025-01-02 06:00:00,"Operator log: shift ended, machine running smoothly.",No Fault,0
88,17,2025-01-02 09:00:00,visual inspection passed.,No Fault,0
88,18,2025-01-02 10:00:00,System operating within normal parameters.,No Fault,0
88,23,2025-01-02 15:00:00,"Operator log: shift ended, machine running smoothly.",No Fault,0
88,31,2025-01-02 23:00:00,System operating within normal parameters.,No Fault,0
88,32,2025-01-03 00:00:00,Visual inspection passed.,No Fault,0
88,39,2025-01-03 07:00:00,System operating within normal parameters.,No Fault,0
88,40,2025-01-03 08:00:00,System operating within normal parameters.,No Fault,0
88,45,2025-01-03 13:00:00,"Operator log: shift ended, machine running smoothly.",No Fault,0
88,48,2025-01-03 16:00:00,"Routine check completed, no issues found.",No Fault,0
88,52,2025-01-03 20:00:00,system operating within normal parameters.,No Fault,0
88,54,2025-01-03 22:00:00,"Routine check completed, no issues found.",No Fault,0
88,55,2025-01-03 23:00:00,Visual inspection passed.,No Fault,0
88,56,2025-01-04 00:00:00,"Sensors calibrated, readings normal.",No Fault,0
88,61,2025-01-04 05:00:00,System operating within normal parameters.,No Fault,0
88,66,2025-01-04 10:00:00,system operating within normal parameters.,No Fault,0
88,68,2025-01-04 12:00:00,"sensors calibrated, readings normal.",No Fault,0
88,75,2025-01-04 19:00:00,"routine check completed, no issues found.",No Fault,0
88,76,2025-01-04 20:00:00,Cooling system check: OK.,No Fault,0
88,86,2025-01-05 06:00:00,Visual inspection passed.,No Fault,0
88,87,2025-01-05 07:00:00,Cooling system check: OK.,No Fault,0
88,89,2025-01-05 09:00:00,visual inspection passed.,No Fault,0
88,90,2025-01-05 10:00:00,Cooling system check: OK.,No Fault,0
88,97,2025-01-05 17:00:00,System operating within normal parameters.,No Fault,0
88,98,2025-01-05 18:00:00,system operating within normal parameters.,No Fault,0
88,99,2025-01-05 19:00:00,scheduled maintenance: oil level checked.,No Fault,0
88,106,2025-01-06 02:00:00,temperature sensor t2 reading critical high.,Overheating,3
88,108,2025-01-06 04:00:00,High vibration detected in main bearing.,Bearing Issue,2
88,111,2025-01-06 07:00:00,Visual inspection passed.,No Fault,0
88,112,2025-01-06 08:00:00,"Sensors calibrated, readings normal.",No Fault,0
88,115,2025-01-06 11:00:00,"routine check completed, no issues found.",No Fault,0
88,116,2025-01-06 12:00:00,Cooling system check: OK.,No Fault,0
88,117,2025-01-06 13:00:00,Compressor efficiency dropped below 85%.,Fan/Compressor Issue,2
88,119,2025-01-06 15:00:00,"Abnormal sound from shaft, suspect bearing damage.",Bearing Issue,2
88,122,2025-01-06 18:00:00,surge detected in low pressure compressor.,Fan/Compressor Issue,2
88,129,2025-01-07 01:00:00,vibration analysis indicates inner race fault.,Bearing Issue,2
88,132,2025-01-07 04:00:00,"Operator log: shift ended, machine running smoothly.",No Fault,0
88,134,2025-01-07 06:00:00,Audible noise reported from bearing housing.,Bearing Issue,2
88,135,2025-01-07 07:00:00,Visual inspection passed.,No Fault,0
88,142,2025-01-07 14:00:00,temperature sensor t2 reading critical high.,Overheating,3
88,143,2025-01-07 15:00:00,Exhaust gas temperature warning.,Overheating,3
88,146,2025-01-07 18:00:00,Surge detected in low pressure compressor.,Fan/Compressor Issue,2
88,147,2025-01-07 19:00:00,Overheating warning in high pressure turbine.,Overheating,3
88,148,2025-01-07 20:00:00,"coolant pressure drop, potential leak.",Overheating,3
88,166,2025-01-08 14:00:00,System operating within normal parameters.,No Fault,0
89,2,2025-01-05 22:00:00,"Sensors calibrated, readings normal.",No Fault,0
89,3,2025-01-05 23:00:00,"Routine check completed, no issues found.",No Fault,0
89,5,2025-01-06 01:00:00,Scheduled maintenance: oil level checked.,No Fault,0
89,8,2025-01-06 04:00:00,visual inspection passed.,No Fault,0
89,10,2025-01-06 06:00:00,"sensors calibrated, readings normal.",No Fault,0
89,15,2025-01-06 11:00:00,Scheduled maintenance: oil level checked.,No Fault,0
89,17,2025-01-06 13:00:00,overheating warning in high pressure turbine.,Overheating,3
89,20,2025-01-06 16:00:00,visual inspection passed.,No Fault,0
89,25,2025-01-06 21:00:00,overheating warning in high pressure turbine.,Overheating,3
89,27,2025-01-06 23:00:00,Cooling system check: OK.,No Fault,0
89,32,2025-01-07 04:00:00,scheduled maintenance: oil level checked.,No Fault,0
89,35,2025-01-07 07:00:00,Scheduled maintenance: oil level checked.,No Fault,0
89,43,2025-01-07 15:00:00,Visual inspection passed.,No Fault,0
89,47,2025-01-07 19:00:00,Cooling system check: OK.,No Fault,0
89,51,2025-01-07 23:00:00,Cooling system check: OK.,No Fault,0
89,54,2025-01-08 02:00:00,System operating within normal parameters.,No Fault,0
89,61,2025-01-08 09:00:00,"Sensors calibrated, readings normal.",No Fault,0
89,62,2025-01-08 10:00:00,scheduled maintenance: oil level checked.,No Fault,0
89,65,2025-01-08 13:00:00,"Operator log: shift ended, machine running smoothly.",No Fault,0
89,66,2025-01-08 14:00:00,cooling system check: ok.,No Fault,0
89,73,2025-01-08 21:00:00,"Sensors calibrated, readings normal.",No Fault,0
89,78,2025-01-09 02:00:00,scheduled maintenance: oil level checked.,No Fault,0
89,79,2025-01-09 03:00:00,"Operator log: shift ended, machine running smoothly.",No Fault,0
89,82,2025-01-09 06:00:00,visual inspection passed.,No Fault,0
89,84,2025-01-09 08:00:00,"Sensors calibrated, readings normal.",No Fault,0
89,88,2025-01-09 12:00:00,Cooling system check: OK.,No Fault,0
89,100,2025-01-10 00:00:00,Cooling system check: OK.,No Fault,0
89,101,2025-01-10 01:00:00,cooling system check: ok.,No Fault,0
89,104,2025-01-10 04:00:00,"operator log: shift ended, machine running smoothly.",No Fault,0
89,106,2025-01-10 06:00:00,visual inspection passed.,No Fault,0
89,107,2025-01-10 07:00:00,visual inspection passed.,No Fault,0
89,112,2025-01-10 12:00:00,Cooling system check: OK.,No Fault,0
89,118,2025-01-10 18:00:00,System operating within normal parameters.,No Fault,0
89,124,2025-01-11 00:00:00,"Operator log: shift ended, machine running smoothly.",No Fault,0
89,128,2025-01-11 04:00:00,"Routine check completed, no issues found.",No Fault,0
89,129,2025-01-11 05:00:00,scheduled maintenance: oil level checked.,No Fault,0
89,131,2025-01-11 07:00:00,fan blade vibration high.,Fan/Compressor Issue,2
89,132,2025-01-11 08:00:00,System operating within normal parameters.,No Fault,0
89,134,2025-01-11 10:00:00,"operator log: shift ended, machine running smoothly.",No Fault,0
89,136,2025-01-11 12:00:00,"routine check completed, no issues found.",No Fault,0
89,138,2025-01-11 14:00:00,Visual inspection passed.,No Fault,0
89,146,2025-01-11 22:00:00,"Sensors calibrated, readings normal.",No Fault,0
89,150,2025-01-12 02:00:00,"operator log: shift ended, machine running smoothly.",No Fault,0
89,159,2025-01-12 11:00:00,Overheating warning in high pressure turbine.,Overheating,3
89,163,2025-01-12 15:00:00,"Coolant pressure drop, potential leak.",Overheating,3
89,166,2025-01-12 18:00:00,cooling system check: ok.,No Fault,0
89,169,2025-01-12 21:00:00,"thermal runaway risk, shutdown initiated for cooling.",Overheating,3
89,182,2025-01-13 10:00:00,audible noise reported from bearing housing.,Bearing Issue,2
89,187,2025-01-13 15:00:00,Vibration analysis indicates inner race fault.,Bearing Issue,2
89,189,2025-01-13 17:00:00,Visual inspection passed.,No Fault,0
89,190,2025-01-13 18:00:00,"Operator log: shift ended, machine running smoothly.",No Fault,0
89,199,2025-01-14 03:00:00,Audible noise reported from bearing housing.,Bearing Issue,2
89,200,2025-01-14 04:00:00,Compressor stall detected.,Fan/Compressor Issue,2
89,204,2025-01-14 08:00:00,"abnormal sound from shaft, suspect bearing damage.",Bearing Issue,2
89,207,2025-01-14 11:00:00,High vibration detected in main bearing.,Bearing Issue,2
89,217,2025-01-14 21:00:00,Scheduled maintenance: oil level checked.,No Fault,0
89,221,2025-01-15 01:00:00,Overheating warning in high pressure turbine.,Overheating,3
89,226,2025-01-15 06:00:00,Fan blade vibration high.,Fan/Compressor Issue,2
89,232,2025-01-15 12:00:00,"Operator log: shift ended, machine running smoothly.",No Fault,0
89,236,2025-01-15 16:00:00,"Operator log: shift ended, machine running smoothly.",No Fault,0
89,240,2025-01-15 20:00:00,bearing temperature exceeding threshold.,Bearing Issue,2
90,2,2025-01-10 02:00:00,cooling system check: ok.,No Fault,0
90,4,2025-01-10 04:00:00,visual inspection passed.,No Fault,0
90,6,2025-01-10 06:00:00,visual inspection passed.,No Fault,0
90,23,2025-01-10 23:00:00,Cooling system check: OK.,No Fault,0
90,24,2025-01-11 00:00:00,high vibration detected in main bearing.,Bearing Issue,2
90,45,2025-01-11 21:00:00,"Routine check completed, no issues found.",No Fault,0
90,47,2025-01-11 23:00:00,System operating within normal parameters.,No Fault,0
90,49,2025-01-12 01:00:00,Visual inspection passed.,No Fault,0
90,50,2025-01-12 02:00:00,system operating within normal parameters.,No Fault,0
90,51,2025-01-12 03:00:00,fan balance check failed.,Fan/Compressor Issue,2
90,57,2025-01-12 09:00:00,Overheating warning in high pressure turbine.,Overheating,3
90,58,2025-01-12 10:00:00,"Sensors calibrated, readings normal.",No Fault,0
90,60,2025-01-12 12:00:00,Airflow obstruction in intake.,Fan/Compressor Issue,2
90,61,2025-01-12 13:00:00,"sensors calibrated, readings normal.",No Fault,0
90,73,2025-01-13 01:00:00,Visual inspection passed.,No Fault,0
90,74,2025-01-13 02:00:00,"Sensors calibrated, readings normal.",No Fault,0
90,89,2025-01-13 17:00:00,Cooling system check: OK.,No Fault,0
90,90,2025-01-13 18:00:00,system operating within normal parameters.,No Fault,0
90,94,2025-01-13 22:00:00,Compressor efficiency dropped below 85%.,Fan/Compressor Issue,2
90,95,2025-01-13 23:00:00,scheduled maintenance: oil level checked.,No Fault,0
90,99,2025-01-14 03:00:00,"Operator log: shift ended, machine running smoothly.",No Fault,0
90,100,2025-01-14 04:00:00,"Sensors calibrated, readings normal.",No Fault,0
90,108,2025-01-14 12:00:00,temperature sensor t2 reading critical high.,Overheating,3
90,114,2025-01-14 18:00:00,high vibration detected in main bearing.,Bearing Issue,2
90,118,2025-01-14 22:00:00,system operating within normal parameters.,No Fault,0
90,119,2025-01-14 23:00:00,"Sensors calibrated, readings normal.",No Fault,0
90,120,2025-01-15 00:00:00,"Sensors calibrated, readings normal.",No Fault,0
90,125,2025-01-15 05:00:00,Audible noise reported from bearing housing.,Bearing Issue,2
90,132,2025-01-15 12:00:00,bearing temperature exceeding threshold.,Bearing Issue,2
90,136,2025-01-15 16:00:00,Scheduled maintenance: oil level checked.,No Fault,0
90,138,2025-01-15 18:00:00,Compressor efficiency dropped below 85%.,Fan/Compressor Issue,2
90,139,2025-01-15 19:00:00,Bearing temperature exceeding threshold.,Bearing Issue,2
90,153,2025-01-16 09:00:00,"Abnormal sound from shaft, suspect bearing damage.",Bearing Issue,2
90,156,2025-01-16 12:00:00,"Operator log: shift ended, machine running smoothly.",No Fault,0
90,157,2025-01-16 13:00:00,High vibration detected in main bearing.,Bearing Issue,2
90,160,2025-01-16 16:00:00,"lubrication low, potential bearing wear.",Bearing Issue,2
91,1,2025-01-14 05:00:00,System operating within normal parameters.,No Fault,0
91,5,2025-01-14 09:00:00,System operating within normal parameters.,No Fault,0
91,15,2025-01-14 19:00:00,"Sensors calibrated, readings normal.",No Fault,0
91,18,2025-01-14 22:00:00,Visual inspection passed.,No Fault,0
91,21,2025-01-15 01:00:00,Visual inspection passed.,No Fault,0
91,24,2025-01-15 04:00:00,"operator log: shift ended, machine running smoothly.",No Fault,0
91,37,2025-01-15 17:00:00,"routine check completed, no issues found.",No Fault,0
91,40,2025-01-15 20:00:00,Fan balance check failed.,Fan/Compressor Issue,2
91,42,2025-01-15 22:00:00,"routine check completed, no issues found.",No Fault,0
91,52,2025-01-16 08:00:00,Cooling system check: OK.,No Fault,0
91,53,2025-01-16 09:00:00,"sensors calibrated, readings normal.",No Fault,0
91,56,2025-01-16 12:00:00,System operating within normal parameters.,No Fault,0
91,58,2025-01-16 14:00:00,Cooling system check: OK.,No Fault,0
91,59,2025-01-16 15:00:00,System operating within normal parameters.,No Fault,0
91,63,2025-01-16 19:00:00,cooling system check: ok.,No Fault,0
91,70,2025-01-17 02:00:00,System operating within normal parameters.,No Fault,0
91,74,2025-01-17 06:00:00,Scheduled maintenance: oil level checked.,No Fault,0
91,82,2025-01-17 14:00:00,"Sensors calibrated, readings normal.",No Fault,0
91,85,2025-01-17 17:00:00,"Sensors calibrated, readings normal.",No Fault,0
91,88,2025-01-17 20:00:00,"operator log: shift ended, machine running smoothly.",No Fault,0
91,99,2025-01-18 07:00:00,System operating within normal parameters.,No Fault,0
91,101,2025-01-18 09:00:00,"Operator log: shift ended, machine running smoothly.",No Fault,0
91,109,2025-01-18 17:00:00,visual inspection passed.,No Fault,0
91,112,2025-01-18 20:00:00,"Sensors calibrated, readings normal.",No Fault,0
91,122,2025-01-19 06:00:00,"Abnormal sound from shaft, suspect bearing damage.",Bearing Issue,2
91,123,2025-01-19 07:00:00,System operating within normal parameters.,No Fault,0
91,126,2025-01-19 10:00:00,Visual inspection passed.,No Fault,0
91,134,2025-01-19 18:00:00,"Operator log: shift ended, machine running smoothly.",No Fault,0
91,135,2025-01-19 19:00:00,"Routine check completed, no issues found.",No Fault,0
91,140,2025-01-20 00:00:00,"Sensors calibrated, readings normal.",No Fault,0
91,144,2025-01-20 04:00:00,Compressor efficiency dropped below 85%.,Fan/Compressor Issue,2
91,145,2025-01-20 05:00:00,Overheating warning in high pressure turbine.,Overheating,3
91,150,2025-01-20 10:00:00,"Sensors calibrated, readings normal.",No Fault,0
91,154,2025-01-20 14:00:00,"Operator log: shift ended, machine running smoothly.",No Fault,0
91,162,2025-01-20 22:00:00,System operating within normal parameters.,No Fault,0
91,171,2025-01-21 07:00:00,Scheduled maintenance: oil level checked.,No Fault,0
91,189,2025-01-22 01:00:00,Scheduled maintenance: oil level checked.,No Fault,0
91,192,2025-01-22 04:00:00,Temperature sensor T2 reading critical high.,Overheating,3
91,196,2025-01-22 08:00:00,Compressor efficiency dropped below 85%.,Fan/Compressor Issue,2
91,197,2025-01-22 09:00:00,Scheduled maintenance: oil level checked.,No Fault,0
91,205,2025-01-22 17:00:00,Visual inspection passed.,No Fault,0
91,206,2025-01-22 18:00:00,Visual inspection passed.,No Fault,0
91,211,2025-01-22 23:00:00,system operating within normal parameters.,No Fault,0
91,214,2025-01-23 02:00:00,"Sensors calibrated, readings normal.",No Fault,0
91,215,2025-01-23 03:00:00,"Lubrication low, potential bearing wear.",Bearing Issue,2
91,217,2025-01-23 05:00:00,"lubrication low, potential bearing wear.",Bearing Issue,2
91,221,2025-01-23 09:00:00,overheating warning in high pressure turbine.,Overheating,3
91,229,2025-01-23 17:00:00,Visual inspection passed.,No Fault,0
91,230,2025-01-23 18:00:00,Compressor efficiency dropped below 85%.,Fan/Compressor Issue,2
91,252,2025-01-24 16:00:00,Vibration analysis indicates inner race fault.,Bearing Issue,2
91,260,2025-01-25 00:00:00,Scheduled maintenance: oil level checked.,No Fault,0
91,266,2025-01-25 06:00:00,Heat exchanger efficiency low.,Overheating,3
92,1,2025-01-18 09:00:00,"Abnormal sound from shaft, suspect bearing damage.",Bearing Issue,2
92,7,2025-01-18 15:00:00,Cooling system check: OK.,No Fault,0
92,17,2025-01-19 01:00:00,Temperature sensor T2 reading critical high.,Overheating,3
92,24,2025-01-19 08:00:00,"Sensors calibrated, readings normal.",No Fault,0
92,32,2025-01-19 16:00:00,System operating within normal parameters.,No Fault,0
92,37,2025-01-19 21:00:00,System operating within normal parameters.,No Fault,0
92,44,2025-01-20 04:00:00,Cooling system check: OK.,No Fault,0
92,56,2025-01-20 16:00:00,Cooling system check: OK.,No Fault,0
92,65,2025-01-21 01:00:00,System operating within normal parameters.,No Fault,0
92,66,2025-01-21 02:00:00,heat exchanger efficiency low.,Overheating,3
92,73,2025-01-21 09:00:00,Scheduled maintenance: oil level checked.,No Fault,0
92,78,2025-01-21 14:00:00,"Sensors calibrated, readings normal.",No Fault,0
92,84,2025-01-21 20:00:00,"Operator log: shift ended, machine running smoothly.",No Fault,0
92,85,2025-01-21 21:00:00,Vibration analysis indicates inner race fault.,Bearing Issue,2
92,86,2025-01-21 22:00:00,Cooling system check: OK.,No Fault,0
92,87,2025-01-21 23:00:00,"routine check completed, no issues found.",No Fault,0
92,110,2025-01-22 22:00:00,System operating within normal parameters.,No Fault,0
92,133,2025-01-23 21:00:00,System operating within normal parameters.,No Fault,0
92,144,2025-01-24 08:00:00,"operator log: shift ended, machine running smoothly.",No Fault,0
92,155,2025-01-24 19:00:00,System operating within normal parameters.,No Fault,0
92,156,2025-01-24 20:00:00,Overheating warning in high pressure turbine.,Overheating,3
92,167,2025-01-25 07:00:00,surge detected in low pressure compressor.,Fan/Compressor Issue,2
92,177,2025-01-25 17:00:00,"Lubrication low, potential bearing wear.",Bearing Issue,2
92,181,2025-01-25 21:00:00,"Coolant pressure drop, potential leak.",Overheating,3
92,184,2025-01-26 00:00:00,compressor efficiency dropped below 85%.,Fan/Compressor Issue,2
92,196,2025-01-26 12:00:00,Fan balance check failed.,Fan/Compressor Issue,2
92,199,2025-01-26 15:00:00,Bearing temperature exceeding threshold.,Bearing Issue,2
93,2,2025-01-22 14:00:00,"Operator log: shift ended, machine running smoothly.",No Fault,0
93,7,2025-01-22 19:00:00,visual inspection passed.,No Fault,0
93,10,2025-01-22 22:00:00,"Sensors calibrated, readings normal.",No Fault,0
93,12,2025-01-23 00:00:00,Cooling system check: OK.,No Fault,0
93,14,2025-01-23 02:00:00,"sensors calibrated, readings normal.",No Fault,0
93,16,2025-01-23 04:00:00,"Routine check completed, no issues found.",No Fault,0
93,18,2025-01-23 06:00:00,Scheduled maintenance: oil level checked.,No Fault,0
93,20,2025-01-23 08:00:00,visual inspection passed.,No Fault,0
93,22,2025-01-23 10:00:00,"Routine check completed, no issues found.",No Fault,0
93,42,2025-01-24 06:00:00,"Sensors calibrated, readings normal.",No Fault,0
93,45,2025-01-24 09:00:00,Visual inspection passed.,No Fault,0
93,50,2025-01-24 14:00:00,"Operator log: shift ended, machine running smoothly.",No Fault,0
93,56,2025-01-24 20:00:00,visual inspection passed.,No Fault,0
93,57,2025-01-24 21:00:00,"routine check completed, no issues found.",No Fault,0
93,73,2025-01-25 13:00:00,Visual inspection passed.,No Fault,0
93,77,2025-01-25 17:00:00,"Routine check completed, no issues found.",No Fault,0
93,80,2025-01-25 20:00:00,"Lubrication low, potential bearing wear.",Bearing Issue,2
93,84,2025-01-26 00:00:00,"routine check completed, no issues found.",No Fault,0
93,94,2025-01-26 10:00:00,"Routine check completed, no issues found.",No Fault,0
93,96,2025-01-26 12:00:00,Temperature sensor T2 reading critical high.,Overheating,3
93,100,2025-01-26 16:00:00,Visual inspection passed.,No Fault,0
93,122,2025-01-27 14:00:00,Visual inspection passed.,No Fault,0
93,123,2025-01-27 15:00:00,"Operator log: shift ended, machine running smoothly.",No Fault,0
93,129,2025-01-27 21:00:00,"Operator log: shift ended, machine running smoothly.",No Fault,0
93,131,2025-01-27 23:00:00,Scheduled maintenance: oil level checked.,No Fault,0
93,141,2025-01-28 09:00:00,"routine check completed, no issues found.",No Fault,0
93,154,2025-01-28 22:00:00,Audible noise reported from bearing housing.,Bearing Issue,2
93,155,2025-01-28 23:00:00,scheduled maintenance: oil level checked.,No Fault,0
93,157,2025-01-29 01:00:00,System operating within normal parameters.,No Fault,0
93,163,2025-01-29 07:00:00,System operating within normal parameters.,No Fault,0
93,176,2025-01-29 20:00:00,"routine check completed, no issues found.",No Fault,0
93,178,2025-01-29 22:00:00,"Sensors calibrated, readings normal.",No Fault,0
93,181,2025-01-30 01:00:00,"Sensors calibrated, readings normal.",No Fault,0
93,182,2025-01-30 02:00:00,Compressor efficiency dropped below 85%.,Fan/Compressor Issue,2
93,185,2025-01-30 05:00:00,"sensors calibrated, readings normal.",No Fault,0
93,191,2025-01-30 11:00:00,"Sensors calibrated, readings normal.",No Fault,0
93,193,2025-01-30 13:00:00,"Routine check completed, no issues found.",No Fault,0
93,194,2025-01-30 14:00:00,"abnormal sound from shaft, suspect bearing damage.",Bearing Issue,2
93,195,2025-01-30 15:00:00,"Routine check completed, no issues found.",No Fault,0
93,200,2025-01-30 20:00:00,Scheduled maintenance: oil level checked.,No Fault,0
93,202,2025-01-30 22:00:00,"Sensors calibrated, readings normal.",No Fault,0
93,206,2025-01-31 02:00:00,Airflow obstruction in intake.,Fan/Compressor Issue,2
93,227,2025-01-31 23:00:00,fan blade vibration high.,Fan/Compressor Issue,2
93,230,2025-02-01 02:00:00,Scheduled maintenance: oil level checked.,No Fault,0
93,256,2025-02-02 04:00:00,Airflow obstruction in intake.,Fan/Compressor Issue,2
93,268,2025-02-02 16:00:00,Vibration analysis indicates inner race fault.,Bearing Issue,2
93,269,2025-02-02 17:00:00,"abnormal sound from shaft, suspect bearing damage.",Bearing Issue,2
94,1,2025-01-26 17:00:00,scheduled maintenance: oil level checked.,No Fault,0
94,4,2025-01-26 20:00:00,"Sensors calibrated, readings normal.",No Fault,0
94,5,2025-01-26 21:00:00,compressor stall detected.,Fan/Compressor Issue,2
94,14,2025-01-27 06:00:00,System operating within normal parameters.,No Fault,0
94,15,2025-01-27 07:00:00,system operating within normal parameters.,No Fault,0
94,16,2025-01-27 08:00:00,visual inspection passed.,No Fault,0
94,17,2025-01-27 09:00:00,Scheduled maintenance: oil level checked.,No Fault,0
94,20,2025-01-27 12:00:00,"Sensors calibrated, readings normal.",No Fault,0
94,22,2025-01-27 14:00:00,"Routine check completed, no issues found.",No Fault,0
94,25,2025-01-27 17:00:00,System operating within normal parameters.,No Fault,0
94,28,2025-01-27 20:00:00,fan balance check failed.,Fan/Compressor Issue,2
94,37,2025-01-28 05:00:00,Cooling system check: OK.,No Fault,0
94,40,2025-01-28 08:00:00,System operating within normal parameters.,No Fault,0
94,44,2025-01-28 12:00:00,Scheduled maintenance: oil level checked.,No Fault,0
94,49,2025-01-28 17:00:00,"Routine check completed, no issues found.",No Fault,0
94,50,2025-01-28 18:00:00,"routine check completed, no issues found.",No Fault,0
94,55,2025-01-28 23:00:00,Scheduled maintenance: oil level checked.,No Fault,0
94,58,2025-01-29 02:00:00,"Operator log: shift ended, machine running smoothly.",No Fault,0
94,60,2025-01-29 04:00:00,System operating within normal parameters.,No Fault,0
94,63,2025-01-29 07:00:00,System operating within normal parameters.,No Fault,0
94,64,2025-01-29 08:00:00,"Thermal runaway risk, shutdown initiated for cooling.",Overheating,3
94,66,2025-01-29 10:00:00,"sensors calibrated, readings normal.",No Fault,0
94,67,2025-01-29 11:00:00,visual inspection passed.,No Fault,0
94,69,2025-01-29 13:00:00,System operating within normal parameters.,No Fault,0
94,74,2025-01-29 18:00:00,"Operator log: shift ended, machine running smoothly.",No Fault,0
94,76,2025-01-29 20:00:00,"Operator log: shift ended, machine running smoothly.",No Fault,0
94,81,2025-01-30 01:00:00,Cooling system check: OK.,No Fault,0
94,87,2025-01-30 07:00:00,"Routine check completed, no issues found.",No Fault,0
94,89,2025-01-30 09:00:00,"Operator log: shift ended, machine running smoothly.",No Fault,0
94,90,2025-01-30 10:00:00,System operating within normal parameters.,No Fault,0
94,95,2025-01-30 15:00:00,"routine check completed, no issues found.",No Fault,0
94,106,2025-01-31 02:00:00,Visual inspection passed.,No Fault,0
94,110,2025-01-31 06:00:00,system operating within normal parameters.,No Fault,0
94,114,2025-01-31 10:00:00,vibration analysis indicates inner race fault.,Bearing Issue,2
94,115,2025-01-31 11:00:00,System operating within normal parameters.,No Fault,0
94,120,2025-01-31 16:00:00,Scheduled maintenance: oil level checked.,No Fault,0
94,121,2025-01-31 17:00:00,"Operator log: shift ended, machine running smoothly.",No Fault,0
94,125,2025-01-31 21:00:00,System operating within normal parameters.,No Fault,0
94,129,2025-02-01 01:00:00,overheating warning in high pressure turbine.,Overheating,3
94,132,2025-02-01 04:00:00,"Coolant pressure drop, potential leak.",Overheating,3
94,135,2025-02-01 07:00:00,"operator log: shift ended, machine running smoothly.",No Fault,0
94,136,2025-02-01 08:00:00,"routine check completed, no issues found.",No Fault,0
94,140,2025-02-01 12:00:00,cooling system check: ok.,No Fault,0
94,153,2025-02-02 01:00:00,"Operator log: shift ended, machine running smoothly.",No Fault,0
94,157,2025-02-02 05:00:00,"operator log: shift ended, machine running smoothly.",No Fault,0
94,158,2025-02-02 06:00:00,Scheduled maintenance: oil level checked.,No Fault,0
94,165,2025-02-02 13:00:00,overheating warning in high pressure turbine.,Overheating,3
94,168,2025-02-02 16:00:00,"lubrication low, potential bearing wear.",Bearing Issue,2
94,170,2025-02-02 18:00:00,cooling system check: ok.,No Fault,0
94,173,2025-02-02 21:00:00,"Operator log: shift ended, machine running smoothly.",No Fault,0
94,176,2025-02-03 00:00:00,"abnormal sound from shaft, suspect bearing damage.",Bearing Issue,2
94,177,2025-02-03 01:00:00,"abnormal sound from shaft, suspect bearing damage.",Bearing Issue,2
94,178,2025-02-03 02:00:00,"Routine check completed, no issues found.",No Fault,0
94,182,2025-02-03 06:00:00,Temperature sensor T2 reading critical high.,Overheating,3
94,184,2025-02-03 08:00:00,Compressor efficiency dropped below 85%.,Fan/Compressor Issue,2
94,186,2025-02-03 10:00:00,Vibration analysis indicates inner race fault.,Bearing Issue,2
94,191,2025-02-03 15:00:00,Temperature sensor T2 reading critical high.,Overheating,3
94,193,2025-02-03 17:00:00,Vibration analysis indicates inner race fault.,Bearing Issue,2
94,194,2025-02-03 18:00:00,Vibration analysis indicates inner race fault.,Bearing Issue,2
94,199,2025-02-03 23:00:00,vibration analysis indicates inner race fault.,Bearing Issue,2
94,205,2025-02-04 05:00:00,Bearing temperature exceeding threshold.,Bearing Issue,2
95,1,2025-01-30 21:00:00,"Sensors calibrated, readings normal.",No Fault,0
95,9,2025-01-31 05:00:00,"Operator log: shift ended, machine running smoothly.",No Fault,0
95,16,2025-01-31 12:00:00,"Routine check completed, no issues found.",No Fault,0
95,27,2025-01-31 23:00:00,cooling system check: ok.,No Fault,0
95,29,2025-02-01 01:00:00,Visual inspection passed.,No Fault,0
95,34,2025-02-01 06:00:00,Cooling system check: OK.,No Fault,0
95,58,2025-02-02 06:00:00,Visual inspection passed.,No Fault,0
95,60,2025-02-02 08:00:00,Scheduled maintenance: oil level checked.,No Fault,0
95,67,2025-02-02 15:00:00,visual inspection passed.,No Fault,0
95,73,2025-02-02 21:00:00,Cooling system check: OK.,No Fault,0
95,81,2025-02-03 05:00:00,"Operator log: shift ended, machine running smoothly.",No Fault,0
95,82,2025-02-03 06:00:00,"sensors calibrated, readings normal.",No Fault,0
95,84,2025-02-03 08:00:00,"Routine check completed, no issues found.",No Fault,0
95,87,2025-02-03 11:00:00,cooling system check: ok.,No Fault,0
95,93,2025-02-03 17:00:00,"routine check completed, no issues found.",No Fault,0
95,108,2025-02-04 08:00:00,Visual inspection passed.,No Fault,0
95,114,2025-02-04 14:00:00,"routine check completed, no issues found.",No Fault,0
95,133,2025-02-05 09:00:00,"routine check completed, no issues found.",No Fault,0
95,139,2025-02-05 15:00:00,visual inspection passed.,No Fault,0
95,141,2025-02-05 17:00:00,System operating within normal parameters.,No Fault,0
95,148,2025-02-06 00:00:00,scheduled maintenance: oil level checked.,No Fault,0
95,156,2025-02-06 08:00:00,"Operator log: shift ended, machine running smoothly.",No Fault,0
95,165,2025-02-06 17:00:00,Cooling system check: OK.,No Fault,0
95,168,2025-02-06 20:00:00,Scheduled maintenance: oil level checked.,No Fault,0
95,178,2025-02-07 06:00:00,"Routine check completed, no issues found.",No Fault,0
95,203,2025-02-08 07:00:00,System operating within normal parameters.,No Fault,0
95,212,2025-02-08 16:00:00,Visual inspection passed.,No Fault,0
95,218,2025-02-08 22:00:00,"Lubrication low, potential bearing wear.",Bearing Issue,2
95,220,2025-02-09 00:00:00,fan blade vibration high.,Fan/Compressor Issue,2
95,221,2025-02-09 01:00:00,Audible noise reported from bearing housing.,Bearing Issue,2
95,231,2025-02-09 11:00:00,"Abnormal sound from shaft, suspect bearing damage.",Bearing Issue,2
95,232,2025-02-09 12:00:00,"routine check completed, no issues found.",No Fault,0
95,237,2025-02-09 17:00:00,Airflow obstruction in intake.,Fan/Compressor Issue,2
95,252,2025-02-10 08:00:00,airflow obstruction in intake.,Fan/Compressor Issue,2
95,256,2025-02-10 12:00:00,"sensors calibrated, readings normal.",No Fault,0
95,265,2025-02-10 21:00:00,surge detected in low pressure compressor.,Fan/Compressor Issue,2
96,4,2025-02-04 04:00:00,"Routine check completed, no issues found.",No Fault,0
96,8,2025-02-04 08:00:00,Cooling system check: OK.,No Fault,0
96,9,2025-02-04 09:00:00,Fan blade vibration high.,Fan/Compressor Issue,2
96,11,2025-02-04 11:00:00,"Routine check completed, no issues found.",No Fault,0
96,13,2025-02-04 13:00:00,scheduled maintenance: oil level checked.,No Fault,0
96,14,2025-02-04 14:00:00,"operator log: shift ended, machine running smoothly.",No Fault,0
96,20,2025-02-04 20:00:00,fan blade vibration high.,Fan/Compressor Issue,2
96,21,2025-02-04 21:00:00,"thermal runaway risk, shutdown initiated for cooling.",Overheating,3
96,22,2025-02-04 22:00:00,system operating within normal parameters.,No Fault,0
96,24,2025-02-05 00:00:00,cooling system check: ok.,No Fault,0
96,28,2025-02-05 04:00:00,visual inspection passed.,No Fault,0
96,30,2025-02-05 06:00:00,System operating within normal parameters.,No Fault,0
96,44,2025-02-05 20:00:00,"Operator log: shift ended, machine running smoothly.",No Fault,0
96,47,2025-02-05 23:00:00,Scheduled maintenance: oil level checked.,No Fault,0
96,48,2025-02-06 00:00:00,Scheduled maintenance: oil level checked.,No Fault,0
96,57,2025-02-06 09:00:00,"Sensors calibrated, readings normal.",No Fault,0
96,68,2025-02-06 20:00:00,"routine check completed, no issues found.",No Fault,0
96,69,2025-02-06 21:00:00,Scheduled maintenance: oil level checked.,No Fault,0
96,73,2025-02-07 01:00:00,System operating within normal parameters.,No Fault,0
96,74,2025-02-07 02:00:00,"Routine check completed, no issues found.",No Fault,0
96,79,2025-02-07 07:00:00,Scheduled maintenance: oil level checked.,No Fault,0
96,80,2025-02-07 08:00:00,"operator log: shift ended, machine running smoothly.",No Fault,0
96,100,2025-02-08 04:00:00,Overheating warning in high pressure turbine.,Overheating,3
96,101,2025-02-08 05:00:00,Scheduled maintenance: oil level checked.,No Fault,0
96,102,2025-02-08 06:00:00,Visual inspection passed.,No Fault,0
96,104,2025-02-08 08:00:00,Compressor efficiency dropped below 85%.,Fan/Compressor Issue,2
96,106,2025-02-08 10:00:00,"Sensors calibrated, readings normal.",No Fault,0
96,113,2025-02-08 17:00:00,scheduled maintenance: oil level checked.,No Fault,0
96,119,2025-02-08 23:00:00,"Operator log: shift ended, machine running smoothly.",No Fault,0
96,123,2025-02-09 03:00:00,"Sensors calibrated, readings normal.",No Fault,0
96,130,2025-02-09 10:00:00,System operating within normal parameters.,No Fault,0
96,131,2025-02-09 11:00:00,Bearing temperature exceeding threshold.,Bearing Issue,2
96,138,2025-02-09 18:00:00,"Operator log: shift ended, machine running smoothly.",No Fault,0
96,140,2025-02-09 20:00:00,"Operator log: shift ended, machine running smoothly.",No Fault,0
96,147,2025-02-10 03:00:00,"Operator log: shift ended, machine running smoothly.",No Fault,0
96,162,2025-02-10 18:00:00,Compressor stall detected.,Fan/Compressor Issue,2
96,169,2025-02-11 01:00:00,Cooling system check: OK.,No Fault,0
96,176,2025-02-11 08:00:00,"Thermal runaway risk, shutdown initiated for cooling.",Overheating,3
96,177,2025-02-11 09:00:00,Fan balance check failed.,Fan/Compressor Issue,2
96,178,2025-02-11 10:00:00,"Lubrication low, potential bearing wear.",Bearing Issue,2
96,185,2025-02-11 17:00:00,System operating within normal parameters.,No Fault,0
96,187,2025-02-11 19:00:00,Visual inspection passed.,No Fault,0
96,191,2025-02-11 23:00:00,"routine check completed, no issues found.",No Fault,0
96,194,2025-02-12 02:00:00,Visual inspection passed.,No Fault,0
96,195,2025-02-12 03:00:00,"routine check completed, no issues found.",No Fault,0
96,199,2025-02-12 07:00:00,"operator log: shift ended, machine running smoothly.",No Fault,0
96,209,2025-02-12 17:00:00,Audible noise reported from bearing housing.,Bearing Issue,2
96,213,2025-02-12 21:00:00,surge detected in low pressure compressor.,Fan/Compressor Issue,2
96,214,2025-02-12 22:00:00,"Sensors calibrated, readings normal.",No Fault,0
96,216,2025-02-13 00:00:00,vibration analysis indicates inner race fault.,Bearing Issue,2
96,218,2025-02-13 02:00:00,Exhaust gas temperature warning.,Overheating,3
96,223,2025-02-13 07:00:00,vibration analysis indicates inner race fault.,Bearing Issue,2
96,226,2025-02-13 10:00:00,Vibration analysis indicates inner race fault.,Bearing Issue,2
96,227,2025-02-13 11:00:00,Surge detected in low pressure compressor.,Fan/Compressor Issue,2
96,232,2025-02-13 16:00:00,Audible noise reported from bearing housing.,Bearing Issue,2
96,236,2025-02-13 20:00:00,Overheating warning in high pressure turbine.,Overheating,3
96,238,2025-02-13 22:00:00,"Sensors calibrated, readings normal.",No Fault,0
96,239,2025-02-13 23:00:00,"thermal runaway risk, shutdown initiated for cooling.",Overheating,3
96,247,2025-02-14 07:00:00,audible noise reported from bearing housing.,Bearing Issue,2
96,249,2025-02-14 09:00:00,Exhaust gas temperature warning.,Overheating,3
97,1,2025-02-08 05:00:00,system operating within normal parameters.,No Fault,0
97,2,2025-02-08 06:00:00,"Operator log: shift ended, machine running smoothly.",No Fault,0
97,11,2025-02-08 15:00:00,cooling system check: ok.,No Fault,0
97,16,2025-02-08 20:00:00,"Sensors calibrated, readings normal.",No Fault,0
97,17,2025-02-08 21:00:00,Cooling system check: OK.,No Fault,0
97,18,2025-02-08 22:00:00,Cooling system check: OK.,No Fault,0
97,20,2025-02-09 00:00:00,"Operator log: shift ended, machine running smoothly.",No Fault,0
97,21,2025-02-09 01:00:00,System operating within normal parameters.,No Fault,0
97,22,2025-02-09 02:00:00,Scheduled maintenance: oil level checked.,No Fault,0
97,30,2025-02-09 10:00:00,Scheduled maintenance: oil level checked.,No Fault,0
97,33,2025-02-09 13:00:00,cooling system check: ok.,No Fault,0
97,36,2025-02-09 16:00:00,System operating within normal parameters.,No Fault,0
97,39,2025-02-09 19:00:00,cooling system check: ok.,No Fault,0
97,46,2025-02-10 02:00:00,System operating within normal parameters.,No Fault,0
97,50,2025-02-10 06:00:00,"Routine check completed, no issues found.",No Fault,0
97,63,2025-02-10 19:00:00,"Sensors calibrated, readings normal.",No Fault,0
97,65,2025-02-10 21:00:00,Cooling system check: OK.,No Fault,0
97,68,2025-02-11 00:00:00,Scheduled maintenance: oil level checked.,No Fault,0
97,69,2025-02-11 01:00:00,"Sensors calibrated, readings normal.",No Fault,0
97,72,2025-02-11 04:00:00,system operating within normal parameters.,No Fault,0
97,79,2025-02-11 11:00:00,"abnormal sound from shaft, suspect bearing damage.",Bearing Issue,2
97,80,2025-02-11 12:00:00,Cooling system check: OK.,No Fault,0
97,81,2025-02-11 13:00:00,System operating within normal parameters.,No Fault,0
97,87,2025-02-11 19:00:00,"Operator log: shift ended, machine running smoothly.",No Fault,0
97,90,2025-02-11 22:00:00,"routine check completed, no issues found.",No Fault,0
97,94,2025-02-12 02:00:00,"Routine check completed, no issues found.",No Fault,0
97,95,2025-02-12 03:00:00,visual inspection passed.,No Fault,0
97,96,2025-02-12 04:00:00,Cooling system check: OK.,No Fault,0
97,99,2025-02-12 07:00:00,"sensors calibrated, readings normal.",No Fault,0
97,103,2025-02-12 11:00:00,"Operator log: shift ended, machine running smoothly.",No Fault,0
97,106,2025-02-12 14:00:00,"Sensors calibrated, readings normal.",No Fault,0
97,113,2025-02-12 21:00:00,"Sensors calibrated, readings normal.",No Fault,0
97,114,2025-02-12 22:00:00,Scheduled maintenance: oil level checked.,No Fault,0
97,117,2025-02-13 01:00:00,visual inspection passed.,No Fault,0
97,120,2025-02-13 04:00:00,Scheduled maintenance: oil level checked.,No Fault,0
97,122,2025-02-13 06:00:00,Cooling system check: OK.,No Fault,0
97,127,2025-02-13 11:00:00,"Sensors calibrated, readings normal.",No Fault,0
97,134,2025-02-13 18:00:00,cooling system check: ok.,No Fault,0
97,139,2025-02-13 23:00:00,visual inspection passed.,No Fault,0
97,142,2025-02-14 02:00:00,"Sensors calibrated, readings normal.",No Fault,0
97,147,2025-02-14 07:00:00,"Lubrication low, potential bearing wear.",Bearing Issue,2
97,150,2025-02-14 10:00:00,"Thermal runaway risk, shutdown initiated for cooling.",Overheating,3
97,155,2025-02-14 15:00:00,"Routine check completed, no issues found.",No Fault,0
97,161,2025-02-14 21:00:00,Bearing temperature exceeding threshold.,Bearing Issue,2
97,164,2025-02-15 00:00:00,Heat exchanger efficiency low.,Overheating,3
97,165,2025-02-15 01:00:00,"Abnormal sound from shaft, suspect bearing damage.",Bearing Issue,2
97,166,2025-02-15 02:00:00,Scheduled maintenance: oil level checked.,No Fault,0
97,167,2025-02-15 03:00:00,Audible noise reported from bearing housing.,Bearing Issue,2
97,168,2025-02-15 04:00:00,fan blade vibration high.,Fan/Compressor Issue,2
97,173,2025-02-15 09:00:00,temperature sensor t2 reading critical high.,Overheating,3
97,177,2025-02-15 13:00:00,"operator log: shift ended, machine running smoothly.",No Fault,0
97,178,2025-02-15 14:00:00,"Lubrication low, potential bearing wear.",Bearing Issue,2
97,180,2025-02-15 16:00:00,"Operator log: shift ended, machine running smoothly.",No Fault,0
97,181,2025-02-15 17:00:00,Vibration analysis indicates inner race fault.,Bearing Issue,2
97,184,2025-02-15 20:00:00,bearing temperature exceeding threshold.,Bearing Issue,2
97,190,2025-02-16 02:00:00,System operating within normal parameters.,No Fault,0
97,192,2025-02-16 04:00:00,visual inspection passed.,No Fault,0
97,193,2025-02-16 05:00:00,"Lubrication low, potential bearing wear.",Bearing Issue,2
97,194,2025-02-16 06:00:00,"Lubrication low, potential bearing wear.",Bearing Issue,2
98,4,2025-02-12 12:00:00,"Routine check completed, no issues found.",No Fault,0
98,5,2025-02-12 13:00:00,visual inspection passed.,No Fault,0
98,6,2025-02-12 14:00:00,Visual inspection passed.,No Fault,0
98,7,2025-02-12 15:00:00,"Operator log: shift ended, machine running smoothly.",No Fault,0
98,8,2025-02-12 16:00:00,System operating within normal parameters.,No Fault,0
98,14,2025-02-12 22:00:00,Scheduled maintenance: oil level checked.,No Fault,0
98,16,2025-02-13 00:00:00,Scheduled maintenance: oil level checked.,No Fault,0
98,17,2025-02-13 01:00:00,scheduled maintenance: oil level checked.,No Fault,0
98,22,2025-02-13 06:00:00,Surge detected in low pressure compressor.,Fan/Compressor Issue,2
98,23,2025-02-13 07:00:00,Cooling system check: OK.,No Fault,0
98,27,2025-02-13 11:00:00,Cooling system check: OK.,No Fault,0
98,29,2025-02-13 13:00:00,"Sensors calibrated, readings normal.",No Fault,0
98,30,2025-02-13 14:00:00,"Operator log: shift ended, machine running smoothly.",No Fault,0
98,32,2025-02-13 16:00:00,Scheduled maintenance: oil level checked.,No Fault,0
98,44,2025-02-14 04:00:00,"Routine check completed, no issues found.",No Fault,0
98,45,2025-02-14 05:00:00,"Routine check completed, no issues found.",No Fault,0
98,49,2025-02-14 09:00:00,"operator log: shift ended, machine running smoothly.",No Fault,0
98,54,2025-02-14 14:00:00,"routine check completed, no issues found.",No Fault,0
98,58,2025-02-14 18:00:00,System operating within normal parameters.,No Fault,0
98,59,2025-02-14 19:00:00,"Sensors calibrated, readings normal.",No Fault,0
98,61,2025-02-14 21:00:00,visual inspection passed.,No Fault,0
98,63,2025-02-14 23:00:00,"Routine check completed, no issues found.",No Fault,0
98,65,2025-02-15 01:00:00,visual inspection passed.,No Fault,0
98,66,2025-02-15 02:00:00,"Coolant pressure drop, potential leak.",Overheating,3
98,68,2025-02-15 04:00:00,"routine check completed, no issues found.",No Fault,0
98,70,2025-02-15 06:00:00,Scheduled maintenance: oil level checked.,No Fault,0
98,73,2025-02-15 09:00:00,visual inspection passed.,No Fault,0
98,76,2025-02-15 12:00:00,"Operator log: shift ended, machine running smoothly.",No Fault,0
98,77,2025-02-15 13:00:00,Scheduled maintenance: oil level checked.,No Fault,0
98,81,2025-02-15 17:00:00,System operating within normal parameters.,No Fault,0
98,86,2025-02-15 22:00:00,"Sensors calibrated, readings normal.",No Fault,0
98,90,2025-02-16 02:00:00,"Abnormal sound from shaft, suspect bearing damage.",Bearing Issue,2
98,93,2025-02-16 05:00:00,"Operator log: shift ended, machine running smoothly.",No Fault,0
98,96,2025-02-16 08:00:00,"operator log: shift ended, machine running smoothly.",No Fault,0
98,97,2025-02-16 09:00:00,Overheating warning in high pressure turbine.,Overheating,3
98,98,2025-02-16 10:00:00,"Operator log: shift ended, machine running smoothly.",No Fault,0
98,100,2025-02-16 12:00:00,Cooling system check: OK.,No Fault,0
98,101,2025-02-16 13:00:00,"sensors calibrated, readings normal.",No Fault,0
98,102,2025-02-16 14:00:00,"lubrication low, potential bearing wear.",Bearing Issue,2
98,103,2025-02-16 15:00:00,bearing temperature exceeding threshold.,Bearing Issue,2
98,104,2025-02-16 16:00:00,Compressor stall detected.,Fan/Compressor Issue,2
98,105,2025-02-16 17:00:00,scheduled maintenance: oil level checked.,No Fault,0
98,107,2025-02-16 19:00:00,"Routine check completed, no issues found.",No Fault,0
98,110,2025-02-16 22:00:00,Scheduled maintenance: oil level checked.,No Fault,0
98,113,2025-02-17 01:00:00,scheduled maintenance: oil level checked.,No Fault,0
98,127,2025-02-17 15:00:00,high vibration detected in main bearing.,Bearing Issue,2
98,131,2025-02-17 19:00:00,"Operator log: shift ended, machine running smoothly.",No Fault,0
98,136,2025-02-18 00:00:00,Scheduled maintenance: oil level checked.,No Fault,0
98,137,2025-02-18 01:00:00,System operating within normal parameters.,No Fault,0
98,138,2025-02-18 02:00:00,"Lubrication low, potential bearing wear.",Bearing Issue,2
98,139,2025-02-18 03:00:00,Visual inspection passed.,No Fault,0
98,143,2025-02-18 07:00:00,Audible noise reported from bearing housing.,Bearing Issue,2
98,144,2025-02-18 08:00:00,Scheduled maintenance: oil level checked.,No Fault,0
98,149,2025-02-18 13:00:00,"Thermal runaway risk, shutdown initiated for cooling.",Overheating,3
98,151,2025-02-18 15:00:00,"Coolant pressure drop, potential leak.",Overheating,3
98,154,2025-02-18 18:00:00,"abnormal sound from shaft, suspect bearing damage.",Bearing Issue,2
98,158,2025-02-18 22:00:00,"operator log: shift ended, machine running smoothly.",No Fault,0
98,163,2025-02-19 03:00:00,Bearing temperature exceeding threshold.,Bearing Issue,2
98,165,2025-02-19 05:00:00,bearing temperature exceeding threshold.,Bearing Issue,2
98,169,2025-02-19 09:00:00,airflow obstruction in intake.,Fan/Compressor Issue,2
99,2,2025-02-16 14:00:00,System operating within normal parameters.,No Fault,0
99,6,2025-02-16 18:00:00,"Sensors calibrated, readings normal.",No Fault,0
99,9,2025-02-16 21:00:00,Exhaust gas temperature warning.,Overheating,3
99,10,2025-02-16 22:00:00,System operating within normal parameters.,No Fault,0
99,11,2025-02-16 23:00:00,"Routine check completed, no issues found.",No Fault,0
99,12,2025-02-17 00:00:00,Audible noise reported from bearing housing.,Bearing Issue,2
99,15,2025-02-17 03:00:00,"Routine check completed, no issues found.",No Fault,0
99,21,2025-02-17 09:00:00,Visual inspection passed.,No Fault,0
99,25,2025-02-17 13:00:00,"Routine check completed, no issues found.",No Fault,0
99,28,2025-02-17 16:00:00,Heat exchanger efficiency low.,Overheating,3
99,33,2025-02-17 21:00:00,Visual inspection passed.,No Fault,0
99,35,2025-02-17 23:00:00,"Operator log: shift ended, machine running smoothly.",No Fault,0
99,37,2025-02-18 01:00:00,cooling system check: ok.,No Fault,0
99,38,2025-02-18 02:00:00,Overheating warning in high pressure turbine.,Overheating,3
99,40,2025-02-18 04:00:00,scheduled maintenance: oil level checked.,No Fault,0
99,41,2025-02-18 05:00:00,"Sensors calibrated, readings normal.",No Fault,0
99,42,2025-02-18 06:00:00,"Routine check completed, no issues found.",No Fault,0
99,43,2025-02-18 07:00:00,"Routine check completed, no issues found.",No Fault,0
99,49,2025-02-18 13:00:00,"Operator log: shift ended, machine running smoothly.",No Fault,0
99,51,2025-02-18 15:00:00,Cooling system check: OK.,No Fault,0
99,55,2025-02-18 19:00:00,system operating within normal parameters.,No Fault,0
99,59,2025-02-18 23:00:00,"Routine check completed, no issues found.",No Fault,0
99,62,2025-02-19 02:00:00,Compressor efficiency dropped below 85%.,Fan/Compressor Issue,2
99,64,2025-02-19 04:00:00,System operating within normal parameters.,No Fault,0
99,66,2025-02-19 06:00:00,visual inspection passed.,No Fault,0
99,68,2025-02-19 08:00:00,Cooling system check: OK.,No Fault,0
99,69,2025-02-19 09:00:00,System operating within normal parameters.,No Fault,0
99,70,2025-02-19 10:00:00,Cooling system check: OK.,No Fault,0
99,75,2025-02-19 15:00:00,System operating within normal parameters.,No Fault,0
99,83,2025-02-19 23:00:00,visual inspection passed.,No Fault,0
99,84,2025-02-20 00:00:00,"sensors calibrated, readings normal.",No Fault,0
99,87,2025-02-20 03:00:00,"Routine check completed, no issues found.",No Fault,0
99,90,2025-02-20 06:00:00,"Sensors calibrated, readings normal.",No Fault,0
99,91,2025-02-20 07:00:00,cooling system check: ok.,No Fault,0
99,93,2025-02-20 09:00:00,scheduled maintenance: oil level checked.,No Fault,0
99,104,2025-02-20 20:00:00,Cooling system check: OK.,No Fault,0
99,108,2025-02-21 00:00:00,"abnormal sound from shaft, suspect bearing damage.",Bearing Issue,2
99,110,2025-02-21 02:00:00,Cooling system check: OK.,No Fault,0
99,111,2025-02-21 03:00:00,System operating within normal parameters.,No Fault,0
99,112,2025-02-21 04:00:00,"Lubrication low, potential bearing wear.",Bearing Issue,2
99,114,2025-02-21 06:00:00,"Routine check completed, no issues found.",No Fault,0
99,116,2025-02-21 08:00:00,Scheduled maintenance: oil level checked.,No Fault,0
99,126,2025-02-21 18:00:00,visual inspection passed.,No Fault,0
99,128,2025-02-21 20:00:00,high vibration detected in main bearing.,Bearing Issue,2
99,131,2025-02-21 23:00:00,Exhaust gas temperature warning.,Overheating,3
99,132,2025-02-22 00:00:00,airflow obstruction in intake.,Fan/Compressor Issue,2
99,137,2025-02-22 05:00:00,Compressor stall detected.,Fan/Compressor Issue,2
99,140,2025-02-22 08:00:00,"abnormal sound from shaft, suspect bearing damage.",Bearing Issue,2
99,141,2025-02-22 09:00:00,Surge detected in low pressure compressor.,Fan/Compressor Issue,2
99,144,2025-02-22 12:00:00,Audible noise reported from bearing housing.,Bearing Issue,2
99,145,2025-02-22 13:00:00,Visual inspection passed.,No Fault,0
99,148,2025-02-22 16:00:00,Visual inspection passed.,No Fault,0
99,154,2025-02-22 22:00:00,Bearing temperature exceeding threshold.,Bearing Issue,2
99,155,2025-02-22 23:00:00,heat exchanger efficiency low.,Overheating,3
99,156,2025-02-23 00:00:00,Audible noise reported from bearing housing.,Bearing Issue,2
99,157,2025-02-23 01:00:00,"Sensors calibrated, readings normal.",No Fault,0
100,6,2025-02-20 22:00:00,"Operator log: shift ended, machine running smoothly.",No Fault,0
100,7,2025-02-20 23:00:00,Scheduled maintenance: oil level checked.,No Fault,0
100,13,2025-02-21 05:00:00,High vibration detected in main bearing.,Bearing Issue,2
100,14,2025-02-21 06:00:00,Visual inspection passed.,No Fault,0
100,23,2025-02-21 15:00:00,"routine check completed, no issues found.",No Fault,0
100,26,2025-02-21 18:00:00,Cooling system check: OK.,No Fault,0
100,30,2025-02-21 22:00:00,Scheduled maintenance: oil level checked.,No Fault,0
100,34,2025-02-22 02:00:00,"Operator log: shift ended, machine running smoothly.",No Fault,0
100,35,2025-02-22 03:00:00,"Sensors calibrated, readings normal.",No Fault,0
100,45,2025-02-22 13:00:00,"Operator log: shift ended, machine running smoothly.",No Fault,0
100,48,2025-02-22 16:00:00,System operating within normal parameters.,No Fault,0
100,50,2025-02-22 18:00:00,"Sensors calibrated, readings normal.",No Fault,0
100,54,2025-02-22 22:00:00,Scheduled maintenance: oil level checked.,No Fault,0
100,57,2025-02-23 01:00:00,System operating within normal parameters.,No Fault,0
100,59,2025-02-23 03:00:00,Scheduled maintenance: oil level checked.,No Fault,0
100,67,2025-02-23 11:00:00,"Operator log: shift ended, machine running smoothly.",No Fault,0
100,68,2025-02-23 12:00:00,System operating within normal parameters.,No Fault,0
100,77,2025-02-23 21:00:00,Scheduled maintenance: oil level checked.,No Fault,0
100,78,2025-02-23 22:00:00,"Operator log: shift ended, machine running smoothly.",No Fault,0
100,80,2025-02-24 00:00:00,scheduled maintenance: oil level checked.,No Fault,0
100,92,2025-02-24 12:00:00,visual inspection passed.,No Fault,0
100,99,2025-02-24 19:00:00,"Routine check completed, no issues found.",No Fault,0
100,100,2025-02-24 20:00:00,Visual inspection passed.,No Fault,0
100,104,2025-02-25 00:00:00,Scheduled maintenance: oil level checked.,No Fault,0
100,105,2025-02-25 01:00:00,"Sensors calibrated, readings normal.",No Fault,0
100,109,2025-02-25 05:00:00,Scheduled maintenance: oil level checked.,No Fault,0
100,118,2025-02-25 14:00:00,"routine check completed, no issues found.",No Fault,0
100,123,2025-02-25 19:00:00,System operating within normal parameters.,No Fault,0
100,133,2025-02-26 05:00:00,cooling system check: ok.,No Fault,0
100,150,2025-02-26 22:00:00,Visual inspection passed.,No Fault,0
100,152,2025-02-27 00:00:00,"Operator log: shift ended, machine running smoothly.",No Fault,0
100,155,2025-02-27 03:00:00,Visual inspection passed.,No Fault,0
100,158,2025-02-27 06:00:00,"Coolant pressure drop, potential leak.",Overheating,3
100,168,2025-02-27 16:00:00,"Operator log: shift ended, machine running smoothly.",No Fault,0
100,172,2025-02-27 20:00:00,scheduled maintenance: oil level checked.,No Fault,0
100,173,2025-02-27 21:00:00,Visual inspection passed.,No Fault,0
100,179,2025-02-28 03:00:00,"Operator log: shift ended, machine running smoothly.",No Fault,0
100,186,2025-02-28 10:00:00,"Lubrication low, potential bearing wear.",Bearing Issue,2
100,187,2025-02-28 11:00:00,Bearing temperature exceeding threshold.,Bearing Issue,2
100,192,2025-02-28 16:00:00,scheduled maintenance: oil level checked.,No Fault,0
100,195,2025-02-28 19:00:00,surge detected in low pressure compressor.,Fan/Compressor Issue,2
100,199,2025-02-28 23:00:00,high vibration detected in main bearing.,Bearing Issue,2
100,201,2025-03-01 01:00:00,Audible noise reported from bearing housing.,Bearing Issue,2
100,213,2025-03-01 13:00:00,Scheduled maintenance: oil level checked.,No Fault,0
100,221,2025-03-01 21:00:00,Bearing temperature exceeding threshold.,Bearing Issue,2
100,225,2025-03-02 01:00:00,"Sensors calibrated, readings normal.",No Fault,0
100,226,2025-03-02 02:00:00,High vibration detected in main bearing.,Bearing Issue,2
100,228,2025-03-02 04:00:00,High vibration detected in main bearing.,Bearing Issue,2
100,231,2025-03-02 07:00:00,System operating within normal parameters.,No Fault,0
100,238,2025-03-02 14:00:00,fan blade vibration high.,Fan/Compressor Issue,2
100,257,2025-03-03 09:00:00,Vibration analysis indicates inner race fault.,Bearing Issue,2
100,263,2025-03-03 15:00:00,Scheduled maintenance: oil level checked.,No Fault,0
100,268,2025-03-03 20:00:00,Compressor stall detected.,Fan/Compressor Issue,2
100,273,2025-03-04 01:00:00,Bearing temperature exceeding threshold.,Bearing Issue,2
100,274,2025-03-04 02:00:00,overheating warning in high pressure turbine.,Overheating,3
100,275,2025-03-04 03:00:00,High vibration detected in main bearing.,Bearing Issue,2
100,276,2025-03-04 04:00:00,"Sensors calibrated, readings normal.",No Fault,0
100,277,2025-03-04 05:00:00,"Sensors calibrated, readings normal.",No Fault,0
100,288,2025-03-04 16:00:00,Exhaust gas temperature warning.,Overheating,3
100,290,2025-03-04 18:00:00,Cooling system check: OK.,No Fault,0
100,293,2025-03-04 21:00:00,Heat exchanger efficiency low.,Overheating,3
